﻿<?xml version="1.0" encoding="utf-8"?><!DOCTYPE Regulation PUBLIC "-//Justice Canada//DTD Regulation v1.2.2//EN" "Dtd/Regulations/Version_1.2.2/regulation.dtd"><Regulation regulation-type="SOR" xml:lang="en"><Identification><InstrumentNumber>C.R.C., c. 1050</InstrumentNumber><ConsolidationDate><Date><YYYY>2018</YYYY><MM>07</MM><DD>06</DD></Date></ConsolidationDate><LastModifiedDate><Date><YYYY>2005</YYYY><MM>7</MM><DD>19</DD></Date></LastModifiedDate><EnablingAuthority><XRefExternal reference-type="act">NATIONAL DEFENCE ACT</XRefExternal></EnablingAuthority><ShortTitle>Reserve Forces Training Leave Regulations</ShortTitle><LongTitle>Regulations Respecting Training Leave for Reserve Forces</LongTitle></Identification><Body><Heading level="1"><TitleText>Short Title</TitleText></Heading><Section><Label>1</Label><Text>These Regulations may be cited as the <XRefExternal reference-type="regulation">Reserve Forces Training Leave Regulations</XRefExternal>.</Text></Section><Heading level="1"><TitleText>Interpretation</TitleText></Heading><Section><Label>2</Label><Text>In these Regulations,</Text><Definition generate-in-text="no"><Text><DefinedTermEn>Act</DefinedTermEn> means the <XRefExternal reference-type="act">National Defence Act</XRefExternal>; (<DefinedTermFr>Loi</DefinedTermFr>)</Text></Definition><Definition generate-in-text="no"><Text><DefinedTermEn>Reserves</DefinedTermEn> means that component of the Canadian Forces referred to in the Act as the reserve force. (<DefinedTermFr>réserve</DefinedTermFr>)</Text></Definition></Section><Heading level="1"><TitleText>Leave for Reserve Training</TitleText></Heading><Section><Label>3</Label><Text>Any person employed in the public service of Canada may be granted leave of absence</Text><Paragraph><Label>(a)</Label><Text>during the period that, as a member of the Reserves, he is required to be absent from his civil position while</Text><Subparagraph><Label>(i)</Label><Text>taking annual training,</Text></Subparagraph><Subparagraph><Label>(ii)</Label><Text>attending essential service parades,</Text></Subparagraph><Subparagraph><Label>(iii)</Label><Text>on duty necessitated by the declaration of a disaster pursuant to section 34 of the Act,</Text></Subparagraph><Subparagraph><Label>(iv)</Label><Text>on duty with his unit to combat a local emergency such as flood or fire when a disaster has not been declared,</Text></Subparagraph><Subparagraph><Label>(v)</Label><Text>on duty or reserve training when called out or ordered for duty or training pursuant to section 33 of the Act,</Text></Subparagraph><Subparagraph><Label>(vi)</Label><Text>taking a prescribed course for the purpose of qualifying for a higher rank;</Text></Subparagraph></Paragraph><Paragraph><Label>(b)</Label><Text>during the period that he is required to be absent from his civil position while serving as an officer or instructor in any of the authorized cadet organizations of Canada, for the purposes set forth in subparagraphs (a)(i), (ii) and (vi); and</Text></Paragraph><Paragraph><Label>(c)</Label><Text>during the period that he is attending as a delegate meetings of service associations or the conference of Defence Associations.</Text></Paragraph></Section><Section><Label>4</Label><Subsection><Label>(1)</Label><Text>Subject to subsection (2), every person granted leave pursuant to subparagraph 3(a)(i), (ii), (iii) or (iv), or paragraph 3(b) or (c), shall be paid one rate of pay only, either civil pay or Canadian Forces pay and allowances appropriate to his military rank and status.</Text></Subsection><Subsection><Label>(2)</Label><Text>Nothing herein contained shall preclude an employee from receiving Canadian Forces pay in addition to his civil pay for any period of service performed pursuant to these Regulations while he is on annual or vacation leave.</Text></Subsection></Section><Section><Label>5</Label><Text>Leave to be granted pursuant to subparagraph 3(a)(v) or (vi) shall be subject to the approval of the deputy head of the department of government or the officer in charge of the branch of the public service in which the applicant for such leave is employed and, when granted, shall be without pay.</Text></Section><Section><Label>6</Label><Text>Where an employee elects to be paid civil pay for service performed other than during annual or vacation leave, a certificate in the form provided for the purpose shall be completed and distributed as indicated thereon.</Text></Section><Section><Label>7</Label><Text>Any person who is injured or is incapacitated because of illness while on leave of absence pursuant to these Regulations shall not, except as provided by subsection 4(2), be paid civil pay in addition to the pay and allowances provided for the period of hospitalization and incapacitation in regulations made by the Governor in Council under the Act; if such person is granted sick leave with pay pursuant to the <XRefExternal reference-type="regulation">Public Service Terms and Conditions of Employment Regulations</XRefExternal> or other such regulations as may be applicable, he may be paid such part of his civil pay as, when added to the said pay and allowances, will equal the amount of his civil pay.</Text></Section><Section><Label>8</Label><Subsection><Label>(1)</Label><Text>Leave of absence granted under these Regulations to a permanent employee shall not affect the seniority of such employee, nor shall it affect or defer the effective date of any increase in compensation for which such employee may be eligible.</Text></Subsection><Subsection><Label>(2)</Label><Text>Leave of absence granted under these Regulations to a temporary employee shall not affect the seniority of such employee nor preclude his permanent appointment being made as of the date upon which he may be eligible for permanent appointment, nor shall it affect or defer the effective date of any increase in compensation for which such employee may be eligible.</Text></Subsection></Section><Section><Label>9</Label><Text>These Regulations do not apply to personnel placed on active service pursuant to section 31 of the Act.</Text></Section></Body></Regulation>