﻿<?xml version="1.0" encoding="utf-8"?><!DOCTYPE Regulation PUBLIC "-//Justice Canada//DTD Regulation v1.2.2//EN" "Dtd/Regulations/Version_1.2.2/regulation.dtd"><Regulation regulation-type="SOR" xml:lang="en"><Identification><InstrumentNumber>C.R.C., c. 440</InstrumentNumber><ConsolidationDate><Date><YYYY>2018</YYYY><MM>07</MM><DD>06</DD></Date></ConsolidationDate><LastModifiedDate><Date><YYYY>2005</YYYY><MM>7</MM><DD>4</DD></Date></LastModifiedDate><EnablingAuthority><XRefExternal reference-type="act">CRIMINAL CODE</XRefExternal></EnablingAuthority><ShortTitle>Protection of Privacy Regulations</ShortTitle><LongTitle>Regulations Prescribing the Manner of Certification of Certain Matters Relating to the Interception of Private Communications under Authorizations</LongTitle></Identification><Body><Heading level="1"><TitleText>Short Title</TitleText></Heading><Section><Label>1</Label><Text>These Regulations may be cited as the <XRefExternal reference-type="regulation">Protection of Privacy Regulations</XRefExternal>.</Text></Section><Heading level="1"><TitleText>General</TitleText></Heading><Section><Label>2</Label><Text>For the purposes of subsection 178.23(1) of the <XRefExternal reference-type="act">Criminal Code</XRefExternal>, the Attorney General of a province who gave a notice required to be given by that subsection, or the Solicitor General of Canada where the notice was given by him, shall certify to the court that issued the authorization that such notice was given by filing with a judge of the court a certificate signed by the person who gave the notice specifying</Text><Paragraph><Label>(a)</Label><Text>the name and address of the person who was the object of the interception;</Text></Paragraph><Paragraph><Label>(b)</Label><Text>the date on which the authorization and any renewal thereof expired;</Text></Paragraph><Paragraph><Label>(c)</Label><Text>if any delay for the giving of notice was granted under section 178.23 or subsection 178.12(3) of the <XRefExternal reference-type="act">Criminal Code</XRefExternal>, the period of such delay; and</Text></Paragraph><Paragraph><Label>(d)</Label><Text>the date, place and method of the giving of the notice. </Text></Paragraph><HistoricalNote>SOR/81-859, s. 1.</HistoricalNote></Section><Section><Label>3</Label><Text><Repealed>[Revoked, SOR/81-859, s. 2]</Repealed></Text></Section><Section><Label>4</Label><Text>A certificate filed pursuant to section 2 shall be treated as a confidential document, shall be placed in a packet, sealed by the judge with whom it is filed and kept with the packet sealed pursuant to section 178.14 of the <XRefExternal reference-type="act">Criminal Code</XRefExternal> that relates to the authorization to which the certificate relates. </Text><HistoricalNote>SOR/81-859, s. 3.</HistoricalNote></Section></Body></Regulation>