﻿<?xml version="1.0" encoding="utf-8"?><!DOCTYPE Regulation PUBLIC "-//Justice Canada//DTD Regulation v1.2.2//EN" "Dtd/Regulations/Version_1.2.2/regulation.dtd"><Regulation regulation-type="SOR" xml:lang="en"><Identification><InstrumentNumber>C.R.C., c. 647</InstrumentNumber><ConsolidationDate><Date><YYYY>2018</YYYY><MM>07</MM><DD>06</DD></Date></ConsolidationDate><LastModifiedDate><Date><YYYY>2010</YYYY><MM>2</MM><DD>19</DD></Date></LastModifiedDate><EnablingAuthority><XRefExternal reference-type="act">FARM PRODUCTS AGENCIES ACT</XRefExternal></EnablingAuthority><LongTitle>Canadian Turkey Marketing Agency Proclamation</LongTitle></Identification><Order><Provision format-ref="indent-0-0" language-align="yes" list-item="no"><Text>Know You that We, by and with the advice of Our Privy Council for Canada, do by this Our Proclamation establish an agency to be known as the Canadian Turkey Marketing Agency, consisting of eleven members appointed in the manner and for the terms set out in the schedule hereto.</Text><HistoricalNote>SOR/96-139, s. 1.</HistoricalNote></Provision><Provision format-ref="indent-0-0" language-align="yes" list-item="no"><Text>And Know You Further that We are pleased to specify that the farm product in relation to which the Canadian Turkey Marketing Agency may exercise its powers is turkeys and any part thereof and such powers may be exercised in relation to turkeys and any part thereof produced in the Provinces of Nova Scotia, New Brunswick, Quebec, Ontario, Manitoba, Saskatchewan, Alberta and British Columbia, and anywhere in Canada outside the said provinces for shipment into those provinces in interprovincial trade and not for export.</Text><HistoricalNote>SOR/82-160, s. 1.</HistoricalNote></Provision><Provision format-ref="indent-0-0" language-align="yes" list-item="no"><Text>And Know You Further that We are pleased to specify that the manner of designation of the chairman and vice-chairman of the Canadian Turkey Marketing Agency, the place within Canada where the head office of the Agency is situated and the terms of the marketing plan that the Agency is empowered to implement shall be as set forth in the schedule hereto.</Text></Provision><Provision format-ref="indent-0-0" language-align="yes" list-item="no"><Text>And Know You Further that We are pleased to specify that this Proclamation and the schedule hereto may be cited as the <XRefExternal reference-type="regulation">Canadian Turkey Marketing Agency Proclamation</XRefExternal>.</Text></Provision></Order><Schedule spanlanguages="no" bilingual="no"><ScheduleFormHeading><Label>SCHEDULE</Label></ScheduleFormHeading><RegulationPiece><Section><Label>1</Label><Text>In this Schedule,</Text><Definition generate-in-text="no"><Text><DefinedTermEn>Act</DefinedTermEn> means the <XRefExternal reference-type="act">Farm Products Agencies Act</XRefExternal>; (<DefinedTermFr>Loi</DefinedTermFr>)</Text></Definition><Definition generate-in-text="no"><Text><DefinedTermEn>Agency</DefinedTermEn> means the Canadian Turkey Marketing Agency established by the proclamation of which this schedule is a part; (<DefinedTermFr>Office</DefinedTermFr>)</Text></Definition><Definition generate-in-text="no"><Text><DefinedTermEn>Canadian Poultry and Egg Processors Council</DefinedTermEn> means the Canadian Poultry and Egg Processors Council, a body corporate established in Canada by letters patent dated November 12, 1974; (<DefinedTermFr>Conseil canadien des transformateurs d’oeufs et de volailles</DefinedTermFr>)</Text></Definition><Definition generate-in-text="no"><Text><DefinedTermEn>Commodity Board</DefinedTermEn> means any of the following:</Text><Paragraph><Label>(a)</Label><Text>the Nova Scotia Turkey Marketing Board,</Text></Paragraph><Paragraph><Label>(b)</Label><Text>the Fédération des producteurs de volailles du Québec,</Text></Paragraph><Paragraph><Label>(c)</Label><Text>The Ontario Turkey Producers’ Marketing Board,</Text></Paragraph><Paragraph><Label>(d)</Label><Text>The Manitoba Turkey Producers’ Marketing Board,</Text></Paragraph><Paragraph><Label>(e)</Label><Text>the Saskatchewan Turkey Producers’ Marketing Board,</Text></Paragraph><Paragraph><Label>(f)</Label><Text>the Alberta Turkey Growers’ Marketing Board,</Text></Paragraph><Paragraph><Label>(g)</Label><Text>the British Columbia Turkey Marketing Board,</Text></Paragraph><Paragraph><Label>(h)</Label><Text>the New Brunswick Turkey Marketing Board; (<DefinedTermFr>Office de commercialisation</DefinedTermFr>)</Text></Paragraph></Definition><Definition generate-in-text="no"><Text><DefinedTermEn>Further Poultry Processors Association of Canada</DefinedTermEn> means the Further Poultry Processors Association of Canada, a body corporate established in Canada by letters patent dated August 21, 1985; (<DefinedTermFr>Association canadienne des transformateurs de volailles</DefinedTermFr>)</Text></Definition><Definition generate-in-text="no"><Text><DefinedTermEn>Plan</DefinedTermEn> means the marketing plan the terms of which are set out in Part II of this Schedule; (<DefinedTermFr>Plan</DefinedTermFr>)</Text></Definition><Definition generate-in-text="no"><Text><DefinedTermEn>regulated area</DefinedTermEn> means the Provinces of British Columbia, Alberta, Saskatchewan, Manitoba, Ontario, Quebec, New Brunswick and Nova Scotia; (<DefinedTermFr>région réglementée</DefinedTermFr>)</Text></Definition><Definition generate-in-text="no"><Text><DefinedTermEn>unregulated area</DefinedTermEn> means any part of Canada not within the regulated area. (<DefinedTermFr>région non réglementée</DefinedTermFr>)</Text></Definition></Section><Heading level="1"><Label>PART I</Label><TitleText>The Agency</TitleText></Heading><Section><Label>2</Label><Subsection><Label>(1)</Label><Text>The Commodity Board for a province may, at any time, appoint a person who is a resident of that province to be a member of the Agency to hold office until the end of the Agency’s annual meeting next following the appointment.</Text></Subsection><Subsection><Label>(2)</Label><Text>The Canadian Poultry and Egg Processors Council may, at any time, appoint two persons who are residents of Canada and who are experienced in the business or trade of the processing of turkey meat, to be members of the Agency, and each person so appointed shall hold office until the end of the Agency’s second annual meeting next following the appointments.</Text></Subsection><Subsection><Label>(3)</Label><Text>The Further Poultry Processors Association of Canada may, at any time, appoint a person who is a resident of Canada and who is experienced in the business or trade of the further processing of turkey meat, to be a member of the Agency to hold office until the end of the Agency’s second annual meeting next following the appointment.</Text></Subsection><Subsection><Label>(4)</Label><Text>A Commodity Board or an organization referred to in subsection (2) or (3) may, at any time, appoint a person with the same qualifications for membership as are required for a member to be appointed by the Board or organization, to be a temporary substitute member to act in the place of each member appointed by it when that member is absent, is unable to act or is elected Chairperson of the Agency, to hold office as a temporary substitute member until the member in whose place the temporary substitute member is appointed to act, ceases to be a member.</Text></Subsection><Subsection><Label>(5)</Label><Text>A Commodity Board or an organization referred to in subsection (2) or (3) may, at any time, revoke the membership of a member or temporary substitute member appointed by it.</Text></Subsection></Section><Section><Label>3</Label><Text>The members of the Agency shall, at each of their annual meetings, elect from among themselves a chairperson and a vice-chairperson, and the persons so elected shall hold office until the end of the Agency’s annual meeting next following the appointments.</Text></Section><Section><Label>4</Label><Text>The head office of the Agency shall be in the Regional Municipality of Peel in the Province of Ontario.</Text></Section><Heading level="1"><Label>PART II</Label><TitleText>The Marketing Plan</TitleText></Heading><Section><Label>1</Label><Text>In this Part,</Text><Definition generate-in-text="no"><Text><DefinedTermEn>Board</DefinedTermEn> means, in respect of the Province of</Text><Paragraph><Label>(a)</Label><Text>Nova Scotia, the Nova Scotia Marketing Board,</Text></Paragraph><Paragraph><Label>(b)</Label><Text>Quebec, the Quebec Agricultural Marketing Board,</Text></Paragraph><Paragraph><Label>(c)</Label><Text>Ontario, The Farm Products Marketing Board,</Text></Paragraph><Paragraph><Label>(d)</Label><Text>Manitoba, The Manitoba Marketing Board,</Text></Paragraph><Paragraph><Label>(e)</Label><Text>Saskatchewan, the Natural Products Marketing Council,</Text></Paragraph><Paragraph><Label>(f)</Label><Text>Alberta, the Alberta Agricultural Products Marketing Council,</Text></Paragraph><Paragraph><Label>(g)</Label><Text>British Columbia, the British Columbia Marketing Board,</Text></Paragraph><Paragraph><Label>(h)</Label><Text>New Brunswick, the Natural Products Control Board; (<DefinedTermFr>Régie</DefinedTermFr>)</Text></Paragraph></Definition><Definition generate-in-text="no"><Text><DefinedTermEn>marketing</DefinedTermEn>, in relation to turkeys, means selling and offering for sale and buying, pricing, assembling, packing, processing, transporting, storing and reselling, whether in whole or in processed form; (<DefinedTermFr>commercialisation</DefinedTermFr>)</Text></Definition><Definition generate-in-text="no"><Text><DefinedTermEn>quota</DefinedTermEn> means the number of pounds of turkey meat that a turkey producer is entitled to market in interprovincial or export trade through normal marketing channels or to have marketed on his behalf by the Agency in interprovincial or export trade during a specified period of time; (<DefinedTermFr>contingent</DefinedTermFr>)</Text></Definition><Definition generate-in-text="no"><Text><DefinedTermEn>quota system</DefinedTermEn> means a system whereby turkey producers are assigned quotas by the Agency thus enabling the Agency to fix and determine the quantity, if any, in which turkeys or any variety, class or grade thereof may be marketed in interprovincial or export trade by each turkey producer and by all turkey producers. (<DefinedTermFr>système de contingentement</DefinedTermFr>)</Text></Definition></Section><Heading level="2"><TitleText>Quota System</TitleText></Heading><Section><Label>2</Label><Subsection><Label>(1)</Label><Text>The Agency shall, by order or regulation, establish a quota system by which quotas are assigned to all members of classes of turkey producers in each province to whom quotas are assigned by the appropriate Board or Commodity Board.</Text></Subsection><Subsection><Label>(2)</Label><Text>The Agency, in establishing a quota system, shall assign quotas in such manner that the number of pounds of turkey meat produced in a province and authorized to be marketed in interprovincial and export trade in the year 1973, when taken together with the number of pounds of turkey meat produced in the province and authorized to be marketed in intraprovincial trade in the same year, pursuant to quotas assigned by the appropriate Board or Commodity Board, and the number of pounds of turkey meat produced in the province and anticipated to be marketed in the same year, other than as authorized by a quota assigned by the Agency or by the appropriate Board or Commodity Board, will equal the number of pounds of turkey meat set out in section 3 of this Plan for the province.</Text></Subsection></Section><Section><Label>3</Label><Text>For the purposes of subsection 2(2) of this Plan, the number of pounds of turkey meat set out in this section for a province or for the unregulated area is the number of pounds set out in Column II of an item of the following table in respect of the province or the unregulated area set out in Column I of that item.</Text><TableGroup pointsize="8" topmarginspacing="4"><Caption position="over">TABLE</Caption><table frame="topbot"><tgroup cols="3"><colspec colname="1" colwidth="50.93*" /><colspec colname="2" colwidth="287.21*" /><colspec colname="3" colwidth="129.86*" /><thead><row topdouble="yes"><entry morerows="1" colsep="0" rowsep="1" valign="bottom">Item</entry><entry colsep="0" rowsep="0">Column I</entry><entry colsep="0" rowsep="0">Column II</entry></row><row><entry colsep="0" rowsep="1" valign="bottom">Province or Area</entry><entry colsep="0" rowsep="1" valign="bottom">lb.</entry></row></thead><tbody><row><entry colname="1" colsep="0" rowsep="0" valign="top">1</entry><entry colname="2" colsep="0" rowsep="0" valign="top">British Columbia</entry><entry colname="3" colsep="0" rowsep="0" align="right" valign="top">20,500,000</entry></row><row><entry colname="1" colsep="0" rowsep="0" valign="top">2</entry><entry colname="2" colsep="0" rowsep="0" valign="top">Alberta</entry><entry colname="3" colsep="0" rowsep="0" align="right" valign="top">18,250,000</entry></row><row><entry colname="1" colsep="0" rowsep="0" valign="top">3</entry><entry colname="2" colsep="0" rowsep="0" valign="top">Saskatchewan</entry><entry colname="3" colsep="0" rowsep="0" align="right" valign="top">8,000,000</entry></row><row><entry colname="1" colsep="0" rowsep="0" valign="top">4</entry><entry colname="2" colsep="0" rowsep="0" valign="top">Manitoba</entry><entry colname="3" colsep="0" rowsep="0" align="right" valign="top">17,250,000</entry></row><row><entry colname="1" colsep="0" rowsep="0" valign="top">5</entry><entry colname="2" colsep="0" rowsep="0" valign="top">Ontario</entry><entry colname="3" colsep="0" rowsep="0" align="right" valign="top">92,000,000</entry></row><row><entry colname="1" colsep="0" rowsep="0" valign="top">6</entry><entry colname="2" colsep="0" rowsep="0" valign="top">Quebec</entry><entry colname="3" colsep="0" rowsep="0" align="right" valign="top">54,000,000</entry></row><row><entry colname="1" colsep="0" rowsep="0" valign="top">7</entry><entry colname="2" colsep="0" rowsep="0" valign="top">New Brunswick</entry><entry colname="3" colsep="0" rowsep="0" align="right" valign="top">1,440,000</entry></row><row><entry colname="1" colsep="0" rowsep="0" valign="top">8</entry><entry colname="2" colsep="0" rowsep="0" valign="top">Nova Scotia</entry><entry colname="3" colsep="0" rowsep="0" align="right" valign="top">2,500,000</entry></row><row><entry colname="1" colsep="0" rowsep="0" valign="top">9</entry><entry colname="2" colsep="0" rowsep="0" valign="top">Unregulated Area</entry><entry colname="3" colsep="0" rowsep="0" align="right" valign="top">60,000</entry></row></tbody></tgroup></table></TableGroup></Section><Section><Label>4</Label><Subsection><Label>(1)</Label><Text>No order or regulation shall be made where the effect thereof would be to increase the aggregate of</Text><Paragraph><Label>(a)</Label><Text>the number of pounds of turkey meat produced in a province and authorized by quotas assigned by the Agency and by the appropriate Board or Commodity Board to be marketed in intraprovincial, interprovincial and export trade, and</Text></Paragraph><Paragraph><Label>(b)</Label><Text>the number of pounds of turkey meat produced in a province and anticipated to be marketed in intraprovincial, interprovincial and export trade other than as authorized by quotas assigned by the Agency and by the appropriate Board or Commodity Board</Text></Paragraph><ContinuedSectionSubsection><Text>to a number that exceeds, on a yearly basis, the number of pounds of turkey meat set out in section 3 of this Plan for the province unless the Agency has taken into account</Text></ContinuedSectionSubsection><Paragraph><Label>(c)</Label><Text>the principle of comparative advantage of production;</Text></Paragraph><Paragraph><Label>(d)</Label><Text>any variation in the size of the market for turkeys;</Text></Paragraph><Paragraph><Label>(e)</Label><Text>any failures by turkey producers in any province or provinces to market the number of pounds of turkey meat authorized to be marketed;</Text></Paragraph><Paragraph><Label>(f)</Label><Text>the feasibility of increased production in each province available to be marketed;</Text></Paragraph><Paragraph><Label>(g)</Label><Text>the existing production and storage facilities in each province; and</Text></Paragraph><Paragraph><Label>(h)</Label><Text>the comparative transportation costs to market areas from alternative sources of production.</Text></Paragraph></Subsection><Subsection><Label>(2)</Label><Text>No order or regulation shall be made pursuant to subsection (1) unless the Agency is satisfied that the size of the market for turkeys has changed significantly.</Text></Subsection></Section><Section><Label>5</Label><Subsection><Label>(1)</Label><Text>The Agency may require each turkey producer to whom a quota is assigned as a condition of the assignment thereof to make available to the Agency or its agent all turkeys produced by him and available to be marketed in excess of the quotas assigned to him at a price not exceeding the difference, if any, between the price realized by the Agency or its agent on the marketing of such turkeys and its expenses related to such marketing.</Text></Subsection><Subsection><Label>(2)</Label><Text>The Agency shall, in any province where an equivalent requirement is enforced by the appropriate Board or Commodity Board, require each turkey producer to whom a quota is assigned, as a condition of the assignment thereof, to make available to the Agency or its agent all turkeys to be marketed in accordance with the quota assigned to him.</Text></Subsection></Section><Section><Label>6</Label><Text>The Agency may market turkeys made available to it or its agent on an individual or collective basis and may pool the receipts from the marketing thereof and deduct from the pool the expenses incurred by it or by its agent in marketing such turkeys before any payment is made to the producers.</Text></Section><Section><Label>7</Label><Text>The Agency shall, with the concurrence of the Commodity Board, appoint that Commodity Board to administer on its behalf all orders and regulations made by it for the purpose of establishing and implementing a quota system.</Text></Section><Section><Label>8</Label><Text>In making orders and regulations establishing and implementing a quota system, the Agency shall have regard to equivalent orders and regulations made by the appropriate Board or Commodity Board and shall, in so far as possible, make orders and regulations in such a manner as to complement those made by the Board or the Commodity Board.</Text></Section><Heading level="2"><TitleText>Licensing</TitleText></Heading><Section><Label>9</Label><Subsection><Label>(1)</Label><Text>The Agency shall, in the regulated area, and may, in the unregulated area, by order or regulation, establish a system for the licensing of persons who are engaged in the marketing of turkeys in interprovincial or export trade and such system may provide for the payment to the Agency of fees in respect of each licence issued pursuant to the system.</Text></Subsection><Subsection><Label>(2)</Label><Text>The Agency, in establishing a licensing system pursuant to subsection (1), shall prescribe the terms and conditions to which each licence issued pursuant to the system is subject, including a condition that the person to whom the licence is issued shall at all times during the term of such licence comply with orders and regulations of the Agency.</Text></Subsection></Section><Heading level="2"><TitleText>Levies</TitleText></Heading><Section><Label>10</Label><Subsection><Label>(1)</Label><Text>The Agency may, in the regulated area, by order or regulation, impose levies or charges on persons engaged in the production of turkeys or the marketing thereof and any such order or regulation may classify such persons into groups and specify the levies or charges, if any, payable by the members of each such group and provide for the manner of collection thereof.</Text></Subsection><Subsection><Label>(2)</Label><Text>Levies imposed by any order or regulation referred to in subsection (1) shall be established at such levels as to produce in each year a return to the Agency that is an amount sufficient to defray its administrative and marketing expenses and costs, as estimated by it, for the year.</Text></Subsection><Subsection><Label>(3)</Label><Text>The Agency, in estimating its administrative and marketing expenses and costs for a year, may allow for the creation of reserves, the payment of expenses and losses resulting from the sale or disposal of turkeys, equalization or adjustment payments among turkey producers based on moneys realized from the sale of turkeys during such period or periods of time as the Agency considers appropriate and any other expenses and costs deemed essential by the Agency for the realization of its objects.</Text></Subsection><Subsection><Label>(4)</Label><Text>The Agency may, with the concurrence of a Commodity Board, appoint that Commodity Board to collect on its behalf the levies or charges imposed by any order or regulation referred to in subsection (1).</Text></Subsection></Section><Heading level="2"><TitleText>Anti-Dumping</TitleText></Heading><Section><Label>11</Label><Subsection><Label>(1)</Label><Text>Within the regulated area and with respect to turkeys shipped from the unregulated area into the regulated area in interprovincial trade and not for export, the Agency shall exercise its powers in such a manner as to preclude any person from marketing turkeys in a province other than the province in which the turkeys are produced at a price that is less than the aggregate of</Text><Paragraph><Label>(a)</Label><Text>the price charged at or about the same time for turkeys of an equivalent variety, class or grade in the province or other geographical area in which the turkeys are produced, and</Text></Paragraph><Paragraph><Label>(b)</Label><Text>any reasonable transportation charges therefor to the place where such turkeys are marketed and that are incurred by the person marketing the turkeys.</Text></Paragraph></Subsection><Subsection><Label>(2)</Label><Text>With respect to turkeys from the regulated area shipped into the unregulated area in interprovincial trade, the Agency may exercise its powers in such a manner as to preclude any person from marketing turkeys in a province other than the province in which the turkeys are produced at a price that is less than the aggregate of</Text><Paragraph><Label>(a)</Label><Text>the price charged at or about the same time for turkeys of an equivalent variety, class or grade in the province or other geographical area in which the turkeys are produced, and</Text></Paragraph><Paragraph><Label>(b)</Label><Text>any reasonable transportation charges therefor to the place where such turkeys are marketed and that are incurred by the person marketing the turkeys.</Text></Paragraph></Subsection></Section><Heading level="2"><TitleText>General</TitleText></Heading><Section><Label>12</Label><Text>The Agency shall take all reasonable steps to promote a high degree of cooperation between itself and each Board and Commodity Board and, without limiting the generality of the foregoing, shall</Text><Paragraph><Label>(a)</Label><Text>make available to each Board or Commodity Board the records, minutes and decisions of the Agency;</Text></Paragraph><Paragraph><Label>(b)</Label><Text>allow an officer or employee of a Board or Commodity Board who is designated by the Board or Commodity Board for such purpose to attend meetings of the Agency at which any matter that is of concern to the particular Board or Commodity Board is likely to be discussed and for such purpose shall give notice of such meetings to the officer or employee so designated; and</Text></Paragraph><Paragraph><Label>(c)</Label><Text>give notice of each order or regulation that it proposes to make to each Board or Commodity Board that is likely to be affected in its operation by the enactment of the order or regulation.</Text></Paragraph></Section><Heading level="2"><TitleText>Review of Marketing Plan</TitleText></Heading><Section><Label>13</Label><Subsection><Label>(1)</Label><Text>The Agency shall, at least once in each year and as often as a meeting is requested, as provided in subsection (2), hold a meeting for the purpose of reviewing the terms of this marketing plan and of any orders and regulations made under the Act to implement the Plan with a view to determining whether or not any modifications are required in order to facilitate the carrying out by the Agency of its objects.</Text></Subsection><Subsection><Label>(2)</Label><Text>A meeting referred to in subsection (1) shall be held as soon as is reasonably convenient after receipt by the Agency of a written request for such a meeting from the Board and Commodity Board for each of at least two provinces.</Text></Subsection></Section></RegulationPiece><HistoricalNote>SOR/79-270, s. 1; SOR/79-501, ss. 1, 2; SOR/82-160, s. 2; SOR/96-139, ss. 2, 3.</HistoricalNote></Schedule></Regulation>