﻿<?xml version="1.0" encoding="utf-8"?><!DOCTYPE Regulation PUBLIC "-//Justice Canada//DTD Regulation v1.2.2//EN" "Dtd/Regulations/Version_1.2.2/regulation.dtd"><Regulation regulation-type="SOR" xml:lang="en"><Identification><InstrumentNumber>C.R.C., c. 1046</InstrumentNumber><ConsolidationDate><Date><YYYY>2018</YYYY><MM>07</MM><DD>06</DD></Date></ConsolidationDate><EnablingAuthority><XRefExternal reference-type="act">NATIONAL DEFENCE ACT</XRefExternal></EnablingAuthority><ShortTitle>Civilian Crews on Auxiliary Vessels Direction</ShortTitle><LongTitle>Direction Made Pursuant to Section 224 of the <XRefExternal reference-type="act">National Defence Act</XRefExternal> Respecting Civilian Crews on Auxiliary Vessels</LongTitle></Identification><Body><Heading level="1"><TitleText>Short Title</TitleText></Heading><Section><Label>1</Label><Text>This Direction may be cited as the <XRefExternal reference-type="act">Civilian Crews on Auxiliary Vessels Direction</XRefExternal>.</Text></Section><Heading level="1"><TitleText>Application</TitleText></Heading><Section><Label>2</Label><Text>It is hereby directed that the <XRefExternal reference-type="act">Government Vessels Discipline Act</XRefExternal> shall apply to civilian crews engaged for service on auxiliary vessels of the Canadian Forces.</Text></Section></Body></Regulation>