﻿<?xml version="1.0" encoding="utf-8"?><!DOCTYPE Regulation PUBLIC "-//Justice Canada//DTD Regulation v1.2.2//EN" "Dtd/Regulations/Version_1.2.2/regulation.dtd"><Regulation regulation-type="SOR" xml:lang="en"><Identification><InstrumentNumber>C.R.C., c. 708</InstrumentNumber><ConsolidationDate><Date><YYYY>2018</YYYY><MM>07</MM><DD>06</DD></Date></ConsolidationDate><LastModifiedDate><Date><YYYY>2005</YYYY><MM>7</MM><DD>11</DD></Date></LastModifiedDate><EnablingAuthority><XRefExternal reference-type="act">FINANCIAL ADMINISTRATION ACT</XRefExternal></EnablingAuthority><ShortTitle>Investors’ Indemnity Regulations</ShortTitle><LongTitle>Regulations Respecting the Indemnity of Investors</LongTitle></Identification><Body><Heading level="1"><TitleText>Short Title</TitleText></Heading><Section><Label>1</Label><Text>These Regulations may be cited as the <XRefExternal reference-type="regulation">Investors’ Indemnity Regulations</XRefExternal>.</Text></Section><Heading level="1"><TitleText>Claim for Payment</TitleText></Heading><Section><Label>2</Label><Subsection><Label>(1)</Label><Text>Every claim for payment out of the Investors’ Indemnity Account in respect of a loss sustained by a person (hereinafter called the “subscriber”) who has paid all or part of the purchase price of a security but has not received the security or repayment of the amount so paid, or in respect of a loss sustained by a person in the redemption of securities including, but without limiting the generality of the foregoing, every claim</Text><Paragraph><Label>(a)</Label><Text>by a person who has made a payment on account of the purchase price of a security to the Receiver General or a person duly authorized to accept subscriptions for securities on behalf of Her Majesty, and has not received the security or a satisfactory accounting or repayment of the amount that he has so paid,</Text></Paragraph><Paragraph><Label>(b)</Label><Text>by a person in respect of securities forwarded in the mail to the Bank of Canada or a department or public officer for redemption and for which the person entitled to receive payment has received no payment,</Text></Paragraph><Paragraph><Label>(c)</Label><Text>by a redemption agent, other than the Bank of Canada, for a loss incurred in the redemption of Canada Savings Bonds or War Saving Stamps where the loss does not arise from the fault or negligence of the redemption agent or a person under his supervision and control, or</Text></Paragraph><Paragraph><Label>(d)</Label><Text>for principal, accrued interest or premium in respect of a security issued in exchange for another security, which has not been received by the owner thereof,</Text></Paragraph><ContinuedSectionSubsection><Text>shall be submitted to the Minister of Finance, accompanied by a statement of the relevant facts.</Text></ContinuedSectionSubsection></Subsection><Subsection><Label>(2)</Label><Text>No payment out of the Investors’ Indemnity Account in respect of a claim submitted under subsection (1) shall be made until the claim has been investigated by an officer of the Department of Finance or such other person as the Minister of Finance may designate.</Text></Subsection><Subsection><Label>(3)</Label><Text>Where the Minister of Finance, after reviewing a claim submitted under subsection (1) accompanied by a statement of the relevant facts and a report of the investigation in respect of such claim required under subsection (2), decides that a payment is to be made in respect of the claim, the amount of the payment as determined by the Minister shall be paid to the claimant or his legal representatives or such other person as the Minister decides, but no payment in excess of $5,000 shall be made except with the prior approval of the Treasury Board.</Text></Subsection></Section><Heading level="1"><TitleText>Subscriber’s Assignment</TitleText></Heading><Section><Label>3</Label><Text>Where a claim for payment out of the Investors’ Indemnity Account is made in respect of a loss suffered by a subscriber</Text><Paragraph><Label>(a)</Label><Text>who has paid an amount on account of the purchase of a security to a person authorized to receive subscriptions for securities, or</Text></Paragraph><Paragraph><Label>(b)</Label><Text>whose employer has, out of amounts payable to the subscriber, retained an amount to be used to purchase a security for the subscriber or his nominee,</Text></Paragraph><ContinuedSectionSubsection><Text>no payment shall be made out of the Investors’ Indemnity Account unless the subscriber or his legal representative executes an assignment in favour of Her Majesty of all his claims in respect of the amount so paid or retained and of the said security.</Text></ContinuedSectionSubsection></Section><Section><Label>4</Label><Text>An annual statement of the payments out of the Investors’ Indemnity Account and the recoveries credited to the Account in each fiscal year shall be submitted to the Treasury Board within 60 days after the end of the fiscal year.</Text></Section></Body></Regulation>