﻿<?xml version="1.0" encoding="utf-8"?><!DOCTYPE Regulation PUBLIC "-//Justice Canada//DTD Regulation v1.2.2//EN" "Dtd/Regulations/Version_1.2.2/regulation.dtd"><Regulation regulation-type="SOR" xml:lang="en"><Identification><InstrumentNumber>C.R.C., c. 353</InstrumentNumber><ConsolidationDate><Date><YYYY>2018</YYYY><MM>07</MM><DD>06</DD></Date></ConsolidationDate><LastModifiedDate><Date><YYYY>2011</YYYY><MM>9</MM><DD>16</DD></Date></LastModifiedDate><EnablingAuthority><XRefExternal reference-type="act">ARCTIC WATERS POLLUTION PREVENTION ACT</XRefExternal></EnablingAuthority><ShortTitle>Arctic Shipping Pollution Prevention Regulations</ShortTitle><LongTitle>Regulations Respecting the Prevention of Pollution of Arctic Waters by Ships</LongTitle></Identification><Repealed>[Repealed, SOR/2017-286, s. 34]</Repealed><Body><Heading level="1"><TitleText>Short Title</TitleText><Note>[Repealed, SOR/2017-286, s. 34]</Note></Heading><Section><Label>1</Label><Text><Repealed>[Repealed, SOR/2017-286, s. 34]</Repealed></Text></Section><Heading level="1"><TitleText>Interpretation</TitleText><Note>[Repealed, SOR/2017-286, s. 34]</Note></Heading><Section><Label>2</Label><Text><Repealed>[Repealed, SOR/2017-286, s. 34]</Repealed></Text></Section><Heading level="1"><TitleText>Application</TitleText><Note>[Repealed, SOR/2017-286, s. 34]</Note></Heading><Section><Label>3</Label><Text><Repealed>[Repealed, SOR/2017-286, s. 34]</Repealed></Text></Section><Heading level="1"><TitleText>Construction of Ships</TitleText><Note>[Repealed, SOR/2017-286, s. 34]</Note></Heading><Section><Label>4</Label><Text><Repealed>[Repealed, SOR/2017-286, s. 34]</Repealed></Text></Section><Section><Label>5</Label><Text><Repealed>[Repealed, SOR/2017-286, s. 34]</Repealed></Text></Section><Section><Label>6</Label><Text><Repealed>[Repealed, SOR/2017-286, s. 34]</Repealed></Text></Section><Section><Label>7</Label><Text><Repealed>[Repealed, SOR/86-451, s. 2]</Repealed></Text></Section><Section><Label>8</Label><Text><Repealed>[Repealed, SOR/95-412, s. 3]</Repealed></Text></Section><Section><Label>9</Label><Text><Repealed>[Repealed, SOR/78-430, s. 2]</Repealed></Text></Section><Heading level="1"><TitleText>Bunkering Station</TitleText><Note>[Repealed, SOR/2017-286, s. 34]</Note></Heading><Section><Label>10</Label><Text><Repealed>[Repealed, SOR/2017-286, s. 34]</Repealed></Text></Section><Heading level="1"><TitleText>Equivalents</TitleText><Note>[Repealed, SOR/2017-286, s. 34]</Note></Heading><Section><Label>11</Label><Text><Repealed>[Repealed, SOR/2017-286, s. 34]</Repealed></Text></Section><Heading level="1"><TitleText>Arctic Pollution Prevention Certificate</TitleText><Note>[Repealed, SOR/2017-286, s. 34]</Note></Heading><Section><Label>12</Label><Text><Repealed>[Repealed, SOR/2017-286, s. 34]</Repealed></Text></Section><Section><Label>13</Label><Text><Repealed>[Repealed, SOR/2017-286, s. 34]</Repealed></Text></Section><Section><Label>14</Label><Text><Repealed>[Repealed, SOR/2017-286, s. 34]</Repealed></Text></Section><Section><Label>15</Label><Text><Repealed>[Repealed, SOR/95-412, s. 4]</Repealed></Text></Section><Section><Label>16</Label><Text><Repealed>[Repealed, SOR/2017-286, s. 34]</Repealed></Text></Section><Section><Label>17</Label><Text><Repealed>[Repealed, SOR/2017-286, s. 34]</Repealed></Text></Section><Section><Label>18</Label><Text><Repealed>[Repealed, SOR/2017-286, s. 34]</Repealed></Text></Section><Section><Label>19</Label><Text><Repealed>[Repealed, SOR/96-474, s. 2]</Repealed></Text></Section><Section><Label>20 to 25</Label><Text><Repealed>[Repealed, SOR/78-507, s. 3]</Repealed></Text></Section><Heading level="1"><TitleText>Ice Navigator</TitleText><Note>[Repealed, SOR/2017-286, s. 34]</Note></Heading><Section><Label>26</Label><Text><Repealed>[Repealed, SOR/2017-286, s. 34]</Repealed></Text></Section><Heading level="1"><TitleText>Fuel and Water</TitleText><Note>[Repealed, SOR/2017-286, s. 34]</Note></Heading><Section><Label>27</Label><Text><Repealed>[Repealed, SOR/2017-286, s. 34]</Repealed></Text></Section><Heading level="1"><TitleText>Sewage Deposit</TitleText><Note>[Repealed, SOR/2017-286, s. 34]</Note></Heading><Section><Label>28</Label><Text><Repealed>[Repealed, SOR/2017-286, s. 34]</Repealed></Text></Section><Heading level="1"><TitleText>Oil Deposit</TitleText><Note>[Repealed, SOR/2017-286, s. 34]</Note></Heading><Section><Label>29</Label><Text><Repealed>[Repealed, SOR/2017-286, s. 34]</Repealed></Text></Section><Section><Label>30</Label><Text><Repealed>[Repealed, SOR/96-474, s. 4]</Repealed></Text></Section></Body><Schedule bilingual="no" spanlanguages="no"><ScheduleFormHeading><Label>SCHEDULE I</Label></ScheduleFormHeading><Repealed>[Repealed, SOR/2017-286, s. 34]</Repealed></Schedule><Schedule spanlanguages="no" bilingual="no"><ScheduleFormHeading><Label>SCHEDULE II</Label><OriginatingRef>(Sections 18 and 30)</OriginatingRef><TitleText>Location of Offices at Which Pollution Prevention Officers May Be Reached</TitleText></ScheduleFormHeading><Repealed>[Repealed, SOR/2017-286, s. 34]</Repealed></Schedule><Schedule bilingual="no" spanlanguages="no"><ScheduleFormHeading><Label>SCHEDULES III AND IV</Label></ScheduleFormHeading><Repealed>[Repealed, SOR/2017-286, s. 34]</Repealed></Schedule><Schedule spanlanguages="no" bilingual="no"><ScheduleFormHeading><Label>SCHEDULE V</Label><OriginatingRef>(Sections 2 and 6)</OriginatingRef><TitleText>Construction Standards for Types A, B, C, D and E Ships</TitleText></ScheduleFormHeading><Repealed>[Repealed, SOR/2017-286, s. 34]</Repealed></Schedule><Schedule spanlanguages="no" bilingual="no"><ScheduleFormHeading><Label>SCHEDULE VI</Label><OriginatingRef>(Sections 2 and 6)</OriginatingRef><TitleText>Hull Design for Arctic Class Ships</TitleText></ScheduleFormHeading><Repealed>[Repealed, SOR/2017-286, s. 34]</Repealed></Schedule><Schedule spanlanguages="no" bilingual="no"><ScheduleFormHeading><Label>SCHEDULE VII</Label><OriginatingRef>(Sections 2 and 6)</OriginatingRef><TitleText>Machinery Requirements for Arctic Class Ships</TitleText></ScheduleFormHeading><Repealed>[Repealed, SOR/2017-286, s. 34]</Repealed></Schedule><Schedule spanlanguages="yes" bilingual="no"><ScheduleFormHeading><Label>SCHEDULE VIII</Label><OriginatingRef>(Sections 6 and 26)</OriginatingRef></ScheduleFormHeading><Repealed>[Repealed, SOR/2017-286, s. 34]</Repealed></Schedule><Schedule spanlanguages="no" bilingual="no"><ScheduleFormHeading><Label>SCHEDULE IX</Label><TitleText>Bunkering Station Flange</TitleText><OriginatingRef>(Section 10)</OriginatingRef></ScheduleFormHeading><Repealed>[Repealed, SOR/2017-286, s. 34]</Repealed></Schedule></Regulation>