﻿<?xml version="1.0" encoding="utf-8"?><!DOCTYPE Regulation PUBLIC "-//Justice Canada//DTD Regulation v1.2.2//EN" "Dtd/Regulations/Version_1.2.2/regulation.dtd"><Regulation regulation-type="SOR" xml:lang="en"><Identification><InstrumentNumber>C.R.C., c. 791</InstrumentNumber><ConsolidationDate><Date><YYYY>2018</YYYY><MM>07</MM><DD>06</DD></Date></ConsolidationDate><LastModifiedDate><Date><YYYY>2005</YYYY><MM>7</MM><DD>11</DD></Date></LastModifiedDate><EnablingAuthority><XRefExternal reference-type="act">FINANCIAL ADMINISTRATION ACT</XRefExternal></EnablingAuthority><ShortTitle>Side Shows and Concessions Remission Order</ShortTitle><LongTitle>Order Respecting the Temporary Entry of Goods Comprising Side Shows and Concessions</LongTitle></Identification><Body><Heading level="1"><TitleText>Short Title</TitleText></Heading><Section><Label>1</Label><Text>This Order may be cited as the <XRefExternal reference-type="regulation">Side Shows and Concessions Remission Order</XRefExternal>.</Text></Section><Heading level="1"><TitleText>Interpretation</TitleText></Heading><Section><Label>2</Label><Text>In this Order,</Text><Definition generate-in-text="no"><Text><DefinedTermEn>chief officer of customs</DefinedTermEn>, with respect to an area or place, means the manager of the customs office or customs offices that serve that area or place; (<DefinedTermFr>agent en chef des douanes</DefinedTermFr>)</Text></Definition><Definition generate-in-text="no"><Text><DefinedTermEn>concession</DefinedTermEn> means a concession at a circus, fair, exhibition or rodeo; (<DefinedTermFr>concession de carnaval</DefinedTermFr>)</Text></Definition><Definition generate-in-text="no"><Text><DefinedTermEn>goods</DefinedTermEn> does not include anything that is imported for the purpose of being sold or disposed of in any manner in Canada; (<DefinedTermFr>marchandises</DefinedTermFr>)</Text></Definition><Definition generate-in-text="no"><Text><DefinedTermEn>period</DefinedTermEn> means 30 consecutive days; (<DefinedTermFr>période</DefinedTermFr>)</Text></Definition><Definition generate-in-text="no"><Text><DefinedTermEn>side show</DefinedTermEn> means a side show at a circus, fair, exhibition or rodeo. (<DefinedTermFr>attractions foraines</DefinedTermFr>) </Text></Definition><HistoricalNote>SI/88-18, s. 2.</HistoricalNote></Section><Heading level="1"><TitleText>Remission</TitleText></Heading><Section><Label>3</Label><Subsection><Label>(1)</Label><Text>Subject to subsection (2) and section 4, remission is hereby granted of all taxes paid or payable under Division III of Part IX and under any other part of the <XRefExternal reference-type="act">Excise Tax Act</XRefExternal> on goods imported into Canada and used as a side show or a concession in excess of</Text><Paragraph><Label>(a)</Label><Text>in the case of a side show,</Text><Subparagraph><Label>(i)</Label><Text>$100 for each period or part thereof that the side show is used solely at fairs or exhibitions subsidized by the Department of Agriculture, or</Text></Subparagraph><Subparagraph><Label>(ii)</Label><Text>$200 for each period or part thereof that the side show remains in Canada and is used for purposes other than the purpose referred to in subparagraph (i); and</Text></Subparagraph></Paragraph><Paragraph><Label>(b)</Label><Text>in the case of a concession,</Text><Subparagraph><Label>(i)</Label><Text>$50 for each period or part thereof that the concession is used solely at fairs or exhibitions subsidized by the Department of Agriculture, or</Text></Subparagraph><Subparagraph><Label>(ii)</Label><Text>$100 for each period or part thereof that the concession remains in Canada and is used for purposes other than the purpose referred to in subparagraph (i).</Text></Subparagraph></Paragraph></Subsection><Subsection><Label>(2)</Label><Text>The amounts set out in subsection (1) shall be reduced by one-half if</Text><Paragraph><Label>(a)</Label><Text>it is established to the satisfaction of the Minister of National Revenue that the goods so imported were in lieu of and similar to goods that were not available in the immediate vicinity in Canada in which the imported goods were used at the time the goods were imported; and</Text></Paragraph><Paragraph><Label>(b)</Label><Text>the goods are used in Canada for less than two months.</Text></Paragraph></Subsection><HistoricalNote>SI/91-8, s. 2; SI/98-19, s. 1.</HistoricalNote></Section><Section><Label>4</Label><Text>The remission referred to in section 3 shall be granted only</Text><Paragraph><Label>(a)</Label><Text>if the owner, at the time the goods to be used as a side show or concession are imported, makes an application in writing to the chief officer of customs at the customs office where the goods were reported;</Text></Paragraph><Paragraph><Label>(b)</Label><Text>if the application referred to in paragraph (a) sets out</Text><Subparagraph><Label>(i)</Label><Text>the places in Canada where the goods will be used, and</Text></Subparagraph><Subparagraph><Label>(ii)</Label><Text>the dates when the goods will commence and cease to be used at each place referred to in subparagraph (i);</Text></Subparagraph></Paragraph><Paragraph><Label>(c)</Label><Text>if the chief officer of customs is notified forthwith of any changes in respect of any information required by paragraph (b);</Text></Paragraph><Paragraph><Label>(d)</Label><Text>if the goods are exported immediately after the date they cease to be used as stated in the application under subparagraph (b)(ii) or the notification under paragraph (c);</Text></Paragraph><Paragraph><Label>(e)</Label><Text>if the goods are presented to customs for examination prior to their exportation</Text><Subparagraph><Label>(i)</Label><Text>at the customs office where the goods were exported from Canada, or</Text></Subparagraph><Subparagraph><Label>(ii)</Label><Text>at an inland customs office, where the goods will be conveyed to a customs office for exportation by a person authorized to transport goods pursuant to the <XRefExternal reference-type="regulation">Transportation of Goods Regulations</XRefExternal>; and</Text></Subparagraph></Paragraph><Paragraph><Label>(f)</Label><Text>where the goods are presented to customs for examination pursuant to paragraph (e), if the following information is provided on a form satisfactory to the Minister:</Text><Subparagraph><Label>(i)</Label><Text>a description of the goods being exported,</Text></Subparagraph><Subparagraph><Label>(ii)</Label><Text>the name of the customs office where the goods were accounted for under section 32 of the <XRefExternal reference-type="act">Customs Act</XRefExternal>,</Text></Subparagraph><Subparagraph><Label>(iii)</Label><Text>the transaction number and the date of the customs accounting documents, and</Text></Subparagraph><Subparagraph><Label>(iv)</Label><Text>a statement that the goods being exported were imported under the <XRefExternal reference-type="regulation">Side Shows and Concessions Remission Order</XRefExternal>.</Text></Subparagraph></Paragraph><HistoricalNote>SI/88-18, s. 2; SI/90-138, s. 1(E); SI/91-8, s. 2(E).</HistoricalNote></Section></Body></Regulation>