﻿<?xml version="1.0" encoding="utf-8"?><!DOCTYPE Regulation PUBLIC "-//Justice Canada//DTD Regulation v1.2.2//EN" "Dtd/Regulations/Version_1.2.2/regulation.dtd"><Regulation regulation-type="SOR" xml:lang="en"><Identification><InstrumentNumber>C.R.C., c. 949</InstrumentNumber><ConsolidationDate><Date><YYYY>2018</YYYY><MM>07</MM><DD>06</DD></Date></ConsolidationDate><LastModifiedDate><Date><YYYY>2005</YYYY><MM>7</MM><DD>15</DD></Date></LastModifiedDate><EnablingAuthority><XRefExternal reference-type="act">INDIAN ACT</XRefExternal></EnablingAuthority><ShortTitle>Indian Band Council Borrowing Regulations</ShortTitle><LongTitle>Regulations Respecting the Borrowing of Money by Councils of Bands and the Disposition of Such Moneys</LongTitle></Identification><Body><Heading level="1"><TitleText>Short Title</TitleText></Heading><Section><Label>1</Label><Text>These Regulations may be cited as the <XRefExternal reference-type="regulation">Indian Band Council Borrowing Regulations</XRefExternal>.</Text></Section><Heading level="1"><TitleText>General</TitleText></Heading><Section><Label>2</Label><Text>The council of a band may borrow money for band projects or housing purposes and may make loans out of moneys so borrowed to members of the band for housing purposes, on such terms and conditions as may be determined by the council.</Text></Section></Body></Regulation>