﻿<?xml version="1.0" encoding="utf-8"?><!DOCTYPE Regulation PUBLIC "-//Justice Canada//DTD Regulation v1.2.2//EN" "Dtd/Regulations/Version_1.2.2/regulation.dtd"><Regulation regulation-type="SOR" xml:lang="en"><Identification><InstrumentNumber>C.R.C., c. 1151</InstrumentNumber><ConsolidationDate><Date><YYYY>2018</YYYY><MM>07</MM><DD>06</DD></Date></ConsolidationDate><LastModifiedDate><Date><YYYY>2005</YYYY><MM>7</MM><DD>21</DD></Date></LastModifiedDate><EnablingAuthority><XRefExternal reference-type="act">RAILWAY SAFETY ACT</XRefExternal></EnablingAuthority><ShortTitle>Heating and Power Boilers Regulations</ShortTitle><LongTitle>Regulations Respecting the Inspection, Testing and Maintaining of Heating and Power Boilers</LongTitle><RegulationMakerOrder><RegulationMaker>CANADIAN TRANSPORT COMMISSION</RegulationMaker><OrderNumber>GENERAL ORDER NO. O-11</OrderNumber><Date><YYYY /><MM /><DD /></Date></RegulationMakerOrder></Identification><Repealed>[Repealed, SOR/2016-319, s. 1]</Repealed><Body><Heading level="1"><TitleText>Short Title</TitleText><Note>[Repealed, SOR/2016-319, s. 1]</Note></Heading><Section><Label>1</Label><Text><Repealed>[Repealed, SOR/2016-319, s. 1]</Repealed></Text></Section><Heading level="1"><TitleText>Application</TitleText><Note>[Repealed, SOR/2016-319, s. 1]</Note></Heading><Section><Label>2</Label><Text><Repealed>[Repealed, SOR/2016-319, s. 1]</Repealed></Text></Section><Section><Label>3</Label><Text><Repealed>[Repealed, SOR/2016-319, s. 1]</Repealed></Text></Section><Section><Label>4</Label><Text><Repealed>[Repealed, SOR/2016-319, s. 1]</Repealed></Text></Section><Heading level="1"><TitleText>General</TitleText><Note>[Repealed, SOR/2016-319, s. 1]</Note></Heading><Section><Label>5</Label><Text><Repealed>[Repealed, SOR/2016-319, s. 1]</Repealed></Text></Section><Section><Label>6</Label><Text><Repealed>[Repealed, SOR/2016-319, s. 1]</Repealed></Text></Section><Section><Label>7</Label><Text><Repealed>[Repealed, SOR/2016-319, s. 1]</Repealed></Text></Section><Section><Label>8</Label><Text><Repealed>[Repealed, SOR/2016-319, s. 1]</Repealed></Text></Section><Section><Label>9</Label><Text><Repealed>[Repealed, SOR/2016-319, s. 1]</Repealed></Text></Section><Section><Label>10</Label><Text><Repealed>[Repealed, SOR/2016-319, s. 1]</Repealed></Text></Section><Section><Label>11</Label><Text><Repealed>[Repealed, SOR/2016-319, s. 1]</Repealed></Text></Section><Section><Label>12</Label><Text><Repealed>[Repealed, SOR/2016-319, s. 1]</Repealed></Text></Section><Section><Label>13</Label><Text><Repealed>[Repealed, SOR/2016-319, s. 1]</Repealed></Text></Section><Section><Label>14</Label><Text><Repealed>[Repealed, SOR/2016-319, s. 1]</Repealed></Text></Section><Section><Label>15</Label><Text><Repealed>[Repealed, SOR/2016-319, s. 1]</Repealed></Text></Section><Section><Label>16</Label><Text><Repealed>[Repealed, SOR/2016-319, s. 1]</Repealed></Text></Section><Section><Label>17</Label><Text><Repealed>[Repealed, SOR/2016-319, s. 1]</Repealed></Text></Section><Section><Label>18</Label><Text><Repealed>[Repealed, SOR/2016-319, s. 1]</Repealed></Text></Section><Section><Label>19</Label><Text><Repealed>[Repealed, SOR/2016-319, s. 1]</Repealed></Text></Section><Section><Label>20</Label><Text><Repealed>[Repealed, SOR/2016-319, s. 1]</Repealed></Text></Section><Section><Label>21</Label><Text><Repealed>[Repealed, SOR/2016-319, s. 1]</Repealed></Text></Section><Section><Label>22</Label><Text><Repealed>[Repealed, SOR/2016-319, s. 1]</Repealed></Text></Section><Heading level="1"><TitleText>Accident Reports</TitleText><Note>[Repealed, SOR/2016-319, s. 1]</Note></Heading><Section><Label>23</Label><Text><Repealed>[Repealed, SOR/2016-319, s. 1]</Repealed></Text></Section></Body><Schedule bilingual="no" spanlanguages="no"><ScheduleFormHeading><Label>SCHEDULE</Label><OriginatingRef>(ss. 3, 6 and 7)</OriginatingRef></ScheduleFormHeading><Repealed>[Repealed, SOR/2016-319, s. 1]</Repealed></Schedule></Regulation>