﻿<?xml version="1.0" encoding="utf-8"?><!DOCTYPE Regulation PUBLIC "-//Justice Canada//DTD Regulation v1.2.2//EN" "Dtd/Regulations/Version_1.2.2/regulation.dtd"><Regulation regulation-type="SOR" xml:lang="en"><Identification><InstrumentNumber>C.R.C., c. 1239</InstrumentNumber><ConsolidationDate><Date><YYYY>2018</YYYY><MM>07</MM><DD>06</DD></Date></ConsolidationDate><LastModifiedDate><Date><YYYY>2005</YYYY><MM>7</MM><DD>21</DD></Date></LastModifiedDate><EnablingAuthority><XRefExternal reference-type="act">NORTHWEST TERRITORIES ACT</XRefExternal></EnablingAuthority><ShortTitle>Oaths of Allegiance and Office Order (N.W.T.)</ShortTitle><LongTitle>Order prescribing oaths of allegiance and office</LongTitle></Identification><Body><Heading level="1"><TitleText>Short Title</TitleText></Heading><Section><Label>1</Label><Text>This Order may be cited as the <XRefExternal reference-type="regulation">Oaths of Allegiance and Office Order (N.W.T.)</XRefExternal>.</Text><HistoricalNote>2014, c. 2, s. 59.</HistoricalNote></Section><Heading level="1"><TitleText>Oath of Allegiance</TitleText></Heading><Section><Label>2</Label><Text>The oath of allegiance prescribed by the <XRefExternal reference-type="regulation">Oaths of Allegiance Act</XRefExternal> is the oath of allegiance to be taken and subscribed by the Commissioner of the Northwest Territories.</Text><HistoricalNote>2014, c. 2, s. 60.</HistoricalNote></Section><Heading level="1"><TitleText>Oath of Office</TitleText></Heading><Section><Label>3</Label><Text>The oath of office to be taken and subscribed by the Commissioner of the Northwest Territories is in the form set out in Schedule I.</Text></Section><Section><Label>4</Label><Text><Repealed>[Repealed, 2014, c. 2, s. 61]</Repealed></Text></Section><Heading level="1"><TitleText>Swearing</TitleText></Heading><Section><Label>5</Label><Text>The oath of allegiance and oath of office of the Commissioner of the Northwest Territories shall be sworn and subscribed before the Clerk or Assistant Clerk of the Privy Council.</Text></Section><Section><Label>6</Label><Text><Repealed>[Repealed, 2014, c. 2, s. 62]</Repealed></Text></Section></Body><Schedule spanlanguages="no" bilingual="no"><ScheduleFormHeading><Label>SCHEDULE I</Label><OriginatingRef>(Section 3)</OriginatingRef><TitleText>Oath of Office for Commissioner of the Northwest Territories</TitleText></ScheduleFormHeading><Provision format-ref="indent-0-0" language-align="yes" list-item="no"><Text>I, <Leader leader="dot" length="6pc" /> do solemnly and sincerely promise and swear that I will duly and faithfully and to the best of my skill and knowledge execute the powers and trust reposed in me as the Commissioner of the Northwest Territories. So help me God.</Text></Provision></Schedule><Schedule spanlanguages="no" bilingual="no"><ScheduleFormHeading><Label>SCHEDULE II</Label></ScheduleFormHeading><Repealed>[Repealed, 2014, c. 2, s. 63]</Repealed></Schedule></Regulation>