﻿<?xml version="1.0" encoding="utf-8"?><!DOCTYPE Regulation PUBLIC "-//Justice Canada//DTD Regulation v1.2.2//EN" "Dtd/Regulations/Version_1.2.2/regulation.dtd"><Regulation regulation-type="SOR" xml:lang="en"><Identification><InstrumentNumber>C.R.C., c. 549</InstrumentNumber><ConsolidationDate><Date><YYYY>2018</YYYY><MM>07</MM><DD>06</DD></Date></ConsolidationDate><LastModifiedDate><Date><YYYY>2005</YYYY><MM>7</MM><DD>4</DD></Date></LastModifiedDate><EnablingAuthority><XRefExternal reference-type="act">CUSTOMS TARIFF</XRefExternal></EnablingAuthority><ShortTitle>Used Mattress Materials Regulations</ShortTitle><LongTitle>Regulations Respecting the Importation of Materials from Used or Second-Hand Mattresses</LongTitle></Identification><Body><Heading level="1"><TitleText>Short Title</TitleText></Heading><Section><Label>1</Label><Text>These Regulations may be cited as the <XRefExternal reference-type="regulation">Used Mattress Materials Regulations</XRefExternal>.</Text></Section><Heading level="1"><TitleText>General</TitleText></Heading><Section><Label>2</Label><Text>Materials from used or second-hand mattresses may be imported only if they</Text><Paragraph><Label>(a)</Label><Text>have been cleaned and fumigated; and</Text></Paragraph><Paragraph><Label>(b)</Label><Text>are accompanied by a certificate that is signed by the exporter or other person having knowledge of such cleaning and fumigation and</Text><Subparagraph><Label>(i)</Label><Text>gives complete details of the procedure used to clean and fumigate the materials, and</Text></Subparagraph><Subparagraph><Label>(ii)</Label><Text>contains a statement certifying that that procedure was carried out.</Text></Subparagraph></Paragraph></Section></Body></Regulation>