﻿<?xml version="1.0" encoding="utf-8"?><!DOCTYPE Regulation PUBLIC "-//Justice Canada//DTD Regulation v1.2.2//EN" "Dtd/Regulations/Version_1.2.2/regulation.dtd"><Regulation regulation-type="SOR" xml:lang="en"><Identification><InstrumentNumber>C.R.C., c. 660</InstrumentNumber><ConsolidationDate><Date><YYYY>2018</YYYY><MM>07</MM><DD>06</DD></Date></ConsolidationDate><LastModifiedDate><Date><YYYY>2005</YYYY><MM>7</MM><DD>7</DD></Date></LastModifiedDate><EnablingAuthority><XRefExternal reference-type="act">FARM PRODUCTS AGENCIES ACT</XRefExternal></EnablingAuthority><ShortTitle>Canadian Turkey Licensing Regulations</ShortTitle><LongTitle>Regulations Respecting the Licensing of Persons who are Engaged in the Marketing of Turkeys in Interprovincial or Export Trade</LongTitle></Identification><Body><Heading level="1"><TitleText>Short Title</TitleText></Heading><Section><Label>1</Label><Text>These Regulations may be cited as the <XRefExternal reference-type="regulation">Canadian Turkey Licensing Regulations</XRefExternal>.</Text></Section><Heading level="1"><TitleText>Interpretation</TitleText></Heading><Section><Label>2</Label><Text>In these Regulations,</Text><Definition generate-in-text="no"><Text><DefinedTermEn>Agency</DefinedTermEn> means the Canadian Turkey Marketing Agency; (<DefinedTermFr>Office</DefinedTermFr>)</Text></Definition><Definition generate-in-text="no"><Text><DefinedTermEn>consumer</DefinedTermEn> means any person who buys turkey for consumption by him or his household; (<DefinedTermFr>consommateur</DefinedTermFr>)</Text></Definition><Definition><Text><DefinedTermEn>control period</DefinedTermEn> means the period set out in the heading of the schedule to the <XRefExternal reference-type="regulation">Canadian Turkey Marketing Quota Regulations, 1990</XRefExternal>; (<DefinedTermFr>période réglementée</DefinedTermFr>)</Text></Definition><Definition generate-in-text="no"><Text><DefinedTermEn>dealer</DefinedTermEn> means any person other than a processor or retailer who buys turkeys for resale; (<DefinedTermFr>négociant</DefinedTermFr>)</Text></Definition><Definition generate-in-text="no"><Text><DefinedTermEn>hatcheryman</DefinedTermEn> means any person engaged in the hatching of turkey eggs; (<DefinedTermFr>accouveur</DefinedTermFr>)</Text></Definition><Definition generate-in-text="no"><Text><DefinedTermEn>inspector</DefinedTermEn> means an inspector appointed pursuant to section 34 of the Act; (<DefinedTermFr>inspecteur</DefinedTermFr>)</Text></Definition><Definition generate-in-text="no"><Text><DefinedTermEn>licence</DefinedTermEn> means</Text><Paragraph><Label>(a)</Label><Text>a document issued by the Agency to a person certifying that he is a licensee, or</Text></Paragraph><Paragraph><Label>(b)</Label><Text>a list issued by the Agency to a person containing his name and the names of other persons and certifying that each person is a licensee; (<DefinedTermFr>permis</DefinedTermFr>)</Text></Paragraph></Definition><Definition generate-in-text="no"><Text><DefinedTermEn>marketing</DefinedTermEn> in relation to turkeys, means selling and offering for sale and buying, pricing, assembling, packing, processing, transporting, storing and reselling, whether in whole or in processed form, and includes marketing by or on behalf of a producer; (<DefinedTermFr>commercialisation</DefinedTermFr>)</Text></Definition><Definition generate-in-text="no"><Text><DefinedTermEn>processing</DefinedTermEn> means changing the nature, size, quality or condition of turkeys by mechanical means or otherwise and includes killing; (<DefinedTermFr>transformation</DefinedTermFr>)</Text></Definition><Definition generate-in-text="no"><Text><DefinedTermEn>processor</DefinedTermEn> means any person engaged in the business of processing turkeys or who packs, markets, grades, offers for sale, sells, stores, or transports the packed, processed or manufactured turkey product; (<DefinedTermFr>transformateur</DefinedTermFr>)</Text></Definition><Definition generate-in-text="no"><Text><DefinedTermEn>producer</DefinedTermEn> means any person engaged in the production of turkeys in Canada; (<DefinedTermFr>producteur</DefinedTermFr>)</Text></Definition><Definition generate-in-text="no"><Text><DefinedTermEn>producer-vendor</DefinedTermEn> means any person who produces and markets, offers for sale, sells or stores all or any portion of the turkeys produced by him; (<DefinedTermFr>producteur-vendeur</DefinedTermFr>)</Text></Definition><Definition generate-in-text="no"><Text><DefinedTermEn>retailer</DefinedTermEn> means any person who sells or offers for sale turkey directly and exclusively to consumers; (<DefinedTermFr>détaillant</DefinedTermFr>)</Text></Definition><Definition generate-in-text="no"><Text><DefinedTermEn>turkey</DefinedTermEn> means any turkey, male or female, live or slaughtered, of any size and includes any part of any turkey. (<DefinedTermFr>dindon</DefinedTermFr>)</Text></Definition><HistoricalNote>SOR/91-250, s. 1; SOR/2017-70, s. 1.</HistoricalNote></Section><Heading level="1"><TitleText>General</TitleText></Heading><Section><Label>3</Label><Subsection><Label>(1)</Label><Text>Subject to section 10, no person shall engage in the marketing of turkeys in interprovincial or export trade as a producer, producer-vendor, hatcheryman, processor or dealer unless he holds the appropriate licence set out in section 4 and pays to the Agency annually the fee prescribed by that section for that licence.</Text></Subsection><Subsection><Label>(2)</Label><Text>No person shall sell or offer for sale turkey to any person required to be licensed under these Regulations unless that person is licensed as required by subsection (1).</Text></Subsection><Subsection><Label>(3)</Label><Text>No person shall buy turkeys from any person required to be licensed under these Regulations unless that person is licensed as required by subsection (1).</Text></Subsection></Section><Section><Label>4</Label><Text>The types of licences and fees payable therefor are as follows:</Text><Paragraph><Label>(a)</Label><Text>Producer’s licence <LeaderRightJustified leader="dot" /> Nil</Text></Paragraph><Paragraph><Label>(b)</Label><Text>Producer-Vendor’s licence <LeaderRightJustified leader="dot" /> $1.00</Text></Paragraph><Paragraph><Label>(c)</Label><Text>Processor’s licence <LeaderRightJustified leader="dot" /> 1.00</Text></Paragraph><Paragraph><Label>(d)</Label><Text>Dealer’s licence <LeaderRightJustified leader="dot" /> 1.00</Text></Paragraph><Paragraph><Label>(e)</Label><Text>Hatcheryman’s licence <LeaderRightJustified leader="dot" /> 1.00</Text></Paragraph></Section><Section><Label>5</Label><Text>Where a person engages in marketing turkeys in more than one of the capacities set out in subsection 3(1) he shall apply to the Agency for a licence in respect of each capacity.</Text></Section><Section><Label>6</Label><Text>Every licence shall be issued in respect of a control period and comes into effect on the first day of the control period and expires on the last day of that control period.</Text><HistoricalNote>SOR/91-250, s. 2.</HistoricalNote></Section><Section><Label>7</Label><Text>Every licence shall be issued subject to the following conditions:</Text><Paragraph><Label>(a)</Label><Text>the licensee shall, within seven days following the last day of each week, forward to the Agency, a report in a form approved by the Agency containing the information specified in the schedule respecting the marketing of turkeys in interprovincial or export trade during that week;</Text></Paragraph><Paragraph><Label>(b)</Label><Text>the licensee shall permit an inspector to enter his premises and examine his books, records or other documents in accordance with subsection 35(1) of the Act; and</Text></Paragraph><Paragraph><Label>(c)</Label><Text>the licensee shall comply with all orders and regulations of the Agency.</Text></Paragraph></Section><Section><Label>8</Label><Text>The Agency may suspend, revoke or refuse to issue a licence where the applicant or licensee has failed to observe, perform or carry out any condition of the licence.</Text></Section><Section><Label>9</Label><Text>Where the Agency intends to suspend or revoke a licence, the Agency shall give to the licensee by hand delivery or registered mail addressed to him at his address recorded in the books of the Agency notice of its intention to suspend or revoke the licence, as the case may be, and such notice shall fix a time of not less than 30 days from the delivery or mailing thereof for the licensee to show cause why the licence should not be suspended or revoked, as the case may be.</Text></Section><Section><Label>10</Label><Text>These Regulations do not apply, in the Province of</Text><Paragraph><Label>(a)</Label><Text>Nova Scotia, to a producer who markets less than 25 turkeys in a year;</Text></Paragraph><Paragraph><Label>(b)</Label><Text>New Brunswick, to a producer who markets less than 26 turkeys in a year;</Text></Paragraph><Paragraph><Label>(c)</Label><Text>Ontario, to a producer who markets less than 50 turkeys in a year;</Text></Paragraph><Paragraph><Label>(d)</Label><Text>Manitoba, to any person in any year who, in the year immediately preceding that year, marketed less than 100 turkeys raised by him, until such time in that year as he does market 100 or more turkeys;</Text></Paragraph><Paragraph><Label>(e)</Label><Text>Saskatchewan, to a producer who markets less than 100 turkeys in a year;</Text></Paragraph><Paragraph><Label>(f)</Label><Text>Alberta, to a producer who markets less than 300 turkeys in a year; or</Text></Paragraph><Paragraph><Label>(g)</Label><Text>British Columbia, to a producer who markets less than 25 turkeys in a year.</Text></Paragraph><HistoricalNote>SOR/82-357, s. 1.</HistoricalNote></Section></Body><Schedule spanlanguages="no" bilingual="no"><ScheduleFormHeading><Label>SCHEDULE</Label><OriginatingRef>(Section 7)</OriginatingRef></ScheduleFormHeading><RegulationPiece><Heading level="1"><TitleText>Producer Reports</TitleText></Heading><Section><Label>1</Label><Text>Each licensed producer shall provide the Agency with the following information respecting the marketing of turkeys in interprovincial or export trade:</Text><Paragraph><Label>(a)</Label><Text>names and addresses of all purchasers; and</Text></Paragraph><Paragraph><Label>(b)</Label><Text>number, total weight, category and condition of turkeys marketed.</Text></Paragraph></Section><Heading level="1"><TitleText>Producer-Vendor Reports</TitleText></Heading><Section><Label>2</Label><Text>Each licensed producer-vendor shall provide the Agency with the following information respecting the marketing of turkeys in interprovincial or export trade:</Text><Paragraph><Label>(a)</Label><Text>names and addresses of all purchasers;</Text></Paragraph><Paragraph><Label>(b)</Label><Text>number, total weight, category and condition of turkeys marketed; and</Text></Paragraph><Paragraph><Label>(c)</Label><Text>price and terms of sale of turkeys marketed.</Text></Paragraph></Section><Heading level="1"><TitleText>Processor Reports</TitleText></Heading><Section><Label>3</Label><Text>Each licensed processor shall provide the Agency with the following information respecting the marketing of live turkeys in interprovincial or export trade:</Text><Paragraph><Label>(a)</Label><Text>names and addresses of all producers of turkeys marketed;</Text></Paragraph><Paragraph><Label>(b)</Label><Text>total weight and category of turkeys marketed; and</Text></Paragraph><Paragraph><Label>(c)</Label><Text>price and terms of purchase of turkeys marketed.</Text></Paragraph></Section><Heading level="1"><TitleText>Dealer Reports</TitleText></Heading><Section><Label>4</Label><Text>No report necessary.</Text></Section><Heading level="1"><TitleText>Hatcheryman Reports</TitleText></Heading><Section><Label>5</Label><Text>Each licensed hatcheryman shall provide the Agency with the following information respecting the marketing of turkeys in interprovincial or export trade:</Text><Paragraph><Label>(a)</Label><Text>names and addresses of all purchasers; and</Text></Paragraph><Paragraph><Label>(b)</Label><Text>number, category and sex (if sexed) of turkey poults marketed.</Text></Paragraph></Section></RegulationPiece></Schedule></Regulation>