﻿<?xml version="1.0" encoding="utf-8"?><!DOCTYPE Regulation PUBLIC "-//Justice Canada//DTD Regulation v1.2.2//EN" "Dtd/Regulations/Version_1.2.2/regulation.dtd"><Regulation regulation-type="SOR" xml:lang="en"><Identification><InstrumentNumber>C.R.C., c. 154</InstrumentNumber><ConsolidationDate><Date><YYYY>2018</YYYY><MM>07</MM><DD>06</DD></Date></ConsolidationDate><LastModifiedDate><Date><YYYY>2005</YYYY><MM>6</MM><DD>10</DD></Date></LastModifiedDate><EnablingAuthority><XRefExternal reference-type="act">AGRICULTURAL PRODUCTS MARKETING ACT</XRefExternal></EnablingAuthority><ShortTitle>Manitoba Hog Order</ShortTitle><LongTitle>Order Granting Authority to Regulate the Marketing in Interprovincial and Export Trade of Hogs Produced in Manitoba</LongTitle></Identification><Body><Heading level="1"><TitleText>Short Title</TitleText></Heading><Section><Label>1</Label><Text>This Order may be cited as the <XRefExternal reference-type="regulation">Manitoba Hog Order</XRefExternal>.</Text></Section><Heading level="1"><TitleText>Interpretation</TitleText></Heading><Section><Label>2</Label><Text>In this Order,</Text><Definition generate-in-text="no"><Text><DefinedTermEn>Act</DefinedTermEn> means <XRefExternal reference-type="act">The Natural Products Marketing Act</XRefExternal> of Manitoba, C.C.S.M., c. N20; (<DefinedTermFr>Loi</DefinedTermFr>)</Text></Definition><Definition generate-in-text="no"><Text><DefinedTermEn>Commodity Board</DefinedTermEn><Repealed>[Repealed, SOR/97-422, s. 1]</Repealed></Text></Definition><Definition generate-in-text="no"><Text><DefinedTermEn>hog</DefinedTermEn> means a member of the species <Language xml:lang="la">Sus Scrofa L.</Language> (domestic pig) of any kind, grade or class; (<DefinedTermFr>porc</DefinedTermFr>)</Text></Definition><Definition generate-in-text="no"><Text><DefinedTermEn>Plan</DefinedTermEn> means any plan for the marketing of hogs, established and amended from time to time, pursuant to the Act; (<DefinedTermFr>Plan</DefinedTermFr>)</Text></Definition><Definition generate-in-text="no"><Text><DefinedTermEn>Producer Board</DefinedTermEn> means the Manitoba Pork est., continued pursuant to subsection 3(1) of the <XRefExternal reference-type="regulation">Manitoba Hog Producers’ Marketing Plan Regulation</XRefExternal> made under the Act. (<DefinedTermFr>organisation de producteurs</DefinedTermFr>)</Text></Definition><HistoricalNote>SOR/97-422, s. 1.</HistoricalNote></Section><Heading level="1"><TitleText>Interprovincial and Export Trade</TitleText></Heading><Section><Label>3</Label><Text>The Producer Board is authorized to regulate the marketing of hogs in interprovincial and export trade and for such purposes may, with respect to persons and property situated within the Province of Manitoba, exercise all or any powers like the powers exercisable by it in relation to the marketing of hogs locally within that Province under the Act and the Plan.</Text><HistoricalNote>SOR/97-422, s. 2.</HistoricalNote></Section><Heading level="1"><TitleText>Levies</TitleText></Heading><Section><Label>4</Label><Text>The Producer Board is authorized, in relation to the powers granted to it by section 3 with respect to the marketing of hogs in interprovincial and export trade, to make orders fixing, imposing and collecting levies or charges from persons described in section 3 who are engaged in the production or marketing of hogs and for such purpose classifying such persons into groups and fixing levies or charges payable by the members of the different groups in different amounts; and the Producer Board may use such levies or charges for its purposes, including the creation of reserves, the payment of expenses and losses resulting from the sale or disposal of hogs and the equalization or adjustment among producers of hogs of moneys realized from the sale thereof during such period or periods of time as it may determine.</Text><HistoricalNote>SOR/84-664, s. 1; SOR/97-422, s. 2.</HistoricalNote></Section></Body></Regulation>