﻿<?xml version="1.0" encoding="utf-8"?><!DOCTYPE Regulation PUBLIC "-//Justice Canada//DTD Regulation v1.2.2//EN" "Dtd/Regulations/Version_1.2.2/regulation.dtd"><Regulation regulation-type="SOR" xml:lang="en"><Identification><InstrumentNumber>C.R.C., c. 1055</InstrumentNumber><ConsolidationDate><Date><YYYY>2018</YYYY><MM>07</MM><DD>06</DD></Date></ConsolidationDate><LastModifiedDate><Date><YYYY>2005</YYYY><MM>7</MM><DD>19</DD></Date></LastModifiedDate><EnablingAuthority><XRefExternal reference-type="act">NATIONAL ENERGY BOARD ACT</XRefExternal></EnablingAuthority><ShortTitle>National Energy Board Order No. MO-62-69</ShortTitle><LongTitle>Order Respecting the Application of Part IV of the National Energy Board Act</LongTitle></Identification><Body><Heading level="1"><TitleText>Short Title</TitleText></Heading><Section><Label>1</Label><Text>This Order may be cited as the <XRefExternal reference-type="regulation">National Energy Board Order No. MO-62-69</XRefExternal>.</Text></Section><Heading level="1"><TitleText>Application of part IV of the act</TitleText></Heading><Section><Label>2</Label><Text>The National Energy Board, pursuant to subsection 97(1)<FootnoteRef idref="footnote1_e">1</FootnoteRef> of the <XRefExternal reference-type="act">National Energy Board Act</XRefExternal>, hereby orders that Part IV of the said Act applies to every person who was operating a pipeline on November 2, 1959.</Text><Footnote id="footnote1_e" placement="section" status="official"><Label>1</Label><Text>This subsection is not reproduced in the R.S.C., 1970, see S.C., 1959, c. 46.</Text></Footnote></Section></Body></Regulation>