﻿<?xml version="1.0" encoding="utf-8"?><!DOCTYPE Regulation PUBLIC "-//Justice Canada//DTD Regulation v1.2.2//EN" "Dtd/Regulations/Version_1.2.2/regulation.dtd"><Regulation regulation-type="SOR" xml:lang="en"><Identification><InstrumentNumber>C.R.C., c. 533</InstrumentNumber><ConsolidationDate><Date><YYYY>2018</YYYY><MM>07</MM><DD>06</DD></Date></ConsolidationDate><LastModifiedDate><Date><YYYY>2005</YYYY><MM>7</MM><DD>4</DD></Date></LastModifiedDate><EnablingAuthority><XRefExternal reference-type="act">CUSTOMS TARIFF</XRefExternal></EnablingAuthority><ShortTitle>Importation of Periodicals Regulations</ShortTitle><LongTitle>Regulations Respecting the Importation of Periodicals</LongTitle></Identification><Repealed>[Repealed, SOR/2009-30, s. 1]</Repealed><Body><Heading level="1"><TitleText>Short Title</TitleText><Note>[Repealed, SOR/2009-30, s. 1]</Note></Heading><Section><Label>1</Label><Text><Repealed>[Repealed, SOR/2009-30, s. 1]</Repealed></Text></Section><Heading level="1"><TitleText>Interpretation</TitleText><Note>[Repealed, SOR/2009-30, s. 1]</Note></Heading><Section><Label>2</Label><Text><Repealed>[Repealed, SOR/2009-30, s. 1]</Repealed></Text></Section><Heading level="1"><TitleText>Procedure</TitleText><Note>[Repealed, SOR/2009-30, s. 1]</Note></Heading><Section><Label>3</Label><Text><Repealed>[Repealed, SOR/2009-30, s. 1]</Repealed></Text></Section><Section><Label>4</Label><Text><Repealed>[Repealed, SOR/2009-30, s. 1]</Repealed></Text></Section><Section><Label>5</Label><Text><Repealed>[Repealed, SOR/2009-30, s. 1]</Repealed></Text></Section><Section><Label>6</Label><Text><Repealed>[Repealed, SOR/2009-30, s. 1]</Repealed></Text></Section><Section><Label>7</Label><Text><Repealed>[Repealed, SOR/2009-30, s. 1]</Repealed></Text></Section></Body></Regulation>