﻿<?xml version="1.0" encoding="utf-8"?><!DOCTYPE Regulation PUBLIC "-//Justice Canada//DTD Regulation v1.2.2//EN" "Dtd/Regulations/Version_1.2.2/regulation.dtd"><Regulation gazette-part="II" regulation-type="SOR" xml:lang="en"><Identification><InstrumentNumber>C.R.C., c. 96</InstrumentNumber><ConsolidationDate><Date><YYYY>2018</YYYY><MM>07</MM><DD>06</DD></Date></ConsolidationDate><LastModifiedDate><Date><YYYY>2012</YYYY><MM>2</MM><DD>21</DD></Date></LastModifiedDate><EnablingAuthority><XRefExternal reference-type="act">AERONAUTICS ACT</XRefExternal></EnablingAuthority><ShortTitle>Montreal International Airport Zoning Regulations</ShortTitle><LongTitle>Regulations Respecting Zoning at Montreal International Airport</LongTitle></Identification><Repealed>[Repealed, SOR/2017-201, s. 7]</Repealed><Body><Heading level="1"><TitleText>Short Title</TitleText><Note>[Repealed, SOR/2017-201, s. 7]</Note></Heading><Section><Label>1</Label><Text><Repealed>[Repealed, SOR/2017-201, s. 7]</Repealed></Text></Section><Heading level="1"><TitleText>Interpretation</TitleText><Note>[Repealed, SOR/2017-201, s. 7]</Note></Heading><Section><Label>2</Label><Text><Repealed>[Repealed, SOR/2017-201, s. 7]</Repealed></Text></Section><Section><Label>3</Label><Text><Repealed>[Repealed, SOR/2017-201, s. 7]</Repealed></Text></Section><Heading level="1"><TitleText>Application</TitleText><Note>[Repealed, SOR/2017-201, s. 7]</Note></Heading><Section><Label>4</Label><Text><Repealed>[Repealed, SOR/2017-201, s. 7]</Repealed></Text></Section><Heading level="1"><TitleText>General</TitleText><Note>[Repealed, SOR/2017-201, s. 7]</Note></Heading><Section><Label>5</Label><Text><Repealed>[Repealed, SOR/2017-201, s. 7]</Repealed></Text></Section></Body><Schedule spanlanguages="no" bilingual="no"><ScheduleFormHeading><Label>SCHEDULE</Label><OriginatingRef>(Sections 2 and 4)</OriginatingRef></ScheduleFormHeading><Repealed>[Repealed, SOR/2017-201, s. 7]</Repealed></Schedule></Regulation>