﻿<?xml version="1.0" encoding="utf-8"?><!DOCTYPE Regulation PUBLIC "-//Justice Canada//DTD Regulation v1.2.2//EN" "Dtd/Regulations/Version_1.2.2/regulation.dtd"><Regulation regulation-type="SOR" xml:lang="en"><Identification><InstrumentNumber>C.R.C., c. 386</InstrumentNumber><ConsolidationDate><Date><YYYY>2018</YYYY><MM>07</MM><DD>06</DD></Date></ConsolidationDate><LastModifiedDate><Date><YYYY>2005</YYYY><MM>6</MM><DD>30</DD></Date></LastModifiedDate><EnablingAuthority><XRefExternal reference-type="act">CANADA PENSION PLAN</XRefExternal></EnablingAuthority><ShortTitle>Canada Pension Plan (Social Insurance Numbers) Regulations</ShortTitle><LongTitle>Regulations Respecting the Assigning of Social Insurance Numbers</LongTitle></Identification><Repealed>[Repealed, SOR/2017-120, s. 2]</Repealed><Body><Heading level="1"><TitleText>Short Title</TitleText><Note>[Repealed, SOR/2017-120, s. 2]</Note></Heading><Section><Label>1</Label><Text><Repealed>[Repealed, SOR/2017-120, s. 2]</Repealed></Text></Section><Heading level="1"><TitleText>Interpretation</TitleText><Note>[Repealed, SOR/2017-120, s. 2]</Note></Heading><Section><Label>2</Label><Text><Repealed>[Repealed, SOR/2017-120, s. 2]</Repealed></Text></Section><Heading level="1"><TitleText>Manner of Making Application</TitleText><Note>[Repealed, SOR/2017-120, s. 2]</Note></Heading><Section><Label>3</Label><Text><Repealed>[Repealed, SOR/2017-120, s. 2]</Repealed></Text></Section><Heading level="1"><TitleText>Sources of Application Forms</TitleText><Note>[Repealed, SOR/2017-120, s. 2]</Note></Heading><Section><Label>4</Label><Text><Repealed>[Repealed, SOR/2017-120, s. 2]</Repealed></Text></Section><Heading level="1"><TitleText>Duties of Employer</TitleText><Note>[Repealed, SOR/2017-120, s. 2]</Note></Heading><Section><Label>5</Label><Text><Repealed>[Repealed, SOR/2017-120, s. 2]</Repealed></Text></Section><Section><Label>6</Label><Text><Repealed>[Repealed, SOR/2017-120, s. 2]</Repealed></Text></Section><Heading level="1"><TitleText>Authority of Minister</TitleText><Note>[Repealed, SOR/2017-120, s. 2]</Note></Heading><Section><Label>7</Label><Text><Repealed>[Repealed, SOR/2017-120, s. 2]</Repealed></Text></Section><Section><Label>8</Label><Text><Repealed>[Repealed, SOR/2017-120, s. 2]</Repealed></Text></Section></Body></Regulation>