﻿<?xml version="1.0" encoding="utf-8"?><!DOCTYPE Regulation PUBLIC "-//Justice Canada//DTD Regulation v1.2.2//EN" "Dtd/Regulations/Version_1.2.2/regulation.dtd"><Regulation regulation-type="SOR" xml:lang="en"><Identification><InstrumentNumber>C.R.C., c. 767</InstrumentNumber><ConsolidationDate><Date><YYYY>2018</YYYY><MM>07</MM><DD>06</DD></Date></ConsolidationDate><LastModifiedDate><Date><YYYY>2005</YYYY><MM>7</MM><DD>11</DD></Date></LastModifiedDate><EnablingAuthority><XRefExternal reference-type="act">FINANCIAL ADMINISTRATION ACT</XRefExternal></EnablingAuthority><ShortTitle>Foreign Ports Transhipped Goods Remission Order</ShortTitle><LongTitle>Order Respecting the Remission of Customs Duty and Taxes on Certain Goods Transhipped at Foreign Ports</LongTitle></Identification><Body><Heading level="1"><TitleText>Short Title</TitleText></Heading><Section><Label>1</Label><Text>This Order may be cited as the <XRefExternal reference-type="regulation">Foreign Ports Transhipped Goods Remission Order</XRefExternal>.</Text></Section><Heading level="1"><TitleText>Remission of Customs Duty and Taxes</TitleText></Heading><Section><Label>2</Label><Text>Subject to section 3, remission is hereby granted of the customs duty and taxes on goods originating in countries enjoying the privileges of the British Preferential Tariff when those goods are not, as required by section 3 of the <XRefExternal reference-type="act">Customs Tariff</XRefExternal>, conveyed without transhipment into a port of Canada but, owing to circumstances beyond the control of the importer, are transhipped from a foreign port.</Text></Section><Section><Label>3</Label><Text>The remission is not payable unless satisfactory evidence is supplied to the Department of National Revenue, Customs and Excise to show that direct shipment was not possible.</Text></Section><Heading level="1"><TitleText>Amount of Remission</TitleText></Heading><Section><Label>4</Label><Text>The remission in each case shall be the difference between the duty and taxes properly payable under the British Preferential Tariff and those payable under the tariff that would apply to importations from the country in which the goods were transhipped.</Text></Section></Body></Regulation>