﻿<?xml version="1.0" encoding="utf-8"?><!DOCTYPE Regulation PUBLIC "-//Justice Canada//DTD Regulation v1.2.2//EN" "Dtd/Regulations/Version_1.2.2/regulation.dtd"><Regulation regulation-type="SOR" xml:lang="en"><Identification><InstrumentNumber>C.R.C., c. 168</InstrumentNumber><ConsolidationDate><Date><YYYY>2018</YYYY><MM>07</MM><DD>06</DD></Date></ConsolidationDate><LastModifiedDate><Date><YYYY>2005</YYYY><MM>6</MM><DD>10</DD></Date></LastModifiedDate><EnablingAuthority><XRefExternal reference-type="act">AGRICULTURAL PRODUCTS MARKETING ACT</XRefExternal></EnablingAuthority><ShortTitle>Nova Scotia Turkey Order</ShortTitle><LongTitle>Order Granting Authority to Regulate the Marketing in Interprovincial and Export Trade of Turkeys Produced in Nova Scotia</LongTitle></Identification><Body><Heading level="1"><TitleText>Short Title</TitleText></Heading><Section><Label>1</Label><Text>This Order may be cited as the <XRefExternal reference-type="regulation">Nova Scotia Turkey Order</XRefExternal>.</Text></Section><Heading level="1"><TitleText>Interpretation</TitleText></Heading><Section><Label>2</Label><Text>In this Order,</Text><Definition generate-in-text="no"><Text><DefinedTermEn>Act</DefinedTermEn> means the <XRefExternal reference-type="act">Natural Products Marketing Act</XRefExternal> of Nova Scotia; (<DefinedTermFr>Loi</DefinedTermFr>)</Text></Definition><Definition generate-in-text="no"><Text><DefinedTermEn>Board</DefinedTermEn> means the Nova Scotia Marketing Board, established pursuant to the Act; (<DefinedTermFr>Régie</DefinedTermFr>)</Text></Definition><Definition generate-in-text="no"><Text><DefinedTermEn>Commodity Board</DefinedTermEn> means the Nova Scotia Turkey Marketing Board, established pursuant to the Act; (<DefinedTermFr>Office de commercialisation</DefinedTermFr>)</Text></Definition><Definition generate-in-text="no"><Text><DefinedTermEn>turkey</DefinedTermEn> means a turkey of any variety, grade or class that is raised or kept for slaughter within the Province of Nova Scotia and sold for slaughter. (<DefinedTermFr>dindon</DefinedTermFr>)</Text></Definition></Section><Heading level="1"><TitleText>Interprovincial and Export Trade</TitleText></Heading><Section><Label>3</Label><Text>The Board and the Commodity Board are each authorized to regulate the marketing of turkeys in interprovincial and export trade and for such purposes may, by order, with respect to persons and property situated within the Province of Nova Scotia, exercise all or any powers like the powers exercisable by each of them in relation to the marketing of turkeys locally within that Province under section 4B of the Act.</Text></Section><Heading level="1"><TitleText>Levies</TitleText></Heading><Section><Label>4</Label><Text>The Commodity Board is authorized,</Text><Paragraph><Label>(a)</Label><Text><Repealed>[Repealed, SOR/80-90]</Repealed></Text></Paragraph><Paragraph><Label>(b)</Label><Text>in relation to the powers granted to it by section 3 with respect to the marketing of turkeys in interprovincial and export trade,</Text></Paragraph><ContinuedSectionSubsection><Text>to make orders fixing, imposing and collecting levies or charges from persons situated within the Province of Nova Scotia who are engaged in the production or marketing of turkeys and for such purpose classifying such persons into groups and fixing the levies or charges payable by the members of the different groups in different amounts and the Commodity Board may use such levies or charges for its purposes, including the creation of reserves and the payment of expenses and losses resulting from the sale or disposal of turkeys and the equalization or adjustment among the producers of turkeys of moneys realized from the sale thereof during such period or periods of time as it may determine.</Text></ContinuedSectionSubsection><HistoricalNote>SOR/80-90.</HistoricalNote></Section></Body></Regulation>