﻿<?xml version="1.0" encoding="utf-8"?><!DOCTYPE Regulation PUBLIC "-//Justice Canada//DTD Regulation v1.2.2//EN" "Dtd/Regulations/Version_1.2.2/regulation.dtd"><Regulation regulation-type="SOR" xml:lang="en"><Identification><InstrumentNumber>C.R.C., c. 719</InstrumentNumber><ConsolidationDate><Date><YYYY>2018</YYYY><MM>07</MM><DD>06</DD></Date></ConsolidationDate><LastModifiedDate><Date><YYYY>2005</YYYY><MM>6</MM><DD>24</DD></Date></LastModifiedDate><EnablingAuthority><XRefExternal reference-type="act">FINANCIAL ADMINISTRATION ACT</XRefExternal></EnablingAuthority><ShortTitle>Passport Services Fees Regulations</ShortTitle><LongTitle>Regulations Prescribing Fees for Passport Services</LongTitle></Identification><Repealed>[Repealed, SOR/2012-253, s. 17]</Repealed><Body><Heading level="1"><TitleText>Short Title</TitleText><Note>[Repealed, SOR/2012-253, s. 17]</Note></Heading><Section><Label>1</Label><Text><Repealed>[Repealed, SOR/2012-253, s. 17]</Repealed></Text></Section><Heading level="1"><TitleText>Payment of Fees</TitleText><Note>[Repealed, SOR/2012-253, s. 17]</Note></Heading><Section><Label>2</Label><Text><Repealed>[Repealed, SOR/2012-253, s. 17]</Repealed></Text></Section><Section><Label>3</Label><Text><Repealed>[Repealed, SOR/2012-253, s. 17]</Repealed></Text></Section><Heading level="1"><TitleText>Fee Adjustments</TitleText><Note>[Repealed, SOR/2012-253, s. 17]</Note></Heading><Section><Label>4</Label><Text><Repealed>[Repealed, SOR/2012-253, s. 17]</Repealed></Text></Section><Heading level="1"><TitleText>Remission</TitleText><Note>[Repealed, SOR/2012-253, s. 17]</Note></Heading><Section><Label>5</Label><Text><Repealed>[Repealed, SOR/2012-253, s. 17]</Repealed></Text></Section></Body><Schedule spanlanguages="no" bilingual="no"><ScheduleFormHeading><Label>SCHEDULE</Label><OriginatingRef>(Sections 2, 4 and 5)</OriginatingRef></ScheduleFormHeading><Repealed>[Repealed, SOR/2012-253, s. 17]</Repealed></Schedule></Regulation>