﻿<?xml version="1.0" encoding="utf-8"?><!DOCTYPE Regulation PUBLIC "-//Justice Canada//DTD Regulation v1.2.2//EN" "Dtd/Regulations/Version_1.2.2/regulation.dtd"><Regulation gazette-part="II" regulation-type="SOR" xml:lang="en"><Identification><InstrumentNumber>C.R.C., c. 82</InstrumentNumber><ConsolidationDate><Date><YYYY>2018</YYYY><MM>07</MM><DD>06</DD></Date></ConsolidationDate><LastModifiedDate><Date><YYYY>2011</YYYY><MM>12</MM><DD>20</DD></Date></LastModifiedDate><EnablingAuthority><XRefExternal reference-type="act">AERONAUTICS ACT</XRefExternal></EnablingAuthority><ShortTitle>Fort McMurray Airport Zoning Regulations</ShortTitle><LongTitle>Regulations Respecting Zoning at Fort McMurray Airport</LongTitle></Identification><Body><Heading level="1"><TitleText>Short Title</TitleText></Heading><Section><Label>1</Label><Text>These Regulations may be cited as the <XRefExternal reference-type="regulation">Fort McMurray Airport Zoning Regulations</XRefExternal>.</Text></Section><Heading level="1"><TitleText>Interpretation</TitleText></Heading><Section><Label>2</Label><Text>In these Regulations,</Text><Definition generate-in-text="no"><Text><DefinedTermEn>airport</DefinedTermEn> means Fort McMurray Airport, in the vicinity of Fort McMurray, in the Province of Alberta; (<DefinedTermFr>aéroport</DefinedTermFr>)</Text></Definition><Definition generate-in-text="no"><Text><DefinedTermEn>airport reference point</DefinedTermEn> means the point described in Part I of the schedule; (<DefinedTermFr>point de repère de l’aéroport</DefinedTermFr>)</Text></Definition><Definition generate-in-text="no"><Text><DefinedTermEn>approach surface</DefinedTermEn> means an imaginary inclined plane extending upward and outward from each end of the strip along and at right angles to the projected centre line thereof, which approach surface is more particularly described in Part III of the schedule; (<DefinedTermFr>surface d’approche</DefinedTermFr>)</Text></Definition><Definition generate-in-text="no"><Text><DefinedTermEn>Minister</DefinedTermEn><Repealed>[Revoked, SOR/93-401, s. 2]</Repealed></Text></Definition><Definition generate-in-text="no"><Text><DefinedTermEn>outer surface</DefinedTermEn> means an imaginary surface located above and in the immediate vicinity of the airport, which outer surface is more particularly described in Part IV of the schedule; (<DefinedTermFr>surface extérieure</DefinedTermFr>)</Text></Definition><Definition generate-in-text="no"><Text><DefinedTermEn>strip</DefinedTermEn> means the rectangular portion of the landing area of the airport, including the runway prepared for the take-off and landing of aircraft in a particular direction, which strip is more particulary described in Part V of the schedule; (<DefinedTermFr>bande</DefinedTermFr>)</Text></Definition><Definition generate-in-text="no"><Text><DefinedTermEn>transitional surface</DefinedTermEn> means an imaginary inclined plane extending upward and outward from the lateral limits of a strip and its approach surfaces, which transitional surface is more particularly described in Part VI of the schedule. (<DefinedTermFr>surface de transition</DefinedTermFr>)</Text></Definition><HistoricalNote>SOR/93-401, s. 2.</HistoricalNote></Section><Section><Label>3</Label><Text>For the purposes of these Regulations, the airport reference point is deemed to be 1,205 feet above sea level.</Text></Section><Heading level="1"><TitleText>Application</TitleText></Heading><Section><Label>4</Label><Text>These Regulations apply to all the lands and lands under water, including public road allowances, adjacent to or in the vicinity of the airport, that consist of</Text><Paragraph><Label>(a)</Label><Text>the lands the outer limits of which are described in Part II of the schedule; and</Text></Paragraph><Paragraph><Label>(b)</Label><Text>the lands directly beneath the approach surface, other than such lands as from time to time form part of the airport and such lands as form the Clearwater Indian Reserve No. 175.</Text></Paragraph></Section><Heading level="1"><TitleText>General</TitleText></Heading><Section><Label>5</Label><Text>No person shall erect or construct, on any land or any land under water to which these Regulations apply, any building, structure or object or any addition to any existing building, structure or object, the highest point of which will exceed in elevation at the location of that point any of the surfaces hereinafter set out that project immediately over and above the surface of the land at that location, namely,</Text><Paragraph><Label>(a)</Label><Text>the approach surfaces;</Text></Paragraph><Paragraph><Label>(b)</Label><Text>the outer surface; or</Text></Paragraph><Paragraph><Label>(c)</Label><Text>the transitional surfaces.</Text></Paragraph></Section></Body><Schedule bilingual="no" spanlanguages="no"><ScheduleFormHeading><Label>SCHEDULE</Label><OriginatingRef>(Sections 2 and 4)</OriginatingRef></ScheduleFormHeading><Heading level="1"><Label>PART I</Label><TitleText>Airport Reference Point</TitleText></Heading><Provision format-ref="indent-0-0" language-align="yes" list-item="no"><Text>Being a point distant 500 feet measured northerly and perpendicular to the centre line of runway 07-25 from a point distant 4,580.43 feet measured westerly along the centre line from the intersection of the said centre line with the easterly boundary of the Northeast quarter of Section 21, Township 88, Range 8, West of the 4th Meridian, and which said intersection is distant southerly 74.53 feet, more or less, from the northeast corner of said quarter section.</Text></Provision><Heading level="1"><Label>PART II</Label><TitleText>Description of Outer Limits of Lands</TitleText></Heading><Provision format-ref="indent-0-0" language-align="yes" list-item="no"><Text>BOUNDED AS FOLLOWS: on the north by the northern boundaries of Section 36, Township 88, Range 9, West of the 4th Meridian, and Sections 31, 32, 33, 34 and 35, Township 88, Range 8, West of the 4th Meridian and their productions across the road allowances; on the East by the eastern boundaries of Sections 14, 23, 26 and 35, Township 88, Range 8, West of the 4th Meridian and their productions across road allowances; on the South by the southern boundaries of Sections 14, 15, 16, 17 and 18, Township 88, Range 8, West of the 4th Meridian, and Section 13, Township 88, Range 9, West of the 4th Meridian and their productions across road allowances; on the West by the western boundaries of Sections 13, 24, 25 and 36, Township 88, Range 9, West of the 4th Meridian and their productions across road allowances; which outer limits are shown on Department of Public Works Plan No. E. 1017, dated September 28, 1972.</Text></Provision><Heading level="1"><Label>PART III</Label><TitleText>Description of Each Approach Surface</TitleText></Heading><Provision format-ref="indent-0-0" language-align="yes" list-item="no"><Text>Being a surface abutting each end of the strip associated with the runway designated as 07-25 and more particularly described as follows:</Text><Provision format-ref="indent-1-1" language-align="no" list-item="no"><Label>(a)</Label><Text>a surface abutting the end of the strip associated with runway approach 07 consisting of an inclined plane having a ratio of one (1) foot measured vertically to fifty (50) feet measured horizontally rising to an imaginary horizontal line drawn at right angles to the projected centre line of the strip, one thousand (1,000) feet measured vertically above the elevation at the end of the strip and fifty thousand (50,000) feet measured horizontally from the end of the strip, the outer ends of the imaginary horizontal line being eight thousand (8,000) feet from the projected centre line, and</Text></Provision><Provision format-ref="indent-1-1" language-align="no" list-item="no"><Label>(b)</Label><Text>a surface abutting the end of the strip associated with runway approach 25 consisting of an inclined plane having a ratio of one (1) foot measured vertically to fifty (50) feet measured horizontally rising to an imaginary horizontal line drawn at right angles to the projected centre line of the strip, one thousand (1,000) feet measured vertically above the elevation at the end of the strip and fifty thousand (50,000) feet measured horizontally from the end of the strip, the outer ends of the imaginary horizontal line being eight thousand (8,000) feet from the projected centre line, excepting thereout all that portion of the said surface contained within the vertical projections of the boundaries of the Clearwater Indian Reserve No. 175,</Text></Provision><Provision format-ref="indent-0-0" language-align="no" list-item="no"><Text>which approach surfaces are shown on Department of Public Works Plan E. 1017, dated September 28, 1972.</Text></Provision></Provision><Heading level="1"><Label>PART IV</Label><TitleText>Description of the Outer Surface</TitleText></Heading><Provision format-ref="indent-0-0" language-align="yes" list-item="no"><Text>Being an imaginary surface consisting of</Text><Provision format-ref="indent-1-1" language-align="no" list-item="no"><Label>(a)</Label><Text>a common plane established at a constant elevation of one hundred and fifty (150) feet above the assigned elevation of the airport reference point, and</Text></Provision><Provision format-ref="indent-1-1" language-align="no" list-item="no"><Label>(b)</Label><Text>where the common plane described in paragraph (a) is less than thirty (30) feet above the surface of the ground, an imaginary surface located thirty (30) feet above the surface of the ground,</Text></Provision><Provision format-ref="indent-0-0" language-align="no" list-item="no"><Text>which outer surface is shown on Department of Public Works Plan No. E. 1017, dated September 28, 1972.</Text></Provision></Provision><Heading level="1"><Label>PART V</Label><TitleText>Description of Strip</TitleText></Heading><Provision format-ref="indent-0-0" language-align="yes" list-item="no"><Text>The strip associated with the runway designated as 07-25 is one thousand (1,000) feet in width, five hundred (500) feet being on each side of the centre line of the runway, and seven thousand four hundred (7,400) feet in length, as shown on Department of Public Works Plan No. E. 1017, dated September 28, 1972.</Text></Provision><Heading level="1"><Label>PART VI</Label><TitleText>Description of Each Transitional Surface</TitleText></Heading><Provision format-ref="indent-0-0" language-align="yes" list-item="no"><Text>Being a surface consisting of an inclined plane rising at a ratio of one (1) foot measured vertically to seven (7) feet measured horizontally at right angles to the centre line and centre line produced of the strip and extending upward and outward from the lateral limits of the strip and its approach surfaces to an intersection with the outer surface, as shown on Department of Public Works Plan No. E. 1017, dated September 28, 1972.</Text></Provision></Schedule></Regulation>