﻿<?xml version="1.0" encoding="utf-8"?><!DOCTYPE Regulation PUBLIC "-//Justice Canada//DTD Regulation v1.2.2//EN" "Dtd/Regulations/Version_1.2.2/regulation.dtd"><Regulation gazette-part="II" regulation-type="SOR" xml:lang="en"><Identification><InstrumentNumber>C.R.C., c. 125</InstrumentNumber><ConsolidationDate><Date><YYYY>2018</YYYY><MM>07</MM><DD>06</DD></Date></ConsolidationDate><LastModifiedDate><Date><YYYY>2012</YYYY><MM>3</MM><DD>13</DD></Date></LastModifiedDate><EnablingAuthority><XRefExternal reference-type="act">AERONAUTICS ACT</XRefExternal></EnablingAuthority><ShortTitle>Yarmouth Airport Zoning Regulations</ShortTitle><LongTitle>Regulations Respecting Zoning at Yarmouth Airport</LongTitle></Identification><Body><Heading level="1"><TitleText>Short Title</TitleText></Heading><Section><Label>1</Label><Text>These Regulations may be cited as the <XRefExternal reference-type="regulation">Yarmouth Airport Zoning Regulations</XRefExternal>.</Text></Section><Heading level="1"><TitleText>Interpretation</TitleText></Heading><Section><Label>2</Label><Text>In these Regulations,</Text><Definition generate-in-text="no"><Text><DefinedTermEn>airport</DefinedTermEn> means Yarmouth Airport, in the County of Yarmouth, in the Province of Nova Scotia; (<DefinedTermFr>aéroport</DefinedTermFr>)</Text></Definition><Definition generate-in-text="no"><Text><DefinedTermEn>airport reference point</DefinedTermEn> means the point described in Part I of the schedule; (<DefinedTermFr>point de repère de l’aéroport</DefinedTermFr>)</Text></Definition><Definition generate-in-text="no"><Text><DefinedTermEn>approach surface</DefinedTermEn> means an imaginary inclined plane extending outward and upward from the ends of a strip at a ratio of 50 feet measured horizontally to one foot measured vertically for runway 06-24 and 40 feet measured horizontally to one foot measured vertically for runway 15-33, the lower end of which plane is a horizontal line at right angles to the centre line of the strip at the strip ends, which approach surfaces are shown on Plan No. MT-0150 (A,B,C), dated November 6, 1967, on record in the Department of Transport at Ottawa; (<DefinedTermFr>surface d’approche</DefinedTermFr>)</Text></Definition><Definition generate-in-text="no"><Text><DefinedTermEn>horizontal surface</DefinedTermEn> means an imaginary horizontal plane located 150 feet above the assigned elevation of the airport reference point; (<DefinedTermFr>surface horizontale</DefinedTermFr>)</Text></Definition><Definition generate-in-text="no"><Text><DefinedTermEn>Minister</DefinedTermEn><Repealed>[Revoked, SOR/93-401, s. 2]</Repealed></Text></Definition><Definition generate-in-text="no"><Text><DefinedTermEn>strip</DefinedTermEn> means a rectangular portion of the landing area of the airport including the runway especially prepared for the take-off and landing of aircraft in a particular direction, the dimensions of which strip are set out in Part II of the schedule; (<DefinedTermFr>bande</DefinedTermFr>)</Text></Definition><Definition generate-in-text="no"><Text><DefinedTermEn>transitional surface</DefinedTermEn> means the imaginary inclined plane extending upward and outward at a ratio of seven feet measured horizontally to one foot measured vertically from the outer lateral limits of a strip and its approach surfaces to an intersection with the horizontal surface or other transitional surfaces, which transitional surface is shown on Plan No. MT-0150 (A,B,C), dated November 6, 1967, on record in the Department of Transport at Ottawa. (<DefinedTermFr>surfaces de transition</DefinedTermFr>)</Text></Definition><HistoricalNote>SOR/93-401, s. 2.</HistoricalNote></Section><Section><Label>3</Label><Text>For the purposes of these Regulations, the airport reference point is deemed to be 106 feet above sea level.</Text></Section><Heading level="1"><TitleText>Application</TitleText></Heading><Section><Label>4</Label><Subsection><Label>(1)</Label><Text>Subject to subsection (2), these Regulations apply to all lands, including public road allowances, adjacent to or in the vicinity of the airport, the outer limits of which are more particularly described as follows:</Text><Provision format-ref="indent-1-1" language-align="no" list-item="no"><Text>BEGINNING at a point at the intersection of the Southwesterly boundary of Wyman Road with the Westerly boundary of a road leading to Pinkney Point; THENCE, from the POINT OF BEGINNING so determined following the lot line between lots 15 and 16 in a general Northwesterly direction to its intersection with the lot line between lots 11 and 15; THENCE, following the last mentioned lot line in a general Southwesterly direction to its intersection with the lot line between lots 11 and 38; THENCE, following the last mentioned lot line and the lot line between lots 48 and 62 in a general Westerly direction to the Northwesterly corner of lot 48; THENCE, following the Southeasterly boundary of lots 62 and 49 in a general Southwesterly direction to its intersection with the Easterly boundary of a road leading from Yarmouth to Central Chebogue; THENCE, following the last mentioned boundary in a general Northerly direction to its intersection with the lot line between lots 52 and 53; THENCE, following the last mentioned lot line in a general Westerly direction to its intersection with the shore line of Yarmouth Sound at high water mark; THENCE, following the last mentioned shore line and the shore line of the Yarmouth Harbor (including all wharves) in a general Northerly direction to its intersection with the Northwesterly production of the Southwesterly boundary of Starrs Road; THENCE, in a general Northwesterly direction to a point at the intersection of the Southeasterly boundary of Grove Road and the Southwesterly boundary of Vancouver Street; THENCE, in a general Northeasterly direction to its intersection with the shore line of Milo Lake (Milton Lake as per Grant Map); THENCE, following the various sinuosities of the said shore line in a general Easterly direction to its intersection with the Westerly production of the Southerly boundary of lot 74; THENCE, following the production of the said boundary in a general Easterly direction to its intersection with the shore line of Milo Lake; THENCE, following the last mentioned shore line in a general Northerly direction to its intersection with the lot line between lots 75 and 76; THENCE, following the last mentioned lot line in a general Easterly direction to its intersection with the lot line between lots 75 and 10 said line being also the division line between first and second division; THENCE, following the last mentioned division line in a general Northerly direction to its intersection between lots 10 and 76, second division; THENCE, following the last mentioned lot line and its Easterly production in a general Easterly direction to its intersection with the Southeasterly boundary of Brooklyn Road; THENCE, following the last mentioned boundary in a general Northeasterly direction to its intersection with the lot line between lots 128 and 127; THENCE, following the last mentioned lot line and also the lot line between lots 126 and 129 in a general Southeasterly direction to its intersection with the lot line between lots 129 and 136; THENCE, following the last mentioned lot line and also the lot line between lots 132 and 137 in a general Southwesterly direction to its intersection with the shore line of Telfry Lake; THENCE, following the last mentioned shore line in a general Westerly and Southerly direction to its intersection with the lot line between lots 132 and 137; THENCE, following the last mentioned lot line in a general Southwesterly direction to its intersection between lots 138 and 137; THENCE, following the last mentioned lot line and its Southeasterly production in a general Southeasterly direction to its intersection with the Southeasterly boundary of Highway No. 3; THENCE, following the last mentioned boundary and the Southeasterly boundary of a highway linking Highway No. 3 and Highway No. 34 in a general Southwesterly direction to its intersection with the lot line between lots 30 and 139; THENCE, following the last mentioned lot line in a general Easterly direction to the Northeasterly corner of lot 30; THENCE, following the Easterly boundary of lot 30 and its Southerly production in a general Southerly direction to its intersection with the Westerly boundary of Highway No. 34; THENCE, following the last mentioned boundary in a general Southerly direction to its intersection with the lot line between lots 32 and 33; THENCE, following the last mentioned lot line in its Westerly production in a general Westerly direction to its intersection with the shore line on the Westerly side of an arm of Chebogue River linking Chebogue River and Hearsey’s Salt Pond (Chebogue Lake); THENCE, following the last mentioned shore line and the Westerly boundary of Hearsey’s Salt Pond in a general Southwesterly direction to its intersection with the lot line between lots 112 and 113; THENCE following the last mentioned lot line in a general Westerly direction to its intersection with the shore line of Chebogue River; THENCE, in a general Southwesterly direction to a point at the intersection of the lot line between lots 16 and 17 and the shore line of Chebogue River; THENCE, following the last mentioned lot line in a general Westerly direction to its intersection with the Southeasterly boundary of a public road leading to Pinkney Point; THENCE, following the last mentioned boundary in a general Southwesterly direction to its intersection with the Southeasterly production of the Southwesterly boundary of Wyman Road; THENCE, following the last mentioned production in a general Northwesterly direction to the POINT OF BEGINNING; and also land known and designated as Bunker Island; which lands are shown on Plan No. MT-0150 (A,B,C), dated November 6, 1967, on record in the Department of Transport at Ottawa.</Text></Provision></Subsection><Subsection><Label>(2)</Label><Text>These Regulations do not apply with respect to such of those lands referred to in subsection (1) that form part of the airport from time to time.</Text></Subsection><HistoricalNote>SOR/95-561, s. 2(F).</HistoricalNote></Section><Heading level="1"><TitleText>General</TitleText></Heading><Section><Label>5</Label><Text>Subject to section 6, no person shall erect or construct, on any land to which these Regulations apply, any building, structure or object or any addition to any existing building, structure or object, the highest point of which will exceed in elevation at the location of the highest point any of the surfaces hereinafter set out that project immediately over and above the surface of the land at that location, namely,</Text><Paragraph><Label>(a)</Label><Text>the horizontal surface;</Text></Paragraph><Paragraph><Label>(b)</Label><Text>the approach surfaces abutting each end of the strip designated as 06-24 and extending outward therefrom, the dimensions of which approach surfaces are six hundred (600) feet on each side of the centre line of the strip at the strip ends and two thousand (2,000) feet on each side of the projected centre line of the strip at the outer ends, the said outer ends being two hundred (200) feet above the elevations at the strip ends, and measured horizontally ten thousand (10,000) feet from the strip ends;</Text></Paragraph><Paragraph><Label>(c)</Label><Text>the approach surfaces abutting each end of the strip designated as 15-33 and extending outward therefrom, the dimensions of which approach surfaces are five hundred (500) feet on each side of the centre line of the strip at the strip ends and one thousand one hundred (1,100) feet on each side of the projected centre line of the strip at the outer ends, the said outer ends being two hundred (200) feet above the elevations at the strip ends, and measured horizontally eight thousand (8,000) feet from the strip ends; or</Text></Paragraph><Paragraph><Label>(d)</Label><Text>the transitional surfaces.</Text></Paragraph><HistoricalNote>SOR/95-561, s. 2(F).</HistoricalNote></Section><Section><Label>6</Label><Text>A person may erect or construct any building, structure or object or any addition to any existing building, structure or object, the highest point of which will not exceed in elevation the elevation at that point of any approach surface or transitional surface referred to in section 5 that projects immediately over and above the surface of the land at that point but will exceed in elevation the elevation at that point of the horizontal surface, if the highest point of such building, structure or object or addition to such existing building, structure or object, will not extend more than 30 feet above the surface of the land at that point.</Text><HistoricalNote>SOR/95-561, s. 2(F).</HistoricalNote></Section><Heading level="1"><TitleText>Aeronautical Facilities</TitleText></Heading><Section><Label>7</Label><Text>No owner or lessee of any land to which these Regulations apply shall permit any part of that land to be used or developed in a manner that causes interference with any signals or communications to and from</Text><Paragraph><Label>(a)</Label><Text>any aircraft; or</Text></Paragraph><Paragraph><Label>(b)</Label><Text>any facilities used to provide services relating to aeronautics.</Text></Paragraph><HistoricalNote>SOR/95-561, s. 1.</HistoricalNote></Section><Heading level="1"><TitleText>Natural Growth</TitleText></Heading><Section><Label>8</Label><Text>Where an object of natural growth that is on any land to which these Regulations apply grows to a height that exceeds in elevation at the location of the object any of the surfaces referred to in section 5, the Minister may require that the owner or lessee of the land remove the excess growth.</Text><HistoricalNote>SOR/95-561, s. 1.</HistoricalNote></Section></Body><Schedule bilingual="no" spanlanguages="no"><ScheduleFormHeading><Label>SCHEDULE</Label><OriginatingRef>(Section 2)</OriginatingRef></ScheduleFormHeading><Heading level="1"><Label>PART I</Label><TitleText>Airport Reference Point</TitleText></Heading><Provision format-ref="indent-0-0" language-align="yes" list-item="no"><Text>Being a point distant six hundred (600) feet measured northwesterly at right angles to the centre line of runway 06-24, from a point distant three thousand five hundred (3,500) feet measured southeasterly along the said centre line from the southwesterly end of the said runway; said point being at a distance of one thousand seven hundred and sixteen (1,716) feet measured in a straight line on a bearing S. 17°36′ E. from a point at the intersection of the southwesterly boundary of Forest Street and the southeasterly boundary of McConnell Street where there is a concrete monument.</Text></Provision><Heading level="1"><Label>PART II</Label><TitleText>Dimensions of Strips</TitleText></Heading><Provision format-ref="indent-0-0" language-align="yes" list-item="no"><Label>1</Label><Text>The strip associated with runway 06-24 is twelve hundred (1,200) feet in width, six hundred (600) feet being on each side of the centre line of the runway, and six thousand six hundred (6,600) feet in length as shown on Plan No. MT-0150 (A, B, C), dated November 6, 1967, on record in the Department of Transport at Ottawa.</Text></Provision><Provision format-ref="indent-0-0" language-align="yes" list-item="no"><Label>2</Label><Text>The strip associated with runway 15-33 is one thousand (1,000) feet in width, five hundred (500) feet being on each side of the centre line of the runway, and five thousand four hundred (5,400) feet in length as shown on Plan No. MT-0150 (A, B, C), dated November 6, 1967, on record in the Department of Transport at Ottawa.</Text></Provision></Schedule></Regulation>