﻿<?xml version="1.0" encoding="utf-8"?><!DOCTYPE Regulation PUBLIC "-//Justice Canada//DTD Regulation v1.2.2//EN" "Dtd/Regulations/Version_1.2.2/regulation.dtd"><Regulation regulation-type="SOR" xml:lang="en"><Identification><InstrumentNumber>C.R.C., c. 147</InstrumentNumber><ConsolidationDate><Date><YYYY>2018</YYYY><MM>07</MM><DD>06</DD></Date></ConsolidationDate><LastModifiedDate><Date><YYYY>2005</YYYY><MM>6</MM><DD>10</DD></Date></LastModifiedDate><EnablingAuthority><XRefExternal reference-type="act">AGRICULTURAL PRODUCTS MARKETING ACT</XRefExternal></EnablingAuthority><ShortTitle>British Columbia Tree Fruit Pooling Regulations</ShortTitle><LongTitle>Regulations Respecting the Pooling of Tree Fruits Produced in British Columbia</LongTitle></Identification><Body><Heading level="1"><TitleText>Short Title</TitleText></Heading><Section><Label>1</Label><Text>These Regulations may be cited as the <XRefExternal reference-type="regulation">British Columbia Tree Fruit Pooling Regulations</XRefExternal>.</Text></Section><Heading level="1"><TitleText>Interpretation</TitleText></Heading><Section><Label>2</Label><Text>In these Regulations, unless the context otherwise requires,</Text><Definition generate-in-text="no"><Text><DefinedTermEn>Agency</DefinedTermEn> means B.C. Tree Fruits Limited, a company incorporated under the laws of the Province of British Columbia and having its chief place of business at the City of Kelowna, in the said Province; (<DefinedTermFr>Agence</DefinedTermFr>)</Text></Definition><Definition generate-in-text="no"><Text><DefinedTermEn>appropriate pooling committee</DefinedTermEn> means,</Text><Paragraph><Label>(a)</Label><Text>in respect of matters relating to apples and crabapples, the committee established by subsection 6(1),</Text></Paragraph><Paragraph><Label>(b)</Label><Text>in respect of matters relating to tree fruits, other than apples and crabapples, the committee established by subsection 6(2), and</Text></Paragraph><Paragraph><Label>(c)</Label><Text>in respect of matters relating to both apples or crabapples and other tree fruits, the committee established by subsection 6(3); (<DefinedTermFr>comité de mise en commun</DefinedTermFr>)</Text></Paragraph></Definition><Definition generate-in-text="no"><Text><DefinedTermEn>area</DefinedTermEn> means that part of British Columbia lying east of the 121st meridian of west longitude and south of the 51st parallel of north latitude; (<DefinedTermFr>région</DefinedTermFr>)</Text></Definition><Definition generate-in-text="no"><Text><DefinedTermEn>British Columbia Fruit Growers’ Association</DefinedTermEn> means the association incorporated under that name under the laws of the Province of British Columbia and having its head office at the City of Kelowna in that Province; (<DefinedTermFr>British Columbia Fruit Growers’ Association</DefinedTermFr>)</Text></Definition><Definition generate-in-text="no"><Text><DefinedTermEn>Commodity Board</DefinedTermEn> means the British Columbia Fruit Board; (<DefinedTermFr>Office de commercialisation</DefinedTermFr>)</Text></Definition><Definition generate-in-text="no"><Text><DefinedTermEn>Okanagan Federated Shippers’ Association</DefinedTermEn> means the association incorporated under that name under the laws of the Province of British Columbia and having its head office at the City of Kelowna in that Province; (<DefinedTermFr>Okanagan Federated Shippers’ Association</DefinedTermFr>)</Text></Definition><Definition generate-in-text="no"><Text><DefinedTermEn>Order</DefinedTermEn> means the <XRefExternal reference-type="regulation">British Columbia Tree Fruit Order</XRefExternal>, made under the <XRefExternal reference-type="act">Agricultural Products Marketing Act</XRefExternal>; (<DefinedTermFr>décret</DefinedTermFr>)</Text></Definition><Definition generate-in-text="no"><Text><DefinedTermEn>person</DefinedTermEn> includes a body corporate; (<DefinedTermFr>personne</DefinedTermFr>)</Text></Definition><Definition generate-in-text="no"><Text><DefinedTermEn>regulated product</DefinedTermEn> means any tree fruit grown within the area in the year 1964 and subsequent years; (<DefinedTermFr>produit réglementé</DefinedTermFr>)</Text></Definition><Definition generate-in-text="no"><Text><DefinedTermEn>Scheme</DefinedTermEn> means the British Columbia Tree Fruit Marketing Scheme, 1960, established pursuant to the <XRefExternal reference-type="act">Natural Products Marketing (British Columbia) Act</XRefExternal>, and all amendments thereto. (<DefinedTermFr>Programme</DefinedTermFr>) </Text></Definition><HistoricalNote>SOR/83-895, s. 1.</HistoricalNote></Section><Heading level="1"><TitleText>Agency</TitleText></Heading><Section><Label>3</Label><Text>The Agency, being the marketing agency appointed by the Commodity Board under the Scheme and the Order, is hereby authorized to conduct a pool or pools for the distribution of all proceeds received from the sale of the regulated product.</Text></Section><Section><Label>4</Label><Text>The Agency is hereby required to distribute the proceeds of the sale referred to in section 3, after deducting all necessary and proper disbursements, expenses and charges, in such manner that each person receives a share of the total proceeds in relation to the amount, variety, size, grade and class of the regulated product delivered by him, and to make payments in respect thereof until total net proceeds are distributed.</Text></Section><Section><Label>5</Label><Text>Subject to the requirements of section 4, the pool or pools conducted by the Agency shall be constituted and operated in a manner similar to that in which like pools heretofore operated by the Agency pursuant to contracts with persons engaged in the production, packing and/or storing of the regulated product or any part thereof have been conducted, and otherwise in such manner as may from time to time be approved by the appropriate pooling committee as provided for in section 6.</Text></Section><Heading level="1"><TitleText>Pooling Committees</TitleText></Heading><Section><Label>6</Label><Subsection><Label>(1)</Label><Text>There shall be a pooling committee that shall deal with matters relating to apples and crabapples consisting of seven members, five of whom shall be appointed by the British Columbia Fruit Growers’ Association, one of whom shall be appointed by the Okanagan Federated Shippers’ Association and one of whom shall be appointed by the Agency.</Text></Subsection><Subsection><Label>(2)</Label><Text>There shall be a pooling committee that shall deal with matters relating to tree fruits, other than apples and crabapples, consisting of seven members, five of whom shall be appointed by the British Columbia Fruit Growers’ Association, one of whom shall be appointed by the Okanagan Federated Shippers’ Association and one of whom shall be appointed by the Agency.</Text></Subsection><Subsection><Label>(3)</Label><Text>There shall be a pooling committee that shall deal with matters relating to both apples or crabapples and other tree fruits consisting of the members of the committees established by subsections (1) and (2).</Text></Subsection><Subsection><Label>(4)</Label><Text>A person appointed as a member of one of the committees established by subsection (1) or (2) may also be appointed as a member of the other committee established by those subsections.</Text></Subsection><HistoricalNote>SOR/83-895, s. 2.</HistoricalNote></Section><Section><Label>7</Label><Subsection><Label>(1)</Label><Text>Each pooling committee established by section 6 may make its own rules as to the convening and procedure of its meetings and the election of a chairman of such meetings.</Text></Subsection><Subsection><Label>(2)</Label><Text>The decision of the majority of members present at a meeting of a pooling committee at which a quorum is present shall be deemed to be the decision of the committee.</Text></Subsection><Subsection><Label>(3)</Label><Text>Five members constitute a quorum in respect of the committees established by subsections 6(1) and (2).</Text></Subsection><Subsection><Label>(4)</Label><Text>Ten members constitute a quorum in respect of the committee established by subsection 6(3).</Text></Subsection><Subsection><Label>(5)</Label><Text>In the event of a tie vote at a meeting of a pooling committee, the chairman of the meeting shall have a second or casting vote.</Text></Subsection><HistoricalNote>SOR/83-895, s. 2.</HistoricalNote></Section><Section><Label>8</Label><Text>The British Columbia Fruit Growers’ Association, the Okanagan Federated Shippers’ Association and the Agency may at any time revoke any appointment to a pooling committee made by it and may appoint another member to the committee in the place of the person whose membership was revoked.</Text><HistoricalNote>SOR/83-895, s. 2.</HistoricalNote></Section></Body></Regulation>