﻿<?xml version="1.0" encoding="utf-8"?><!DOCTYPE Regulation PUBLIC "-//Justice Canada//DTD Regulation v1.2.2//EN" "Dtd/Regulations/Version_1.2.2/regulation.dtd"><Regulation gazette-part="II" regulation-type="SOR" xml:lang="en"><Identification><InstrumentNumber>C.R.C., c. 117</InstrumentNumber><ConsolidationDate><Date><YYYY>2018</YYYY><MM>07</MM><DD>06</DD></Date></ConsolidationDate><LastModifiedDate><Date><YYYY>2012</YYYY><MM>3</MM><DD>7</DD></Date></LastModifiedDate><EnablingAuthority><XRefExternal reference-type="act">AERONAUTICS ACT</XRefExternal></EnablingAuthority><ShortTitle>Sydney Airport Zoning Regulations</ShortTitle><LongTitle>Regulations Respecting Zoning at Sydney Airport</LongTitle></Identification><Body><Heading level="1"><TitleText>Short Title</TitleText></Heading><Section><Label>1</Label><Text>These Regulations may be cited as the <XRefExternal reference-type="regulation">Sydney Airport Zoning Regulations</XRefExternal>.</Text></Section><Heading level="1"><TitleText>Interpretation</TitleText></Heading><Section><Label>2</Label><Text>In these Regulations,</Text><Definition generate-in-text="no"><Text><DefinedTermEn>airport</DefinedTermEn> means Sydney Airport at Reserve Mines, County of Cape Breton, in the Province of Nova Scotia; (<DefinedTermFr>aéroport</DefinedTermFr>)</Text></Definition><Definition generate-in-text="no"><Text><DefinedTermEn>airport reference point</DefinedTermEn> means the point described in Part I of the schedule; (<DefinedTermFr>point de repère de l’aéroport</DefinedTermFr>)</Text></Definition><Definition generate-in-text="no"><Text><DefinedTermEn>approach surface</DefinedTermEn> means an imaginary inclined plane extending upward and outward from the end of each strip along and at right angles to the projected centre line thereof, which approach surface is more particularly described in Part III of the schedule; (<DefinedTermFr>surface d’approche</DefinedTermFr>)</Text></Definition><Definition generate-in-text="no"><Text><DefinedTermEn>horizontal surface</DefinedTermEn> means an imaginary surface located above and in the immediate vicinity of the airport, which horizontal surface is more particularly described in Part IV of the schedule; (<DefinedTermFr>surface horizontale</DefinedTermFr>)</Text></Definition><Definition generate-in-text="no"><Text><DefinedTermEn>Minister</DefinedTermEn> means the Minister of Transport; (<DefinedTermFr>ministre</DefinedTermFr>)</Text></Definition><Definition generate-in-text="no"><Text><DefinedTermEn>strip</DefinedTermEn> means a rectangular portion of the landing area of the airport including the runway prepared for the take-off and landing of aircraft in a particular direction, which strip is more particularly described in Part V of the schedule; (<DefinedTermFr>bande</DefinedTermFr>)</Text></Definition><Definition generate-in-text="no"><Text><DefinedTermEn>transitional surface</DefinedTermEn> means an imaginary inclined plane extending upward and outward from the lateral limits of a strip and its approach surfaces, which transitional surface is more particularly described in Part VI of the schedule. (<DefinedTermFr>surface de transition</DefinedTermFr>)</Text></Definition></Section><Section><Label>3</Label><Text>For the purposes of these Regulations, the airport reference point is deemed to be 171 feet above sea level.</Text></Section><Heading level="1"><TitleText>Application</TitleText></Heading><Section><Label>4</Label><Text>These Regulations apply to all the lands, lands under water and waters, including public road allowances, adjacent to or in the vicinity of the airport, the outer limits of which lands and waters are described in Part II of the schedule, other than such lands as from time to time form part of the airport.</Text></Section><Heading level="1"><TitleText>General</TitleText></Heading><Section><Label>5</Label><Text>No person shall erect or construct on any land, land under water or waters to which these Regulations apply, any building, structure or object or any addition to any existing building, structure or object, the highest point of which will exceed in elevation at the location of the highest point any of the surfaces hereinafter set out that project immediately over and above the surface of the land at that location, namely,</Text><Paragraph><Label>(a)</Label><Text>the approach surfaces;</Text></Paragraph><Paragraph><Label>(b)</Label><Text>the horizontal surface; or</Text></Paragraph><Paragraph><Label>(c)</Label><Text>the transitional surface.</Text></Paragraph></Section><Heading level="1"><TitleText>Natural Growth</TitleText></Heading><Section><Label>6</Label><Text>Where an object of natural growth on any land to which these Regulations apply exceeds in elevation any of the surfaces referred to in paragraphs 5(a) to (c), the Minister may make a direction that the owner or occupier of the land on which the object is growing remove the excessive growth.</Text><HistoricalNote>SOR/84-813, s. 1.</HistoricalNote></Section><Heading level="1"><TitleText>Disposal of Waste</TitleText></Heading><Section><Label>7</Label><Text>No owner or occupier of any land to which these Regulations apply shall permit that land or any part of it to be used for the disposal of any waste that is edible by or attractive to birds.</Text><HistoricalNote>SOR/84-813, s. 1.</HistoricalNote></Section></Body><Schedule bilingual="no" spanlanguages="no"><ScheduleFormHeading><Label>SCHEDULE</Label><OriginatingRef>(Sections 2 and 4)</OriginatingRef></ScheduleFormHeading><Heading level="1"><Label>PART I</Label><TitleText>Airport Reference Point</TitleText></Heading><Provision format-ref="indent-0-0" language-align="yes" list-item="no"><Text>Being a point distant 600 feet measured southeasterly at right angles to the centre line of runway 07-25 and distant 500 feet measured southwesterly at right angles to the centre line of runway 14-32, said point having co-ordinates N. 16,779,209.68 feet and E. 1,368,235.16 feet and being at a distance of 2,453.71 feet measured in a straight line on a bearing S. 3°35′49″ E. from Nova Scotia Grid Monument No. 2196 having co-ordinates N. 16,781,658.56 feet and E. 1,368,081.22 feet, said point being also at a distance of 3,617.45 feet measured in a straight line on a bearing S. 36°37′41″ E. from Nova Scotia Grid Monument No. 2195 having co-ordinates N. 16,782,112.78 feet and E. 1,366,076.93 feet.</Text></Provision><Provision format-ref="indent-0-0" language-align="yes" list-item="no"><Text>All bearings hereinbefore mentioned are with reference to the Nova Scotia Grid Co-ordinate System.</Text></Provision><Heading level="1"><Label>PART II</Label><TitleText>Description of Outer Limits of Lands</TitleText></Heading><Provision format-ref="indent-0-0" language-align="yes" list-item="no"><Text>BEGINNING at a point on the Southerly boundary of Highway No. 4 leading from Sydney to Glace Bay at its intersection with the Easterly boundary of the lands granted to James J. Buchanan; THENCE, from the point of beginning so determined, in a general Northeasterly direction to the Northeasterly corner of the lands granted to Samuel Brookman; THENCE, in a general Northeasterly direction to the Northwesterly corner of approach surface 19 of runway 01-19; THENCE, following a line parallel to the 19 end of strip 01-19 and ten thousand feet (10,000′) therefrom N. 74°17′ E. a distance of four thousand feet (4,000′) to a point; THENCE, S. 7°44′50″ E. to its intersection with the Southerly boundary of Centreville Road; THENCE, following the last-mentioned boundary in a general Southeasterly direction to its intersection with a line running N. 36°47′50″ E. from the Northwesterly corner of strip 07-25; THENCE, N. 36°47′50″ E. to its intersection with a line running parallel to the 25 end of strip 07-25 and ten thousand feet (10,000′) therefrom; THENCE, S. 45°14′ E. a distance of four thousand feet (4,000′) to a point; thence, in a general Southeasterly direction to the Northeasterly corner of approach 32 of runway 14-32; THENCE, following a line parallel to the 32 end of strip 14-32 and ten thousand feet (10,000′) therefrom S. 22°46′ W. a distance of four thousand feet (4,000′) to a point; THENCE, in a general Southwesterly direction to its intersection with a line running S. 23°41′10″ E. from the Southeasterly corner of strip 01-19; THENCE, following the last-mentioned line S. 23°41′10″ E. to its intersection with a line running parallel to the 01 end of strip 01-19 and ten thousand feet (10,000′) therefrom; THENCE, S. 74°17′ W. a distance of four thousand feet (4,000′) to a point; THENCE, in a general Westerly direction to its intersection with the Northerly boundary of Old Cow Bay Road, said point being the Southeasterly corner of lands granted to Edward Cusack; THENCE, following the last-mentioned boundary to the Southwesterly corner of the same lands; THENCE, in a general Northwesterly direction to its intersection with a line running S. 36°47′50″ W. from the Southeasterly corner of strip 07-25; THENCE, following the last-mentioned line S. 36°47′50″ W. to its intersection with a line parallel to the 07 end of strip 07-25 and ten thousand feet (10,000′) therefrom; THENCE, N. 45°14′ W. a distance of four thousand feet (4,000′) to a point; THENCE, N. 52°44′10″ E. to its intersection with the Northerly boundary of lands granted to Richard Cusack; THENCE, in a general Northwesterly direction to the Southwesterly corner of Grant No. 6749; THENCE, in a general Northwesterly direction to the Point of beginning, which lands are shown on Department of Transport Plan No. MT-0749 (A, B, C, D) dated November 19, 1971.</Text></Provision><Provision format-ref="indent-0-0" language-align="yes" list-item="no"><Text>All bearings mentioned in this description are with reference to the Nova Scotia Grid Co-ordinate System.</Text></Provision><Heading level="1"><Label>PART III</Label><TitleText>Description of Each Approach Surface</TitleText></Heading><Provision format-ref="indent-0-0" language-align="yes" list-item="no"><Text>Being a surface abutting each end of the strips associated with the runways designated 01-10, 07-25 and 14-32, consisting of an inclined plane having a ratio of one (1) foot measured vertically to fifty (50) feet measured horizontally, rising to an imaginary horizontal line drawn at right angles to the projected centre line of each strip, two hundred (200) feet above the elevation at the end of each strip, measured vertically, and ten thousand (10,000) feet from the end of each strip, measured horizontally, the outer ends of each imaginary horizontal line being two thousand (2,000) feet from each projected centre line, which approach surfaces are shown on Department of Transport Plan No. MT-0749 (A, B, C, D) dated November 19, 1971.</Text></Provision><Heading level="1"><Label>PART IV</Label><TitleText>Description of the Horizontal Surface</TitleText></Heading><Provision format-ref="indent-0-0" language-align="yes" list-item="no"><Text>Being an imaginary flat surface consisting of a common plane established at a constant elevation of 150 feet above the assigned elevation of the airport reference point, which surface is shown on Department of Transport Plan No. MT-0749 (A, B, C, D) dated November 19, 1971.</Text></Provision><Heading level="1"><Label>PART V</Label><TitleText>Description of Each Strip</TitleText></Heading><Provision format-ref="indent-0-0" language-align="yes" list-item="no"><Text>Each strip is described as follows:</Text><Provision format-ref="indent-1-1" language-align="no" list-item="no"><Label>(a)</Label><Text>the strip associated with runway 01-19 is one thousand two hundred (1,200) feet in width, six hundred (600) feet being on each side of the centre line of the runway, and six thousand five hundred and ninety-nine and eight-tenths (6,599.8) feet in length,</Text></Provision><Provision format-ref="indent-1-1" language-align="no" list-item="no"><Label>(b)</Label><Text>the strip associated with runway 07-25 is one thousand two hundred (1,200) feet in width, six hundred (600) feet being on each side of the centre line of the runway, and seven thousand six hundred and sixty-nine and nine-tenths (7,669.9) feet in length, and</Text></Provision><Provision format-ref="indent-1-1" language-align="no" list-item="no"><Label>(c)</Label><Text>the strip associated with runway 14-32 is one thousand (1,000) feet in width, five hundred (500) feet being on each side of the centre line of the runway, and six thousand six hundred and five-tenths (6,600.5) feet in length,</Text></Provision><Provision format-ref="indent-0-0" language-align="no" list-item="no"><Text>which strips are shown on Department of Transport Plan No. MT-0749 (A, B, C, D) dated November 19, 1971.</Text></Provision></Provision><Heading level="1"><Label>PART VI</Label><TitleText>Description of Each Transitional Surface</TitleText></Heading><Provision format-ref="indent-0-0" language-align="yes" list-item="no"><Text>Being a surface consisting of an inclined plane having a ratio of one (1) foot measured vertically to seven (7) feet measured horizontally at right angles to the centre line and centre line produced of each strip, and extending upward and outward from the lateral limits of each strip and its approach surfaces to an intersection with the horizontal surface or another transitional surface of an adjoining strip, all as shown on Department of Transport Plan No. MT-0749 (A, B, C, D) dated November 19, 1971.</Text></Provision></Schedule></Regulation>