﻿<?xml version="1.0" encoding="utf-8"?><!DOCTYPE Regulation PUBLIC "-//Justice Canada//DTD Regulation v1.2.2//EN" "Dtd/Regulations/Version_1.2.2/regulation.dtd"><Regulation regulation-type="SOR" xml:lang="en"><Identification><InstrumentNumber>C.R.C., c. 232</InstrumentNumber><ConsolidationDate><Date><YYYY>2018</YYYY><MM>07</MM><DD>06</DD></Date></ConsolidationDate><LastModifiedDate><Date><YYYY>2005</YYYY><MM>6</MM><DD>9</DD></Date></LastModifiedDate><EnablingAuthority><XRefExternal reference-type="act">AGRICULTURAL PRODUCTS MARKETING ACT</XRefExternal></EnablingAuthority><ShortTitle>Prince Edward Island Pedigreed Seed Order</ShortTitle><LongTitle>Order Granting Authority to Regulate the Marketing in Interprovincial and Export Trade of Pedigreed Seed Produced in Prince Edward Island</LongTitle></Identification><Body><Heading level="1"><TitleText>Short Title</TitleText></Heading><Section><Label>1</Label><Text>This Order may be cited as the <XRefExternal reference-type="regulation">Prince Edward Island Pedigreed Seed Order</XRefExternal>.</Text></Section><Heading level="1"><TitleText>Interpretation</TitleText></Heading><Section><Label>2</Label><Text>In this Order,</Text><Definition generate-in-text="no"><Text><DefinedTermEn>Act</DefinedTermEn> means the <XRefExternal reference-type="act">Natural Products Marketing Act</XRefExternal> of Prince Edward Island; (<DefinedTermFr>Loi</DefinedTermFr>)</Text></Definition><Definition generate-in-text="no"><Text><DefinedTermEn>Commodity Board</DefinedTermEn> means the Prince Edward Island Pedigreed Seed Commodity Marketing Board established pursuant to the Act; (<DefinedTermFr>Office de commercialisation</DefinedTermFr>)</Text></Definition><Definition generate-in-text="no"><Text><DefinedTermEn>pedigreed seed</DefinedTermEn> means seed produced in Prince Edward Island that meets the standards set out in and is marketed in accordance with the <XRefExternal reference-type="act">Seeds Act</XRefExternal> and regulations made pursuant thereto; (<DefinedTermFr>semences généalogiques</DefinedTermFr>)</Text></Definition><Definition generate-in-text="no"><Text><DefinedTermEn>Plan</DefinedTermEn> means the Prince Edward Island Pedigreed Seed Commodity Marketing Plan established and amended from time to time pursuant to the Act. (<DefinedTermFr>Plan</DefinedTermFr>) </Text></Definition><HistoricalNote>SOR/81-151, s. 1.</HistoricalNote></Section><Heading level="1"><TitleText>Interprovincial and Export Trade</TitleText></Heading><Section><Label>3</Label><Text>The Commodity Board is authorized to regulate the marketing of pedigreed seed in interprovincial and export trade and for such purposes may, by order or regulation, with respect to persons and property situated within the Province of Prince Edward Island, exercise all or any powers like the powers exercisable by it in relation to the marketing of pedigreed seed locally within that Province under the Act and the Plan.</Text></Section><Heading level="1"><TitleText>Levies</TitleText></Heading><Section><Label>4</Label><Text>The Commodity Board is authorized,</Text><Paragraph><Label>(a)</Label><Text><Repealed>[Revoked, SOR/80-90]</Repealed></Text></Paragraph><Paragraph><Label>(b)</Label><Text>in relation to the powers granted to it by section 3 with respect to the marketing of pedigreed seed in interprovincial and export trade,</Text></Paragraph><ContinuedSectionSubsection><Text>to make orders fixing, imposing and collecting levies or charges from persons situated within the Province of Prince Edward Island who are engaged in the production or marketing of pedigreed seed and for such purposes classifying such persons into groups and fixing the levies or charges payable by the members of the different groups in different amounts and the Commodity Board may use such levies or charges for its purposes, including the creation of reserves and the payment of expenses and losses resulting from the sale or disposal of pedigreed seed and the equalization or adjustment among producers of pedigreed seed of moneys realized from the sale thereof during such period or periods of time as it may determine.</Text></ContinuedSectionSubsection><HistoricalNote>SOR/80-90.</HistoricalNote></Section></Body></Regulation>