﻿<?xml version="1.0" encoding="utf-8"?><!DOCTYPE Regulation PUBLIC "-//Justice Canada//DTD Regulation v1.2.2//EN" "Dtd/Regulations/Version_1.2.2/regulation.dtd"><Regulation regulation-type="SOR" xml:lang="en"><Identification><InstrumentNumber>C.R.C., c. 1387</InstrumentNumber><ConsolidationDate><Date><YYYY>2018</YYYY><MM>07</MM><DD>06</DD></Date></ConsolidationDate><LastModifiedDate><Date><YYYY>2005</YYYY><MM>7</MM><DD>28</DD></Date></LastModifiedDate><EnablingAuthority><XRefExternal reference-type="act">REGIONAL DEVELOPMENT INCENTIVES ACT</XRefExternal></EnablingAuthority><ShortTitle>Regional Development Incentives Designated Regions Order, 1974</ShortTitle><LongTitle>Order Designating Regions for the Purposes of the Regional Development Incentives Act</LongTitle></Identification><Body><Heading level="1"><TitleText>Short Title</TitleText></Heading><Section><Label>1</Label><Text>This Order may be cited as the <XRefExternal reference-type="regulation">Regional Development Incentives Designated Regions Order, 1974</XRefExternal>.</Text></Section><Heading level="1"><TitleText>Designation</TitleText></Heading><Section><Label>2</Label><Text>The regions set out in the schedule are hereby designated as designated regions for the purposes of the <XRefExternal reference-type="act">Regional Development Incentives Act</XRefExternal> until December 31, 1984.</Text><HistoricalNote>SOR/78-858, s. 1; SOR/81-805, s. 1; SOR/82-481, s. 1.</HistoricalNote></Section></Body><Schedule><ScheduleFormHeading><Label>SCHEDULE</Label><OriginatingRef>(s. 2)</OriginatingRef></ScheduleFormHeading><Provision format-ref="indent-0-0" language-align="yes" list-item="no"><Label>1</Label><Text>Province of Newfoundland, including Labrador</Text></Provision><Provision format-ref="indent-0-0" language-align="yes" list-item="no"><Label>2</Label><Text>Province of Prince Edward Island</Text></Provision><Provision format-ref="indent-0-0" language-align="yes" list-item="no"><Label>3</Label><Text>Province of Nova Scotia</Text></Provision><Provision format-ref="indent-0-0" language-align="yes" list-item="no"><Label>4</Label><Text>Province of New Brunswick</Text></Provision><Provision format-ref="indent-0-0" language-align="yes" list-item="no"><Label>5</Label><Text>The following regions in the Province of Quebec:</Text><Provision format-ref="indent-1-1" language-align="no" list-item="no"><Label>(a)</Label><Text>the following counties:</Text><Provision format-ref="indent-2-2" language-align="no" list-item="no"><Label>(i)</Label><Text>Abitibi</Text></Provision><Provision format-ref="indent-2-2" language-align="no" list-item="no"><Label>(ii)</Label><Text>Arthabaska</Text></Provision><Provision format-ref="indent-2-2" language-align="no" list-item="no"><Label>(iii)</Label><Text>Beauce</Text></Provision><Provision format-ref="indent-2-2" language-align="no" list-item="no"><Label>(iv)</Label><Text>Bellechasse</Text></Provision><Provision format-ref="indent-2-2" language-align="no" list-item="no"><Label>(v)</Label><Text>Bonaventure</Text></Provision><Provision format-ref="indent-2-2" language-align="no" list-item="no"><Label>(vi)</Label><Text>Champlain</Text></Provision><Provision format-ref="indent-2-2" language-align="no" list-item="no"><Label>(vii)</Label><Text>Charlevoix East</Text></Provision><Provision format-ref="indent-2-2" language-align="no" list-item="no"><Label>(viii)</Label><Text>Charlevoix West</Text></Provision><Provision format-ref="indent-2-2" language-align="no" list-item="no"><Label>(ix)</Label><Text>Compton</Text></Provision><Provision format-ref="indent-2-2" language-align="no" list-item="no"><Label>(x)</Label><Text>Dorchester</Text></Provision><Provision format-ref="indent-2-2" language-align="no" list-item="no"><Label>(xi)</Label><Text>Drummond</Text></Provision><Provision format-ref="indent-2-2" language-align="no" list-item="no"><Label>(xii)</Label><Text>Frontenac</Text></Provision><Provision format-ref="indent-2-2" language-align="no" list-item="no"><Label>(xiii)</Label><Text>Gaspé East</Text></Provision><Provision format-ref="indent-2-2" language-align="no" list-item="no"><Label>(xiv)</Label><Text>Gaspé West</Text></Provision><Provision format-ref="indent-2-2" language-align="no" list-item="no"><Label>(xv)</Label><Text><Repealed>[Revoked, SOR/81-805, s. 2]</Repealed></Text></Provision><Provision format-ref="indent-2-2" language-align="no" list-item="no"><Label>(xvi)</Label><Text>Kamouraska</Text></Provision><Provision format-ref="indent-2-2" language-align="no" list-item="no"><Label>(xvii)</Label><Text>Labelle</Text></Provision><Provision format-ref="indent-2-2" language-align="no" list-item="no"><Label>(xviii)</Label><Text>Lac St-Jean East</Text></Provision><Provision format-ref="indent-2-2" language-align="no" list-item="no"><Label>(xix)</Label><Text>Lévis</Text></Provision><Provision format-ref="indent-2-2" language-align="no" list-item="no"><Label>(xx)</Label><Text>L’Islet</Text></Provision><Provision format-ref="indent-2-2" language-align="no" list-item="no"><Label>(xxi)</Label><Text>Lotbinière</Text></Provision><Provision format-ref="indent-2-2" language-align="no" list-item="no"><Label>(xxii)</Label><Text>Maskinongé</Text></Provision><Provision format-ref="indent-2-2" language-align="no" list-item="no"><Label>(xxiii)</Label><Text>Matane</Text></Provision><Provision format-ref="indent-2-2" language-align="no" list-item="no"><Label>(xxiv)</Label><Text>Matapédia</Text></Provision><Provision format-ref="indent-2-2" language-align="no" list-item="no"><Label>(xxv)</Label><Text>Mégantic</Text></Provision><Provision format-ref="indent-2-2" language-align="no" list-item="no"><Label>(xxvi)</Label><Text>Montmagny</Text></Provision><Provision format-ref="indent-2-2" language-align="no" list-item="no"><Label>(xxvii)</Label><Text>Montmorency No. 1</Text></Provision><Provision format-ref="indent-2-2" language-align="no" list-item="no"><Label>(xxviii)</Label><Text>Montmorency No. 2</Text></Provision><Provision format-ref="indent-2-2" language-align="no" list-item="no"><Label>(xxix)</Label><Text>Nicolet</Text></Provision><Provision format-ref="indent-2-2" language-align="no" list-item="no"><Label>(xxix.1)</Label><Text>Pontiac</Text></Provision><Provision format-ref="indent-2-2" language-align="no" list-item="no"><Label>(xxx)</Label><Text>Portneuf</Text></Provision><Provision format-ref="indent-2-2" language-align="no" list-item="no"><Label>(xxxi)</Label><Text>Québec</Text></Provision><Provision format-ref="indent-2-2" language-align="no" list-item="no"><Label>(xxxii)</Label><Text>Richmond</Text></Provision><Provision format-ref="indent-2-2" language-align="no" list-item="no"><Label>(xxxiii)</Label><Text>Rimouski</Text></Provision><Provision format-ref="indent-2-2" language-align="no" list-item="no"><Label>(xxxiv)</Label><Text>Rivière-du-Loup</Text></Provision><Provision format-ref="indent-2-2" language-align="no" list-item="no"><Label>(xxxv)</Label><Text>Sherbrooke</Text></Provision><Provision format-ref="indent-2-2" language-align="no" list-item="no"><Label>(xxxvi)</Label><Text>Stanstead</Text></Provision><Provision format-ref="indent-2-2" language-align="no" list-item="no"><Label>(xxxvii)</Label><Text>St-Maurice</Text></Provision><Provision format-ref="indent-2-2" language-align="no" list-item="no"><Label>(xxxviii)</Label><Text>Témiscamingue</Text></Provision><Provision format-ref="indent-2-2" language-align="no" list-item="no"><Label>(xxxix)</Label><Text>Témiscouata</Text></Provision><Provision format-ref="indent-2-2" language-align="no" list-item="no"><Label>(xl)</Label><Text>Wolfe</Text></Provision><Provision format-ref="indent-2-2" language-align="no" list-item="no"><Label>(xli)</Label><Text>Yamaska;</Text></Provision></Provision><Provision format-ref="indent-1-1" language-align="no" list-item="no"><Label>(b)</Label><Text>all that portion lying south of the 51st parallel of the following counties and districts:</Text><Provision format-ref="indent-2-2" language-align="no" list-item="no"><Label>(i)</Label><Text>County of Chicoutimi</Text></Provision><Provision format-ref="indent-2-2" language-align="no" list-item="no"><Label>(ii)</Label><Text>County of Lac St-Jean West</Text></Provision><Provision format-ref="indent-2-2" language-align="no" list-item="no"><Label>(iii)</Label><Text>County of Saguenay (including Anticosti Island)</Text></Provision><Provision format-ref="indent-2-2" language-align="no" list-item="no"><Label>(iv)</Label><Text>District of Abitibi, and</Text></Provision><Provision format-ref="indent-2-2" language-align="no" list-item="no"><Label>(v)</Label><Text>District of Mistassini;</Text></Provision></Provision><Provision format-ref="indent-1-1" language-align="no" list-item="no"><Label>(c)</Label><Text>that part of the County of Gatineau lying north of a line commencing at the Gatineau County-Papineau County boundary and the southern boundary of the surveyed township of Hincks running westerly along the southern boundary of the surveyed township of Hincks and continuing along the southern boundary of the surveyed township of Aylwin to the boundary of Gatineau and Pontiac counties. The surveyed townships are shown on Maps of the National Topographic System (1:250,000) Maps No. 31F and 31G, produced by the Surveys and Mapping Branch, Department of Energy, Mines and Resources;</Text></Provision><Provision format-ref="indent-1-1" language-align="no" list-item="no"><Label>(d)</Label><Text>that portion of Berthier County lying north of a line running through the surveyed township of Provost, the said line being the continuation of a line running from the point of intersection of the boundary between Montcalm and Terrebonne Counties and the southern boundary of Rolland; THENCE, easterly along the southern boundary of the surveyed townships of Rolland, Cousineau, Forbes, Gouin and Brassard Townships to the boundary between Berthier and Maskinongé (the said townships are shown on Maps No. 31I and No. 31J of the National Topographic System (1:250,000) produced by the Surveys and Mapping Branch, Department of Energy, Mines and Resources);</Text></Provision><Provision format-ref="indent-1-1" language-align="no" list-item="no"><Label>(e)</Label><Text><Repealed>[Revoked, SOR/78-858, s. 2]</Repealed></Text></Provision><Provision format-ref="indent-1-1" language-align="no" list-item="no"><Label>(f)</Label><Text>all the remaining territory lying north of the 51st parallel.</Text></Provision></Provision><Provision format-ref="indent-0-0" language-align="yes" list-item="no"><Label>6</Label><Text>The following regions in the Province of Ontario:</Text><Provision format-ref="indent-0-0" language-align="yes" list-item="no"><Text>All that portion lying north of a line commencing at the northeastern corner of the township of McNab, following west along the southern boundary of the township of Horton to the point of intersection with the township of Bagot; THENCE, west along the southern boundary of the township of Horton to the point of intersection with the township of Admaston; THENCE, west along the southern boundary of the township of Admaston to the point of intersection with the township of Brougham; THENCE, north along the eastern boundary of Brougham to the point of intersection with the township of Grattan; THENCE, west along the southern boundary of the township of Grattan to the point of intersection with the township of Griffith; THENCE, north along the eastern boundary of the township of Griffith to the point of intersection with the township of Sebastopol; THENCE, west along the southern boundary of the township of Sebastopol to the point of intersection with the township of Lyndoch; THENCE, north along the western boundary of the township of Sebastopol to the point of intersection with the township of South Algona; THENCE, north along the western boundary of the townships of South Algona, North Algona and Fraser to the point of intersection with the township of McKay; THENCE, west along the southern boundaries of the townships of Master, Cuthrie, Clancy, Preston, Sproule, Canisbay, Peck and Finlayson and north along the west boundary of Finlayson township to the Bethune township line; THENCE, west along the southern boundaries of Bethune, Perry, McMurrick and Monteith townships; THENCE, south along the western boundary of the township of Cardwell to the northeast corner of the township of Medora, and continuing west along the northern boundaries of the townships of Medora and Freiman to the Georgian Bay shore. The surveyed townships are shown on Map No. MCR 40 produced by the Surveys and Mapping Branch, Department of Energy, Mines and Resources.</Text></Provision></Provision><Provision format-ref="indent-0-0" language-align="yes" list-item="no"><Label>7</Label><Text>Province of Manitoba.</Text></Provision><Provision format-ref="indent-0-0" language-align="yes" list-item="no"><Label>8</Label><Text>Province of Saskatchewan.</Text></Provision><Provision format-ref="indent-0-0" language-align="yes" list-item="no"><Label>9</Label><Text>The following regions in the Province of British Columbia:</Text><Provision format-ref="indent-1-1" language-align="no" list-item="no"><Label>(a)</Label><Text>that portion of British Columbia known as the Regional District of Bulkley-Nechako, as more particularly described in an Order of the Lieutenant Governor in Council of British Columbia dated February 1, 1966, and contained in the British Columbia Gazette of February 17, 1966;</Text></Provision><Provision format-ref="indent-1-1" language-align="no" list-item="no"><Label>(b)</Label><Text>that portion of British Columbia known as the Regional District of Fraser-Fort George, as more particularly described in an Order of the Lieutenant Governor in Council of British Columbia dated March 8, 1967, and contained in the British Columbia Gazette of March 23, 1967;</Text></Provision><Provision format-ref="indent-1-1" language-align="no" list-item="no"><Label>(c)</Label><Text>that portion of British Columbia known as the Regional District of Kitimat-Stikine, as more particularly described in an Order of the Lieutenant Governor in Council of British Columbia dated May 31, 1969, and contained in the British Columbia Gazette of June 12, 1969, as amended by Order of the Lieutenant Governor in Council of British Columbia dated January 27, 1970, and contained in the British Columbia Gazette of February 12, 1970;</Text></Provision><Provision format-ref="indent-1-1" language-align="no" list-item="no"><Label>(d)</Label><Text>that portion of British Columbia known as the Peace River-Liard Regional District, as more particularly described in an Order of the Lieutenant Governor in Council of British Columbia dated January 28, 1969, and contained in the British Columbia Gazette of February 13, 1969, as amended by an Order of the Lieutenant Governor in Council of British Columbia dated September 11, 1970, and contained in the British Columbia Gazette of October 1, 1970;</Text></Provision><Provision format-ref="indent-1-1" language-align="no" list-item="no"><Label>(e)</Label><Text>that portion of British Columbia known as the Skeena-Queen Charlotte Regional District, as more particularly described in an Order of the Lieutenant Governor in Council of British Columbia dated August 17, 1967, and contained in the British Columbia Gazette of August 31, 1967, as amended by an Order of the Lieutenant Governor in Council of British Columbia dated May 10, 1973, and contained in the British Columbia Gazette of July 19, 1973;</Text></Provision><Provision format-ref="indent-1-1" language-align="no" list-item="no"><Label>(f)</Label><Text>that portion of British Columbia known as the Stikine Region (Unincorporated) bounded on the East by the Peace River-Liard Regional District, on the South by the Regional District of Bulkley-Nechako, on the West by the Regional District of Kitimat-Stikine, and the International Boundary between Canada and the United States of America, and on the North by the 60th parallel of latitude;</Text></Provision><Provision format-ref="indent-1-1" language-align="no" list-item="no"><Label>(g)</Label><Text>that portion of British Columbia known as the Cariboo Regional District, as more particularly described in an Order of the Lieutenant-Governor in Council of British Columbia dated January 13, 1970, and contained in the British Columbia Gazette of January 29, 1970; and</Text></Provision><Provision format-ref="indent-1-1" language-align="no" list-item="no"><Label>(h)</Label><Text>that portion of British Columbia known as the Central Coast Regional District, as more particularly described in an Order of the Lieutenant Governor in Council of British Columbia dated July 16, 1968, and contained in the British Columbia Gazette of August 1, 1968, as amended by an Order of the Lieutenant Governor in Council of British Columbia dated March 25, 1975, and contained in the British Columbia Gazette of April 17, 1975.</Text></Provision></Provision><Provision format-ref="indent-0-0" language-align="yes" list-item="no"><Label>10</Label><Text>The following region in the Province of Alberta:</Text><Provision format-ref="indent-0-0" language-align="yes" list-item="no"><Text>That portion north of a line crossing the Province of Alberta commencing at the point of intersection of the border of British Columbia along the southern boundary of the Improvement District 16 to the western boundary of the Improvement District 15; THENCE, along the southern and eastern boundaries of the Improvement District 15 to the point of intersection of the Improvement Districts 15 and 17 and the Municipal District 92; THENCE, eastward along the northern boundary of the Municipal District 92 to the point of intersection of the Municipal District 92, counties 7 and 12; THENCE, eastward along the northern boundary of counties 7 and 13 to the Gold Fish Lake Indian Reserve; THENCE, southward along the western boundaries of the Gold Fish Lake Indian Reserve, county 19 and the Saddle Lake Indian Reserve; THENCE, eastward along the southern boundary of the Saddle Lake Indian Reserve, county 19 and the most southern boundary of the Improvement District 18 to the Saskatchewan Border. (The said Districts and Counties are shown on a Census of Canada Map 1971).</Text></Provision></Provision><Provision format-ref="indent-0-0" language-align="yes" list-item="no"><Label>11</Label><Text>The Northwest Territories.</Text></Provision><Provision format-ref="indent-0-0" language-align="yes" list-item="no"><Label>12</Label><Text>The Yukon Territory.</Text></Provision><HistoricalNote> SOR/78-455, s. 1; SOR/78-858, s. 2; SOR/81-805, s. 2.</HistoricalNote></Schedule></Regulation>