﻿<?xml version="1.0" encoding="utf-8"?><!DOCTYPE Regulation PUBLIC "-//Justice Canada//DTD Regulation v1.2.2//EN" "Dtd/Regulations/Version_1.2.2/regulation.dtd"><Regulation regulation-type="SOR" xml:lang="en"><Identification><InstrumentNumber>C.R.C., c. 721</InstrumentNumber><ConsolidationDate><Date><YYYY>2018</YYYY><MM>07</MM><DD>06</DD></Date></ConsolidationDate><LastModifiedDate><Date><YYYY>2005</YYYY><MM>7</MM><DD>11</DD></Date></LastModifiedDate><EnablingAuthority><XRefExternal reference-type="act">FINANCIAL ADMINISTRATION ACT</XRefExternal></EnablingAuthority><ShortTitle>Provision of Materiel and Services to Foreign Ships Order</ShortTitle><LongTitle>Order Authorizing the Minister of National Defence to Provide Materiel and Services to Foreign Ships</LongTitle></Identification><Body><Heading level="1"><TitleText>Short Title</TitleText></Heading><Section><Label>1</Label><Text>This Order may be cited as the <XRefExternal reference-type="regulation">Provision of Materiel and Services to Foreign Ships Order</XRefExternal>.</Text></Section><Heading level="1"><TitleText>Authorization</TitleText></Heading><Section><Label>2</Label><Text>The Minister of National Defence, or such authority as he may designate, is authorized to provide, on a repayment basis,</Text><Paragraph><Label>(a)</Label><Text>materiel, services and money to naval ships of the governments</Text><Subparagraph><Label>(i)</Label><Text>of the Commonwealth countries,</Text></Subparagraph><Subparagraph><Label>(ii)</Label><Text>of the United States,</Text></Subparagraph><Subparagraph><Label>(iii)</Label><Text>of the NATO countries, and</Text></Subparagraph><Subparagraph><Label>(iv)</Label><Text>of all other powers on approved visits to Canadian ports; and</Text></Subparagraph></Paragraph><Paragraph><Label>(b)</Label><Text>materiel and services to merchant ships in distress, subject to the following qualifications:</Text><Subparagraph><Label>(i)</Label><Text>no materiel shall be issued unless the recipient agrees to pay to the Receiver General in respect thereof an amount not less than the amount that, in the opinion of the said Minister, is the cost thereof to the Crown,</Text></Subparagraph><Subparagraph><Label>(ii)</Label><Text>a limitation of maximum debit balances is imposed, in connection with naval ships, of $1 million for the United States and $50,000 for all other governments concerned, and</Text></Subparagraph><Subparagraph><Label>(iii)</Label><Text>cash money is advanced on a repayment basis only where reciprocal arrangements are available to Canadian naval ships.</Text></Subparagraph></Paragraph></Section></Body></Regulation>