﻿<?xml version="1.0" encoding="utf-8"?><!DOCTYPE Regulation PUBLIC "-//Justice Canada//DTD Regulation v1.2.2//EN" "Dtd/Regulations/Version_1.2.2/regulation.dtd"><Regulation regulation-type="SOR" xml:lang="en"><Identification><InstrumentNumber>C.R.C., c. 992</InstrumentNumber><ConsolidationDate><Date><YYYY>2018</YYYY><MM>07</MM><DD>06</DD></Date></ConsolidationDate><LastModifiedDate><Date><YYYY>2005</YYYY><MM>7</MM><DD>19</DD></Date></LastModifiedDate><EnablingAuthority><XRefExternal reference-type="act">CANADA LABOUR CODE</XRefExternal></EnablingAuthority><ShortTitle>West Coast Shipping Employees Hours of Work Regulations</ShortTitle><LongTitle>Regulations Respecting Hours of Work of Employees Engaged in Shipping on the West Coast of Canada</LongTitle></Identification><Body><Heading level="1"><TitleText>Short Title</TitleText></Heading><Section><Label>1</Label><Text>These Regulations may be cited as the <XRefExternal reference-type="regulation">West Coast Shipping Employees Hours of Work Regulations</XRefExternal>.</Text></Section><Heading level="1"><TitleText>Interpretation</TitleText></Heading><Section><Label>2</Label><Text>In these Regulations,</Text><Definition generate-in-text="no"><Text><DefinedTermEn>Act</DefinedTermEn> means Part III of the <XRefExternal reference-type="act">Canada Labour Code</XRefExternal>; (<DefinedTermFr>Loi</DefinedTermFr>)</Text></Definition><Definition generate-in-text="no"><Text><DefinedTermEn>employee</DefinedTermEn> means a person employed on board a ship described in section 3; (<DefinedTermFr>employé</DefinedTermFr>)</Text></Definition><Definition generate-in-text="no"><Text><DefinedTermEn>employer</DefinedTermEn> means a person who employs one or more employees; (<DefinedTermFr>employeur</DefinedTermFr>)</Text></Definition><Definition generate-in-text="no"><Text><DefinedTermEn>lay-day</DefinedTermEn> means a day off work with pay to which an employee becomes entitled by working on board a ship for a number of days. (<DefinedTermFr>jour de relâche</DefinedTermFr>)</Text></Definition></Section><Heading level="1"><TitleText>Modification</TitleText></Heading><Section><Label>3</Label><Text>The provisions of sections 169 and 171 of the Act are modified to the extent set out in these Regulations for the purpose of the application of Division I of the Act to any classes of employees employed on a ship that is operated by an undertaking or a business that comes within the legislative authority of Parliament and that is engaged in shipping from any port in the Province of British Columbia.</Text><HistoricalNote>SOR/92-594, s. 2.</HistoricalNote></Section><Heading level="1"><TitleText>Standard Hours of Work</TitleText></Heading><Section><Label>4</Label><Subsection><Label>(1)</Label><Text>Subject to these Regulations, where an employee is entitled to not less than 1.13 lay-days for each day he is on board a ship and works 12 hours, the working hours of the employee may exceed eight hours in a day and 40 hours in a week but shall not exceed 12 hours in a day and his employer shall not cause or permit him to work longer hours than 12 hours in any day.</Text></Subsection><Subsection><Label>(2)</Label><Text>Subject to these Regulations, where an employee is entitled to not less than 0.4 of a lay-day for each day he is on board a ship and works eight hours, the working hours of the employee may exceed 40 hours in a week but shall not exceed eight hours in a day and his employer shall not cause or permit him to work longer hours than eight hours in any day.</Text></Subsection><Subsection><Label>(3)</Label><Text>Subject to subsection (4), no employee referred to in subsections (1) and (2) shall be permitted to accumulate more than 45 lay-days.</Text></Subsection><Subsection><Label>(4)</Label><Text>Where it is established to the satisfaction of the Minister that during any period, as a result of exceptional circumstances, an accumulation of more than 45 lay-days is reasonable, the Minister may, by permit, authorize an accumulation of more than 45 lay-days during the period set out in the permit.</Text></Subsection></Section><Heading level="1"><TitleText>Overtime</TitleText></Heading><Section><Label>5</Label><Subsection><Label>(1)</Label><Text>Subject to section 6, an employee may be employed in excess of the hours of work described in subsections 4(1) and (2) but, except as provided in section 177 of the Act, the total number of hours overtime that may be worked by any employee in any period of seven consecutive working days shall not exceed</Text><Paragraph><Label>(a)</Label><Text>18 hours overtime, where his hours of work are as described in subsection 4(1); or</Text></Paragraph><Paragraph><Label>(b)</Label><Text>12 hours overtime, where his hours of work are as described in subsection 4(2).</Text></Paragraph></Subsection><Subsection><Label>(2)</Label><Text>Where an employee whose maximum hours overtime are prescribed by paragraph (1)(a) or (b) works a number of consecutive working days that is greater or less than seven, the maximum number of hours overtime that may be worked by that employee during those consecutive working days shall bear the same proportion to the number of hours prescribed in paragraph (1)(a) or (b), whichever is applicable, that the number of consecutive working days bears to seven.</Text></Subsection><HistoricalNote>SOR/92-594, s. 2.</HistoricalNote></Section><Section><Label>6</Label><Text>Where, in any working day during a period of seven consecutive working days, an employee is relieved of his duty to work when he would usually be working as a result of the loading or unloading of the ship on which he is employed and his daily working hours are thereby reduced, the total number of hours overtime that the employee may work in that period shall be increased by the number of hours by which his daily working hours are so reduced.</Text></Section><Heading level="1"><TitleText>Section 173 of Act Does Not Apply</TitleText></Heading><Section><Label>7</Label><Text>For the purposes of these Regulations, hours of work may be scheduled and actually worked without regard to section 173 of the Act.</Text><HistoricalNote>SOR/92-594, s. 2.</HistoricalNote></Section></Body></Regulation>