﻿<?xml version="1.0" encoding="utf-8"?><!DOCTYPE Regulation PUBLIC "-//Justice Canada//DTD Regulation v1.2.2//EN" "Dtd/Regulations/Version_1.2.2/regulation.dtd"><Regulation regulation-type="SOR" xml:lang="en"><Identification><InstrumentNumber>C.R.C., c. 1328</InstrumentNumber><ConsolidationDate><Date><YYYY>2018</YYYY><MM>07</MM><DD>06</DD></Date></ConsolidationDate><LastModifiedDate><Date><YYYY>2006</YYYY><MM>5</MM><DD>4</DD></Date></LastModifiedDate><EnablingAuthority><XRefExternal reference-type="act">FEDERAL REAL PROPERTY AND FEDERAL IMMOVABLES ACT</XRefExternal></EnablingAuthority><ShortTitle>Rideau Canal Lease Regulations</ShortTitle><LongTitle>Regulation Authorizing a Lease for a Term of 42 Years of Lands on the Rideau Canal</LongTitle></Identification><Body><Heading level="1"><TitleText>Short Title</TitleText></Heading><Section><Label>1</Label><Text>This Regulation may be cited as the <XRefExternal reference-type="regulation">Rideau Canal Lease Regulations</XRefExternal>.</Text></Section><Heading level="1"><TitleText>Lease</TitleText></Heading><Section><Label>2</Label><Text>The Minister of Indian Affairs and Northern Development may, notwithstanding subsection 4(2) of the <XRefExternal reference-type="regulation">I.A. and N.D. Canal Land Regulations</XRefExternal>, lease for a term of 42 years to Galeries Canada Holdings Limited and Olympia &amp; York Developments Limited, bodies corporate, duly incorporated under the laws of the Province of Ontario, the lands on the Rideau Canal, in the Regional Municipality of Ottawa-Carleton, in the Province of Ontario, containing approximately 61,600 square feet and shown outlined in red on Plan No. 42482 dated November 8, 1974 and on file in the records of the Department of Indian Affairs and Northern Development.</Text></Section></Body></Regulation>