﻿<?xml version="1.0" encoding="utf-8"?><!DOCTYPE Regulation PUBLIC "-//Justice Canada//DTD Regulation v1.2.2//EN" "Dtd/Regulations/Version_1.2.2/regulation.dtd"><Regulation regulation-type="SOR" xml:lang="en"><Identification><InstrumentNumber>C.R.C., c. 616</InstrumentNumber><ConsolidationDate><Date><YYYY>2018</YYYY><MM>07</MM><DD>06</DD></Date></ConsolidationDate><LastModifiedDate><Date><YYYY>2005</YYYY><MM>7</MM><DD>6</DD></Date></LastModifiedDate><EnablingAuthority><XRefExternal reference-type="act">EXPORT AND IMPORT PERMITS ACT</XRefExternal></EnablingAuthority><ShortTitle>Export of Specimens Permit</ShortTitle><LongTitle>General Export Permit No. Ex. 14</LongTitle></Identification><Body><Heading level="1"><TitleText>Short Title</TitleText></Heading><Section><Label>1</Label><Text>This Permit may be cited as the <XRefExternal reference-type="regulation">Export of Specimens Permit</XRefExternal>.</Text></Section><Heading level="1"><TitleText>General</TitleText></Heading><Section><Label>2</Label><Text>Subject to section 3, any person may, under the authority of this General Export Permit, export from Canada to any state, any specimen listed in Appendix I, II or III of the <XRefExternal reference-type="other">Export Control List</XRefExternal> if a permit authorizing its exportation issued in accordance with the Convention on International Trade in Endangered Species of Wild Fauna and Flora by</Text><Paragraph><Label>(a)</Label><Text>a provincial or territorial government authority in respect of any specimen under the jurisdiction of that province or territory, or</Text></Paragraph><Paragraph><Label>(b)</Label><Text>the Canadian Wildlife Service of the Department of the Environment for any specimen falling under federal jurisdiction</Text></Paragraph><ContinuedSectionSubsection><Text>is presented to the collector of customs at the Canadian port of entry.</Text></ContinuedSectionSubsection><HistoricalNote>SI/80-97, Sch. I, s. 1; SI/89-116, s. 1.</HistoricalNote></Section><Section><Label>3</Label><Text>An authority referred to in paragraph 2(a) or (b) shall not issue a permit in respect of a specimen included in Appendix I of the <XRefExternal reference-type="other">Export Control List</XRefExternal> unless an import permit granted by the state importing the specimen is presented to that authority.</Text></Section><Section><Label>4</Label><Text>Any scientist or scientific institution recognized by the Canadian Wildlife Service of the Department of the Environment may, under the authority of this General Export Permit, export from Canada to any state, for the purpose of a non-commercial loan, donation or exchange between scientists or scientific institutions, herbarium specimens, other preserved, dried or embedded museum specimens, and live plant material, listed in Appendix I, II or III of the <XRefExternal reference-type="other">Export Control List</XRefExternal> provided a certificate of approval for its exportation issued by the Canadian Wildlife Service of the Department of the Environment is presented to the collector of customs at the Canadian port of entry.</Text><HistoricalNote>SI/80-97, Sch. I, s. 1; SI/89-116, s. 1.</HistoricalNote></Section><Section><Label>5</Label><Text>Any person may, under the authority of this General Export Permit, export from Canada to any state, any specimen listed in Appendix I, II or III of the <XRefExternal reference-type="other">Export Control List</XRefExternal> that forms part of a travelling zoo, circus, menagerie, plant exhibition or other travelling exhibition provided a permit approving its exportation is obtained from the Canadian Wildlife Service of the Department of the Environment.</Text><HistoricalNote>SI/80-97, Sch. I, s. 1; SI/89-116, s. 1.</HistoricalNote></Section><Section><Label>6</Label><Text>Where completion and validation of a customs entry form is required in respect of any specimens that are exported under the authority of this General Export Permit, that form shall be endorsed “Exported under the authority of General Export Permit No. Ex. 14” or “Exporté en vertu de la Licence générale d’exportation n<Sup>o</Sup> Ex. 14”.</Text></Section></Body></Regulation>