﻿<?xml version="1.0" encoding="utf-8"?><!DOCTYPE Regulation PUBLIC "-//Justice Canada//DTD Regulation v1.2.2//EN" "Dtd/Regulations/Version_1.2.2/regulation.dtd"><Regulation regulation-type="SOR" xml:lang="en"><Identification><InstrumentNumber>C.R.C., c. 347</InstrumentNumber><ConsolidationDate><Date><YYYY>2018</YYYY><MM>07</MM><DD>06</DD></Date></ConsolidationDate><LastModifiedDate><Date><YYYY>2006</YYYY><MM>10</MM><DD>26</DD></Date></LastModifiedDate><EnablingAuthority><XRefExternal reference-type="act">APPROPRIATION ACT NO. 3, 1970</XRefExternal><XRefExternal reference-type="act">APPROPRIATION ACTS</XRefExternal></EnablingAuthority><ShortTitle>Ship Construction Subsidy Regulations</ShortTitle><LongTitle>Regulations Respecting Capital Subsidies for the Construction of Commercial and Fishing Vessels</LongTitle></Identification><Body><Heading level="1"><TitleText>Short Title</TitleText></Heading><Section><Label>1</Label><Text>These Regulations may be cited as the <XRefExternal reference-type="regulation">Ship Construction Subsidy Regulations</XRefExternal>.</Text></Section><Heading level="1"><TitleText>Interpretation</TitleText></Heading><Section><Label>2</Label><Text>In these Regulations,</Text><Definition generate-in-text="no"><Text><DefinedTermEn>approved cost</DefinedTermEn> of an eligible ship means the cost of the eligible ship determined by the Minister pursuant to subsection 6(7); (<DefinedTermFr>frais approuvés</DefinedTermFr>)</Text></Definition><Definition generate-in-text="no"><Text><DefinedTermEn>completed</DefinedTermEn>, in relation to an eligible ship, means that</Text><Paragraph><Label>(a)</Label><Text>a certificate of registry has been issued for the ship pursuant to the <XRefExternal reference-type="act">Canada Shipping Act</XRefExternal>,</Text></Paragraph><Paragraph><Label>(b)</Label><Text>where required by the <XRefExternal reference-type="act">Canada Shipping Act</XRefExternal>, a steamship inspection certificate has been issued for the ship pursuant to that Act, and</Text></Paragraph><Paragraph><Label>(c)</Label><Text>where the eligible ship is a fishing vessel, any fishing trials of the ship deemed necessary by the Minister of Fisheries and Oceans have been carried out to the satisfaction of that Minister; (<DefinedTermFr>terminé</DefinedTermFr>)</Text></Paragraph></Definition><Definition generate-in-text="no"><Text><DefinedTermEn>eligible ship</DefinedTermEn> means a vessel that is declared by the Minister, pursuant to subsection 4(3), to be an eligible ship for the purposes of these Regulations; (<DefinedTermFr>navire admissible</DefinedTermFr>)</Text></Definition><Definition generate-in-text="no"><Text><DefinedTermEn>fishing vessel</DefinedTermEn> means a ship equipped for and to be used in the catching or trapping of fish for sale; (<DefinedTermFr>bateau de pêche</DefinedTermFr>)</Text></Definition><Definition generate-in-text="no"><Text><DefinedTermEn>Minister</DefinedTermEn> means the Minister of Industry, Trade and Commerce; (<DefinedTermFr>ministre</DefinedTermFr>)</Text></Definition><Definition generate-in-text="no"><Text><DefinedTermEn>proceeds of disposition</DefinedTermEn> has the meaning assigned to that phrase in paragraph 13(21)(d) of the <XRefExternal reference-type="act">Income Tax Act</XRefExternal>; (<DefinedTermFr>produit d'une disposition</DefinedTermFr>)</Text></Definition><Definition generate-in-text="no"><Text><DefinedTermEn>shipbuilder</DefinedTermEn> means a citizen of Canada or a company incorporated in Canada that is engaged in Canada in the business of building ships in Canada; (<DefinedTermFr>constructeur de navires</DefinedTermFr>)</Text></Definition><Definition generate-in-text="no"><Text><DefinedTermEn>shipowner</DefinedTermEn> means a citizen of Canada, a company incorporated in Canada, a Canadian municipal corporation or Her Majesty in right of any province of Canada; (<DefinedTermFr>propriétaire de navire</DefinedTermFr>)</Text></Definition><Definition generate-in-text="no"><Text><DefinedTermEn>subsidy</DefinedTermEn> means the amount of capital subsidy payable in respect of an eligible ship pursuant to these Regulations; (<DefinedTermFr>subvention</DefinedTermFr>)</Text></Definition><Definition generate-in-text="no"><Text><DefinedTermEn>vessel</DefinedTermEn> means</Text><Paragraph><Label>(a)</Label><Text>a vessel that is</Text><Subparagraph><Label>(i)</Label><Text>customarily engaged in the transportation of goods or passengers,</Text></Subparagraph><Subparagraph><Label>(ii)</Label><Text>used in the construction, servicing or maintenance of other vessels or marine works, or</Text></Subparagraph><Subparagraph><Label>(iii)</Label><Text>used in the exploration or exploitation of offshore mineral resources,</Text></Subparagraph><ContinuedParagraph><Text>and that is at least of</Text></ContinuedParagraph><Subparagraph><Label>(iv)</Label><Text>100 tons gross tonnage if self-propelled,</Text></Subparagraph><Subparagraph><Label>(v)</Label><Text>200 tons gross tonnage if not self-propelled,</Text></Subparagraph><Subparagraph><Label>(vi)</Label><Text>50 tons gross tonnage if a tug, or</Text></Subparagraph><Subparagraph><Label>(vii)</Label><Text>two tons gross tonnage if a submersible capable of operating at depths of at least 1,000 feet, or</Text></Subparagraph></Paragraph><Paragraph><Label>(b)</Label><Text>a fishing vessel over 75 feet in overall length in respect of which a certificate of preliminary eligibility has been obtained from the Minister of Fisheries and Oceans. (<DefinedTermFr>navire</DefinedTermFr>)</Text></Paragraph></Definition></Section><Heading level="1"><TitleText>Payment of Subsidy</TitleText></Heading><Section><Label>3</Label><Subsection><Label>(1)</Label><Text>Where money is voted by Parliament for the purpose of capital subsidies for the construction of commercial and fishing vessels, a subsidy may be paid for an eligible ship the construction of which did not commence before January 1, 1966 and was not the subject of a shipbuilding contract entered into before January 1, 1966.</Text></Subsection><Subsection><Label>(2)</Label><Text>The amount of a subsidy shall be determined in accordance with section 6 and may, subject to these Regulations, be paid in accordance with an agreement entered into pursuant to section 4.</Text></Subsection></Section><Section><Label>4</Label><Subsection><Label>(1)</Label><Text>Where an application for a subsidy is made in respect of a vessel, the Minister may, subject to any terms or conditions established by the Treasury Board and subject to subsection (2), enter into an agreement with the shipowner and the shipbuilder thereof or, where the vessel is built by the owner for his own use, with the shipowner thereof, providing for the payment of a subsidy.</Text></Subsection><Subsection><Label>(2)</Label><Text>No agreement shall be entered into pursuant to subsection (1), until the Minister has</Text><Paragraph><Label>(a)</Label><Text>declared the vessel referred to in the application for a subsidy to be an eligible ship pursuant to subsection (3); and</Text></Paragraph><Paragraph><Label>(b)</Label><Text>determined the maximum amount of the approved cost of the eligible ship.</Text></Paragraph></Subsection><Subsection><Label>(3)</Label><Text>Where the Minister is satisfied that the vessel referred to in the application for a subsidy is intended for use in a commercial enterprise and is to be constructed in Canada by</Text><Paragraph><Label>(a)</Label><Text>a shipbuilder for a shipowner, or</Text></Paragraph><Paragraph><Label>(b)</Label><Text>a shipowner for his own use,</Text></Paragraph><ContinuedSectionSubsection><Text>the Minister may declare the vessel to be an eligible ship.</Text></ContinuedSectionSubsection></Subsection></Section><Section><Label>5</Label><Subsection><Label>(1)</Label><Text>Subject to subsection (2), an application for a subsidy shall be in the prescribed form and shall be made within 60 days after the day on which</Text><Paragraph><Label>(a)</Label><Text>the contract for the construction of the eligible ship is entered into, or</Text></Paragraph><Paragraph><Label>(b)</Label><Text>the construction of the hull of the eligible ship is commenced,</Text></Paragraph><ContinuedSectionSubsection><Text>whichever is the earlier.</Text></ContinuedSectionSubsection></Subsection><Subsection><Label>(2)</Label><Text>The Minister may extend the time for making an application for a subsidy where, in his opinion, the circumstances of the case require an extension.</Text></Subsection></Section><Heading level="1"><TitleText>Amount of Subsidy</TitleText></Heading><Section><Label>6</Label><Subsection><Label>(1)</Label><Text>The subsidy for an eligible ship that is not a fishing vessel shall be an amount not exceeding</Text><Paragraph><Label>(a)</Label><Text>25 per cent of the approved cost where the eligible ship is completed during the period commencing January 1, 1966 and ending May 31, 1969;</Text></Paragraph><Paragraph><Label>(b)</Label><Text>24½ per cent of the approved cost where the eligible ship is completed during the period commencing June 1, 1969 and ending August 31, 1969;</Text></Paragraph><Paragraph><Label>(c)</Label><Text>24 per cent of the approved cost where the eligible ship is completed during the period commencing September 1, 1969 and ending November 30, 1969;</Text></Paragraph><Paragraph><Label>(d)</Label><Text>23½ per cent of the approved cost where the eligible ship is completed during the period commencing December 1, 1969 and ending February 28, 1970;</Text></Paragraph><Paragraph><Label>(e)</Label><Text>23 per cent of the approved cost where the eligible ship is completed during the period commencing March 1, 1970 and ending May 31, 1970;</Text></Paragraph><Paragraph><Label>(f)</Label><Text>22½ per cent of the approved cost where the eligible ship is completed during the period commencing June 1, 1970 and ending August 31, 1970;</Text></Paragraph><Paragraph><Label>(g)</Label><Text>22 per cent of the approved cost where the eligible ship is completed during the period commencing September 1, 1970 and ending November 30, 1970;</Text></Paragraph><Paragraph><Label>(h)</Label><Text>21½ per cent of the approved cost where the eligible ship is completed during the period commencing December 1, 1970 and ending February 28, 1971;</Text></Paragraph><Paragraph><Label>(i)</Label><Text>21 per cent of the approved cost where the eligible ship is completed during the period commencing March 1, 1971 and ending May 31, 1971;</Text></Paragraph><Paragraph><Label>(j)</Label><Text>20½ per cent of the approved cost where the eligible ship is completed during the period commencing June 1, 1971 and ending August 31, 1971;</Text></Paragraph><Paragraph><Label>(k)</Label><Text>20 per cent of the approved cost where the eligible ship is completed during the period commencing September 1, 1971 and ending November 30, 1971;</Text></Paragraph><Paragraph><Label>(l)</Label><Text>19½ per cent of the approved cost where the eligible ship is completed during the period commencing December 1, 1971 and ending February 29, 1972;</Text></Paragraph><Paragraph><Label>(m)</Label><Text>19 per cent of the approved cost where the eligible ship is completed during the period commencing March 1, 1972 and ending May 31, 1972;</Text></Paragraph><Paragraph><Label>(n)</Label><Text>18½ per cent of the approved cost where the eligible ship is completed during the period commencing June 1, 1972 and ending August 31, 1972;</Text></Paragraph><Paragraph><Label>(o)</Label><Text>18 per cent of the approved cost where the eligible ship is completed during the period commencing September 1, 1972 and ending November 30, 1972;</Text></Paragraph><Paragraph><Label>(p)</Label><Text>17½ per cent of the approved cost where the eligible ship is completed during the period commencing December 1, 1972 and ending February 28, 1973; and</Text></Paragraph><Paragraph><Label>(q)</Label><Text>17 per cent of the approved cost where the eligible ship is completed after February 28, 1973.</Text></Paragraph></Subsection><Subsection><Label>(2)</Label><Text>The subsidy for an eligible ship that is a fishing vessel shall be an amount not exceeding 35 per cent of the approved cost.</Text></Subsection><Subsection><Label>(3)</Label><Text>Where, owing to causes beyond the control of the shipowner and shipbuilder, an eligible ship is completed later than the date on which it might reasonably be expected to have been completed, the Minister may, in his discretion, declare the ship to have been completed on a day earlier than the day on which it was completed and the amount of the subsidy therefor shall be determined in accordance with that declaration.</Text></Subsection><Subsection><Label>(4)</Label><Text>Subject to subsections (5) and (6), where</Text><Paragraph><Label>(a)</Label><Text>an amount equal to the whole or any part of the proceeds of disposition of any vessel described in subsection 13(15) of the <XRefExternal reference-type="act">Income Tax Act</XRefExternal> is used by a person for replacement in accordance with subparagraph (a)(i) of that subsection, the approved cost of the replacement shall, if the replacement is an eligible ship in respect of which a subsidy is to be paid under these Regulations, be reduced by an amount equal to the amount used for replacement; or</Text></Paragraph><Paragraph><Label>(b)</Label><Text>a vessel is acquired as a replacement under such circumstances that the Minister may pay out all or any part of a deposit under subsection 13(19) of the <XRefExternal reference-type="act">Income Tax Act</XRefExternal>, the approved cost of such replacement shall, if the replacement is an eligible ship in respect of which a subsidy is to be paid under these Regulations, be reduced by the amount that bears the same relationship to the proceeds of disposition of the vessel disposed of as the amount that may be paid out by the Minister under subsection 13(19) of the <XRefExternal reference-type="act">Income Tax Act</XRefExternal> bears to the amount of the deposit described in that subsection.</Text></Paragraph></Subsection><Subsection><Label>(5)</Label><Text>Subsection (4) does not apply where a disposition referred to therein</Text><Paragraph><Label>(a)</Label><Text>was by way of a hire purchase agreement entered into prior to May 12, 1961; or</Text></Paragraph><Paragraph><Label>(b)</Label><Text>was of a vessel that was an eligible ship in respect of which a subsidy under the <XRefExternal reference-type="regulation">Ship Construction Assistance Regulations</XRefExternal> has not been paid, and was made by way of a hire purchase agreement entered into between May 12, 1961 and August 8, 1962, both dates inclusive.</Text></Paragraph></Subsection><Subsection><Label>(6)</Label><Text>Subsection (4) does not apply where the disposition referred to therein was of a vessel that was an eligible ship in respect of which a subsidy was not claimed, was not paid by reason of the use of the proceeds of a disposition described in paragraph (5)(b), or was reduced to that proportion of the proceeds of disposition of the eligible vessel that the proceeds of disposition described in paragraph 5(b) that were used in the eligible vessel in a manner satisfactory to the Canadian Transport Commission under paragraph (1)(a) or paragraph 4(1)(c) of the <XRefExternal reference-type="act">Canadian Vessel Construction Assistance Act</XRefExternal> chapter 43 of the Revised Statutes of Canada, 1952, are of the cost of the eligible vessel.</Text></Subsection><Subsection><Label>(7)</Label><Text>Subject to subsection (8), the Minister shall before paying</Text><Paragraph><Label>(a)</Label><Text>a subsidy, where the subsidy is payable in a lump sum, or</Text></Paragraph><Paragraph><Label>(b)</Label><Text>the balance of a subsidy, where the subsidy is payable by progress payments,</Text></Paragraph><ContinuedSectionSubsection><Text>determine the cost of the eligible ship in respect of which the payment is to be made for the purpose of calculating the subsidy or balance of subsidy, as the case may be.</Text></ContinuedSectionSubsection></Subsection><Subsection><Label>(8)</Label><Text>The cost of an eligible ship determined pursuant to subsection (7) shall not exceed the maximum amount of the approved cost determined by the Minister pursuant to paragraph 4(2)(b).</Text></Subsection></Section><Heading level="1"><TitleText>Agreements</TitleText></Heading><Section><Label>7</Label><Text>Every agreement entered into pursuant to these Regulations shall provide for</Text><Paragraph><Label>(a)</Label><Text>payment of the subsidy by a lump sum or by progress payments not exceeding in the aggregate 80 per cent of the subsidy before the eligible ship is completed and the balance thereafter;</Text></Paragraph><Paragraph><Label>(b)</Label><Text>the keeping of accurate and complete accounts of expenditures and records of related matters by the shipowner and the shipbuilder and the audit of the accounts and the inspection of the records by persons authorized by the Minister for that purpose at any time before the second anniversary of the final payment of the subsidy;</Text></Paragraph><Paragraph><Label>(c)</Label><Text>an undertaking by the shipowner</Text><Subparagraph><Label>(i)</Label><Text>that for at least the five-year period immediately following the day the eligible ship is completed</Text><Clause><Label>(A)</Label><Text>the eligible ship will be owned by a shipowner and kept in Canadian registry, and</Text></Clause><Clause><Label>(B)</Label><Text>where the eligible ship is a fishing vessel, the eligible ship</Text><Subclause><Label>(I)</Label><Text>will be kept actively engaged in fishing operations to the satisfaction of the Minister of Fisheries for Canada, and</Text></Subclause><Subclause><Label>(II)</Label><Text>will not be sold or chartered without the prior consent in writing of the Minister of Fisheries and Oceans,</Text></Subclause></Clause></Subparagraph><Subparagraph><Label>(ii)</Label><Text>in the event of a failure to carry out the undertaking contained in clause (i)(A), to pay to Her Majesty, on demand, an amount equal to that proportion of the subsidy paid that the period during which the undertaking is not carried out is of the five-year period, and</Text></Subparagraph><Subparagraph><Label>(iii)</Label><Text>in the event of a failure to carry out either of the undertakings contained in subclauses (i)(B)(I) and (II), to pay to Her Majesty, on demand, an amount equal to</Text><Clause><Label>(A)</Label><Text>that proportion of the subsidy paid, less the amount of subsidy that would have been payable under subsection 6(1) had the eligible ship not been a fishing vessel, that the period during which the undertaking is not carried out is of the five-year period, or</Text></Clause><Clause><Label>(B)</Label><Text>such lesser amount as the Minister may fix; and</Text></Clause></Subparagraph></Paragraph><Paragraph><Label>(d)</Label><Text>such other matters as the Minister considers necessary or appropriate to protect the interests of Her Majesty or to carry out the purposes and provisions of these Regulations.</Text></Paragraph></Section><Heading level="1"><TitleText>Ship Construction Assistance Regulations</TitleText></Heading><Section><Label>8</Label><Subsection><Label>(1)</Label><Text>No assistance may be paid under the <XRefExternal reference-type="regulation">Ship Construction Assistance Regulations</XRefExternal> in respect of the construction of an eligible ship for which a subsidy may be paid under these Regulations.</Text></Subsection><Subsection><Label>(2)</Label><Text>Except as otherwise provided in subsection (1), nothing in these Regulations affects the payment of assistance under the <XRefExternal reference-type="regulation">Ship Construction Assistance Regulations</XRefExternal>.</Text></Subsection></Section><Heading level="1"><TitleText>Powers of Minister</TitleText></Heading><Section><Label>9</Label><Text>The Minister may, for the purposes of these Regulations,</Text><Paragraph><Label>(a)</Label><Text>authorize persons to sign agreements for him;</Text></Paragraph><Paragraph><Label>(b)</Label><Text>investigate the financial responsibility of a shipowner or shipbuilder and such other matters as he considers necessary to determine questions relating to eligibility or approved cost; and</Text></Paragraph><Paragraph><Label>(c)</Label><Text>prescribe forms and make rules relating to the application for and the payment of subsidies.</Text></Paragraph></Section></Body></Regulation>