﻿<?xml version="1.0" encoding="utf-8"?><!DOCTYPE Regulation PUBLIC "-//Justice Canada//DTD Regulation v1.2.2//EN" "Dtd/Regulations/Version_1.2.2/regulation.dtd"><Regulation gazette-part="II" regulation-type="SOR" xml:lang="en"><Identification><InstrumentNumber>C.R.C., c. 811</InstrumentNumber><ConsolidationDate><Date><YYYY>2018</YYYY><MM>07</MM><DD>06</DD></Date></ConsolidationDate><LastModifiedDate><Date><YYYY>2012</YYYY><MM>9</MM><DD>10</DD></Date></LastModifiedDate><EnablingAuthority><XRefExternal reference-type="act">FISHERIES ACT</XRefExternal></EnablingAuthority><ShortTitle>Chlor-Alkali Mercury Liquid Effluent Regulations</ShortTitle><LongTitle>Regulations Respecting Deleterious Substances in Liquid Effluents from Chlor-Alkali Plants</LongTitle></Identification><Repealed>[Repealed, SOR/2018-80, s. 1]</Repealed><Body><Heading level="1"><TitleText>Short Title</TitleText><Note>[Repealed, SOR/2018-80, s. 1]</Note></Heading><Section><Label>1</Label><Text><Repealed>[Repealed, SOR/2018-80, s. 1]</Repealed></Text></Section><Heading level="1"><TitleText>Interpretation</TitleText><Note>[Repealed, SOR/2018-80, s. 1]</Note></Heading><Section><Label>2</Label><Text><Repealed>[Repealed, SOR/2018-80, s. 1]</Repealed></Text></Section><Heading level="1"><TitleText>Application</TitleText><Note>[Repealed, SOR/2018-80, s. 1]</Note></Heading><Section><Label>3</Label><Text><Repealed>[Repealed, SOR/2018-80, s. 1]</Repealed></Text></Section><Heading level="1"><TitleText>Substance Prescribed as Deleterious Substance</TitleText><Note>[Repealed, SOR/2018-80, s. 1]</Note></Heading><Section><Label>4</Label><Text><Repealed>[Repealed, SOR/2018-80, s. 1]</Repealed></Text></Section><Heading level="1"><TitleText>Authorized Deposit of Deleterious Substance</TitleText><Note>[Repealed, SOR/2018-80, s. 1]</Note></Heading><Section><Label>5</Label><Text><Repealed>[Repealed, SOR/2018-80, s. 1]</Repealed></Text></Section><Heading level="1"><TitleText>Additional Conditions of Authorization</TitleText><Note>[Repealed, SOR/2018-80, s. 1]</Note></Heading><Section><Label>6</Label><Text><Repealed>[Repealed, SOR/2018-80, s. 1]</Repealed></Text></Section><Heading level="1"><TitleText>Method of Collecting Samples</TitleText><Note>[Repealed, SOR/2018-80, s. 1]</Note></Heading><Section><Label>7</Label><Text><Repealed>[Repealed, SOR/2018-80, s. 1]</Repealed></Text></Section><Heading level="1"><TitleText>Reference Production Rate</TitleText><Note>[Repealed, SOR/2018-80, s. 1]</Note></Heading><Section><Label>8</Label><Text><Repealed>[Repealed, SOR/2018-80, s. 1]</Repealed></Text></Section><Heading level="1"><TitleText>Analytical Test Method</TitleText><Note>[Repealed, SOR/2018-80, s. 1]</Note></Heading><Section><Label>9</Label><Text><Repealed>[Repealed, SOR/2018-80, s. 1]</Repealed></Text></Section><Heading level="1"><TitleText>Calculation of Actual Deposit</TitleText><Note>[Repealed, SOR/2018-80, s. 1]</Note></Heading><Section><Label>10</Label><Text><Repealed>[Repealed, SOR/2018-80, s. 1]</Repealed></Text></Section></Body><Schedule spanlanguages="no" bilingual="no"><ScheduleFormHeading><Label>SCHEDULE I</Label><OriginatingRef>(Section 6)</OriginatingRef></ScheduleFormHeading><Repealed>[Repealed, SOR/2018-80, s. 1]</Repealed></Schedule><Schedule spanlanguages="yes" bilingual="no"><ScheduleFormHeading><Label>SCHEDULE II</Label><OriginatingRef>(Section 6)</OriginatingRef></ScheduleFormHeading><Repealed>[Repealed, SOR/2018-80, s. 1]</Repealed></Schedule><Schedule spanlanguages="no" bilingual="no"><ScheduleFormHeading><Label>SCHEDULE III</Label><OriginatingRef>(Section 9)</OriginatingRef><TitleText>Method for Total Mercury in Chlor-Alkali Effluents</TitleText></ScheduleFormHeading><Repealed>[Repealed, SOR/2018-80, s. 1]</Repealed></Schedule></Regulation>