﻿<?xml version="1.0" encoding="utf-8"?><!DOCTYPE Regulation PUBLIC "-//Justice Canada//DTD Regulation v1.2.2//EN" "Dtd/Regulations/Version_1.2.2/regulation.dtd"><Regulation regulation-type="SOR" xml:lang="en"><Identification><InstrumentNumber>C.R.C., c. 1247</InstrumentNumber><ConsolidationDate><Date><YYYY>2018</YYYY><MM>07</MM><DD>06</DD></Date></ConsolidationDate><LastModifiedDate><Date><YYYY>2005</YYYY><MM>7</MM><DD>22</DD></Date></LastModifiedDate><EnablingAuthority><XRefExternal reference-type="act">PARLIAMENT OF CANADA ACT</XRefExternal></EnablingAuthority><ShortTitle>Parliamentary Secretaries Expenses Regulations</ShortTitle><LongTitle>Regulations Respecting the Payment of Expenses of Parliamentary Secretaries</LongTitle></Identification><Body><Heading level="1"><TitleText>Short Title</TitleText></Heading><Section><Label>1</Label><Text>These Regulations may be cited as the <XRefExternal reference-type="regulation">Parliamentary Secretaries Expenses Regulations</XRefExternal>.</Text></Section><Heading level="1"><TitleText>General</TitleText></Heading><Section><Label>2</Label><Text>Subject to these Regulations, a Parliamentary Secretary shall be paid reasonable travelling and other expenses incurred by him in the discharge of his duties</Text><Paragraph><Label>(a)</Label><Text>during a session of Parliament while away from Ottawa; or</Text></Paragraph><Paragraph><Label>(b)</Label><Text>while away from his ordinary place of residence during a period when Parliament is not in session.</Text></Paragraph></Section><Section><Label>3</Label><Subsection><Label>(1)</Label><Text>Subject to these Regulations, accountable advances may be made to a Parliamentary Secretary in connection with his duties under the <XRefExternal reference-type="act">Parliamentary Secretaries Act</XRefExternal>, and he shall make an accounting each month for any expenditure made out of such advances in the preceding month.</Text></Subsection><Subsection><Label>(2)</Label><Text>Where a person ceases to be a Parliamentary Secretary he shall, within 30 days after ceasing to hold that office, make an accounting for any outstanding advances made to him under these Regulations.</Text></Subsection></Section><Section><Label>4</Label><Text>An account submitted by a Parliamentary Secretary in respect of expenses incurred by him in the discharge of his duties under the <XRefExternal reference-type="act">Parliamentary Secretaries Act</XRefExternal> shall state the purpose and itinerary of any trip taken by him and show the total amounts expended in transportation (including any accommodation not included in the transportation fare), lodging and meals, taxis, telephones and telegrams and, in general terms, such other expenses as were incurred by him.</Text></Section></Body></Regulation>