﻿<?xml version="1.0" encoding="utf-8"?><!DOCTYPE Regulation PUBLIC "-//Justice Canada//DTD Regulation v1.2.2//EN" "Dtd/Regulations/Version_1.2.2/regulation.dtd"><Regulation regulation-type="SOR" xml:lang="en"><Identification><InstrumentNumber>C.R.C., c. 1295</InstrumentNumber><ConsolidationDate><Date><YYYY>2018</YYYY><MM>07</MM><DD>06</DD></Date></ConsolidationDate><LastModifiedDate><Date><YYYY>2005</YYYY><MM>7</MM><DD>22</DD></Date></LastModifiedDate><EnablingAuthority><XRefExternal reference-type="act">CANADA POST CORPORATION ACT</XRefExternal></EnablingAuthority><ShortTitle>Solicitations by Mail Regulations</ShortTitle><LongTitle>Regulations Respecting Solicitations for the Order of Goods or Services</LongTitle></Identification><Body><Heading level="1"><TitleText>Short Title</TitleText></Heading><Section><Label>1</Label><Text>These Regulations may be cited as the <XRefExternal reference-type="regulation">Solicitations by Mail Regulations</XRefExternal>.</Text></Section><Heading level="1"><TitleText>Notice</TitleText></Heading><Section><Label>2</Label><Text>Where a letter or other mailable matter that is not a bill, invoice or statement of account due is in such a form that it has the general appearance of a bill, invoice or statement of account due, it shall have endorsed on its face the following notice:</Text><Provision format-ref="indent-1-1" language-align="no" list-item="no"><Text>“This is a solicitation for the order of (<Emphasis style="italic">goods, services or goods and services, as the case may be</Emphasis>) and not a bill, invoice or statement of account due. You are under no obligation to make any payments on account of this offer unless you accept this offer.”</Text></Provision><HistoricalNote>SOR/2008-285, s. 2(F).</HistoricalNote></Section><Section><Label>3</Label><Text>The notice referred to in section 2 shall be printed in boldface capital letters in such a manner that</Text><Paragraph><Label>(a)</Label><Text>the print of such notice is no less conspicuous than the print of any other word on the letter or other mailable matter; and</Text></Paragraph><Paragraph><Label>(b)</Label><Text>the size of the print of such notice is not smaller than the larger of the print of any other word on the letter or other mailable matter or 12 point type.</Text></Paragraph><HistoricalNote>SOR/2008-285, s. 2(F).</HistoricalNote></Section><Section><Label>4</Label><Subsection><Label>(1)</Label><Text>There shall be a clear space of not less than 6 mm immediately surrounding the notice referred to in section 2 that is printed on a letter or other mailable matter.</Text></Subsection><Subsection><Label>(2)</Label><Text>The notice referred to in section 2 shall be printed on a letter or other mailable matter in such a manner that the contrast between the background and the print of that notice is not less than the contrast between the background and the print of any other word on the face of the letter or other mailable matter.</Text></Subsection><HistoricalNote>SOR/79-191, s. 1; SOR/2008-285, s. 2(F).</HistoricalNote></Section><Section><Label>5</Label><Text>No letter or other mailable matter referred to in section 2 shall state that it has been approved by the Canada Post Corporation or that it conforms to any federal statute or regulation.</Text><HistoricalNote>SOR/81-840, s. 1; SOR/2008-285, s. 2(F).</HistoricalNote></Section><Section><Label>6</Label><Text>No letter or other mailable matter referred to in section 2 that does not comply with these Regulations shall be sent by post.</Text><HistoricalNote>SOR/2000-199, s. 8(F); SOR/2008-285, s. 2(F).</HistoricalNote></Section></Body></Regulation>