﻿<?xml version="1.0" encoding="utf-8"?><!DOCTYPE Regulation PUBLIC "-//Justice Canada//DTD Regulation v1.2.2//EN" "Dtd/Regulations/Version_1.2.2/regulation.dtd"><Regulation regulation-type="SOR" xml:lang="en"><Identification><InstrumentNumber>C.R.C., c. 756</InstrumentNumber><ConsolidationDate><Date><YYYY>2018</YYYY><MM>07</MM><DD>06</DD></Date></ConsolidationDate><LastModifiedDate><Date><YYYY>2005</YYYY><MM>7</MM><DD>11</DD></Date></LastModifiedDate><EnablingAuthority><XRefExternal reference-type="act">FINANCIAL ADMINISTRATION ACT</XRefExternal></EnablingAuthority><ShortTitle>Demonstration Aircraft Remission Order</ShortTitle><LongTitle>Order Respecting Remission of Sales Tax on Domestically Manufactured Aircraft Used for Demonstration to Prospective Customers</LongTitle></Identification><Body><Heading level="1"><TitleText>Short Title</TitleText></Heading><Section><Label>1</Label><Text>This Order may be cited as the <XRefExternal reference-type="regulation">Demonstration Aircraft Remission Order</XRefExternal>.</Text></Section><Heading level="1"><TitleText>Interpretation</TitleText></Heading><Section><Label>2</Label><Text>In this Order, “aircraft” includes helicopters.</Text></Section><Heading level="1"><TitleText>Remission of Sales Tax</TitleText></Heading><Section><Label>3</Label><Text>Subject to section 4, remission is hereby granted of the sales tax payable under the <XRefExternal reference-type="act">Excise Tax Act</XRefExternal> on any aircraft manufactured in Canada at the time of its first use in Canada.</Text><HistoricalNote>SI/86-58, s. 1.</HistoricalNote></Section><Heading level="1"><TitleText>Conditions</TitleText></Heading><Section><Label>4</Label><Text>The remission referred to in section 3 is granted on condition that</Text><Paragraph><Label>(a)</Label><Text>the aircraft is used only by the manufacturer of the aircraft for the purpose of demonstrating the aircraft to prospective customers of the manufacturer;</Text></Paragraph><Paragraph><Label>(b)</Label><Text>the manufacturer keeps complete records of the use of the aircraft; and</Text></Paragraph><Paragraph><Label>(c)</Label><Text>the manufacturer produces the records for inspection when requested to do so by an officer of the Department of National Revenue administering or enforcing the <XRefExternal reference-type="act">Excise Tax Act</XRefExternal>.</Text></Paragraph><HistoricalNote>SI/86-58, s. 1.</HistoricalNote></Section><Section><Label>5 and 6</Label><Text><Repealed>[Revoked, SI/86-58, s. 1]</Repealed></Text></Section></Body></Regulation>