﻿<?xml version="1.0" encoding="utf-8"?><!DOCTYPE Regulation PUBLIC "-//Justice Canada//DTD Regulation v1.2.2//EN" "Dtd/Regulations/Version_1.2.2/regulation.dtd"><Regulation regulation-type="SI" xml:lang="en"><Identification><InstrumentNumber>C.R.C., c. 987</InstrumentNumber><ConsolidationDate><Date><YYYY>2018</YYYY><MM>07</MM><DD>06</DD></Date></ConsolidationDate><LastModifiedDate><Date><YYYY>2005</YYYY><MM>7</MM><DD>18</DD></Date></LastModifiedDate><EnablingAuthority><XRefExternal reference-type="act">CANADA LABOUR CODE</XRefExternal></EnablingAuthority><ShortTitle>East Coast and Great Lakes Shipping Employees Hours of Work Regulations, 1985</ShortTitle><LongTitle>Regulations Respecting Hours of Work of Employees Engaged in Shipping on the East Coast and Great Lakes of Canada</LongTitle></Identification><Body><Heading level="1"><TitleText>Short Title</TitleText></Heading><Section><Label>1</Label><Text>These Regulations may be cited as the <XRefExternal reference-type="regulation">East Coast and Great Lakes Shipping Employees Hours of Work Regulations, 1985</XRefExternal>.</Text><HistoricalNote>SOR/86-257, s. 2.</HistoricalNote></Section><Heading level="1"><TitleText>Interpretation</TitleText></Heading><Section><Label>2</Label><Text>In these Regulations,</Text><Definition generate-in-text="no"><Text><DefinedTermEn>Act</DefinedTermEn> means the <XRefExternal reference-type="act">Canada Labour Code</XRefExternal>; (<DefinedTermFr>Loi</DefinedTermFr>)</Text></Definition><Definition generate-in-text="no"><Text><DefinedTermEn>East Coast or Great Lakes Port</DefinedTermEn> means any port in Canada east of the 96th parallel of longitude; (<DefinedTermFr>Port de la côte est ou des Grands Lacs</DefinedTermFr>)</Text></Definition><Definition generate-in-text="no"><Text><DefinedTermEn>East Coast Port</DefinedTermEn><Repealed>[Revoked, SOR/86-257, s. 3]</Repealed></Text></Definition><Definition generate-in-text="no"><Text><DefinedTermEn>employee</DefinedTermEn> means a person employed on board a ship described in section 3; (<DefinedTermFr>employé</DefinedTermFr>)</Text></Definition><Definition generate-in-text="no"><Text><DefinedTermEn>lay-day</DefinedTermEn> means a day off work with pay to which an employee becomes entitled by working on board a ship for a number of days. (<DefinedTermFr>jour de relâche</DefinedTermFr>) </Text></Definition><HistoricalNote>SOR/86-257, s. 3.</HistoricalNote></Section><Heading level="1"><TitleText>Modifications</TitleText></Heading><Section><Label>3</Label><Text>The provisions of section 169 of the Act are modified to the extent set out in these Regulations for the purpose of the application of Division I of Part III of the Act to any class of employees employed on a ship that is operated by an undertaking or a business that comes within the legislative authority of Parliament and that is engaged in shipping from any East Coast or Great Lakes Port.</Text><HistoricalNote>SOR/86-257, s. 4; SOR/92-594, s. 2.</HistoricalNote></Section><Heading level="1"><TitleText>Hours of Work</TitleText></Heading><Section><Label>4</Label><Subsection><Label>(1)</Label><Text>Except as otherwise provided in these Regulations, the standard hours of work of an employee shall not exceed eight hours in a day and 40 hours in a week.</Text></Subsection><Subsection><Label>(2)</Label><Text>The hours worked in a week need not be scheduled and actually worked in order that each employee has at least one full day of rest in the week and Sunday need not be the normal day of rest in a week.</Text></Subsection></Section><Heading level="1"><TitleText>Maximum Hours</TitleText></Heading><Section><Label>5</Label><Text>An employee is exempt from the application of section 171 of the Act.</Text><HistoricalNote>SOR/86-257, s. 5; SOR/92-594, s. 2.</HistoricalNote></Section><Heading level="1"><TitleText>Modified Work Schedule</TitleText></Heading><Section><Label>6</Label><Subsection><Label>(1)</Label><Text>Subject to subsections (2) and (3), on the application of an employer or an employers' organization, the Minister, subject to such conditions as he may impose, may authorize the alteration of the standard hours of work for any period specified by him.</Text></Subsection><Subsection><Label>(2)</Label><Text>No authorization referred to in subsection (1) shall be made unless the applicant has satisfied the Minister that it is justified by reason of the operational requirements of the undertaking and, in the opinion of the Minister, is not detrimental to the welfare of the employees.</Text></Subsection><Subsection><Label>(3)</Label><Text>An authorization referred to in subsection (1) shall not authorize hours of work exceeding 40 hours in a week on an average for any period specified in the authorization.</Text></Subsection></Section><Heading level="1"><TitleText>Averaging</TitleText></Heading><Section><Label>7</Label><Subsection><Label>(1)</Label><Text>Where the nature of the work necessitates irregular distribution of hours of work of any class of employees, with the result that the employees within that class have no regularly scheduled daily or weekly hours of work, the hours of work in a day and the hours of work in a week of an employee may be calculated as an average for a period not exceeding 13 consecutive weeks.</Text></Subsection><Subsection><Label>(2)</Label><Text>The standard hours of work (being the hours for which the regular rate of pay may be paid) of an employee within a class shall be 520 hours where the averaging period is 13 weeks or where the averaging period selected by the employer is less than 13 weeks, the number of hours that equals the product obtained by multiplying the number of weeks so selected by 40.</Text></Subsection><Subsection><Label>(3)</Label><Text>Where an employer adopts an averaging period under this section, he shall forthwith notify the Minister indicating the class and the number of employees to which it applies and the period for which he is averaging.</Text></Subsection></Section><Heading level="1"><TitleText>General</TitleText></Heading><Section><Label>8</Label><Text>In any week for which an employee is granted a general holiday or other holiday with pay, on which he does not work, or an annual vacation, the number of standard hours shall be reduced by eight hours for every such general holiday or other holiday or day of annual vacation but not more than 40 hours shall be deducted for any full week of annual vacation.</Text></Section><Section><Label>9</Label><Text>Where, during an averaging period established under section 7, an employee within a class is granted a general holiday or other holiday with pay, on which he does not work, or an annual vacation, the number of standard hours shall be reduced by eight hours for every such general holiday or other holiday or day of annual vacation but not more than 40 hours shall be deducted for any full week of annual vacation.</Text></Section><Section><Label>10</Label><Text>For any seven consecutive days during an averaging period established under section 7 in respect of which an employee within a class is not entitled to his regular remuneration, earnings or salary, the number of standard hours shall be reduced by 40 hours for every seven consecutive days.</Text></Section><Section><Label>11</Label><Subsection><Label>(1)</Label><Text>Where an employee terminates his employment of his own accord during an averaging period established under section 7 or before the end of a period specified in an authorization made under section 6, he shall be paid at his regular rate of wages for all hours worked during that period.</Text></Subsection><Subsection><Label>(2)</Label><Text>Where an employee's employment is terminated by his employer during an averaging period established under section 7 or before the end of a period specified in an authorization made under section 6, the employee shall be paid overtime pay at a rate of wages not less than one and one-half times his regular rate of wages for any hours worked in excess of 40 times the number of weeks in which he worked in that period.</Text></Subsection></Section><Heading level="1"><TitleText>Lay-day Plan</TitleText></Heading><Section><Label>12</Label><Subsection><Label>(1)</Label><Text>An employer may adopt a lay-day plan for employment on board a ship.</Text></Subsection><Subsection><Label>(2)</Label><Text>Where an employer adopts a lay-day plan, he shall notify the Minister of the commencement of the plan.</Text></Subsection><Subsection><Label>(3)</Label><Text>Subsection 4(1) and section 8 shall not apply to an employee employed under a lay-day plan.</Text></Subsection></Section><Heading level="1"><TitleText>Standard Hours of Work for Lay-day Plan</TitleText></Heading><Section><Label>13</Label><Text>Where an employee is entitled to not less than 1.13 lay-days for each day the employee is on board a ship, the standard working hours of the employee may exceed eight hours in a day and 40 hours in a week but shall not exceed 12 hours in a day.</Text><HistoricalNote>SOR/86-257, s. 6.</HistoricalNote></Section><Section><Label>14</Label><Text>Where an employee is entitled to not less than 0.4 of a lay-day for each day the employee is on board a ship, the standard working hours of the employee may exceed 40 hours in a week but shall not exceed eight hours in a day.</Text><HistoricalNote>SOR/86-257, s. 6.</HistoricalNote></Section><Heading level="1"><TitleText>Granting of Lay-days</TitleText></Heading><Section><Label>15</Label><Text>Subject to section 16, no employee shall be permitted to accumulate more than 45 lay-days.</Text><HistoricalNote>SOR/86-257, s. 6.</HistoricalNote></Section><Section><Label>16</Label><Text>Where it is established to the satisfaction of the Minister that during any period as a result of exceptional circumstances an accumulation of more than 45 lay-days is reasonable, the Minister may by permit authorize an accumulation of more than 45 lay-days during the period set out in the permit.</Text></Section></Body></Regulation>