﻿<?xml version="1.0" encoding="utf-8"?><!DOCTYPE Regulation PUBLIC "-//Justice Canada//DTD Regulation v1.2.2//EN" "Dtd/Regulations/Version_1.2.2/regulation.dtd"><Regulation regulation-type="SOR" xml:lang="en"><Identification><InstrumentNumber>C.R.C., c. 771</InstrumentNumber><ConsolidationDate><Date><YYYY>2018</YYYY><MM>07</MM><DD>06</DD></Date></ConsolidationDate><LastModifiedDate><Date><YYYY>2005</YYYY><MM>7</MM><DD>11</DD></Date></LastModifiedDate><EnablingAuthority><XRefExternal reference-type="act">FINANCIAL ADMINISTRATION ACT</XRefExternal></EnablingAuthority><ShortTitle>Imported Demonstration Aircraft Remission Order</ShortTitle><LongTitle>Order Respecting Remission of the Tax Imposed Under Division III of Part IX of the Excise Tax Act on Imported Aircraft Used for Demonstration to Prospective Customers</LongTitle></Identification><Body><Heading level="1"><TitleText>Short Title</TitleText></Heading><Section><Label>1</Label><Text>This Order may be cited as the <XRefExternal reference-type="regulation">Imported Demonstration Aircraft Remission Order</XRefExternal>.</Text></Section><Heading level="1"><TitleText>Interpretation</TitleText></Heading><Section><Label>2</Label><Text>In this Order,</Text><Definition generate-in-text="no"><Text><DefinedTermEn>Act</DefinedTermEn> means the <XRefExternal reference-type="act">Excise Tax Act</XRefExternal>; (<DefinedTermFr>Loi</DefinedTermFr>)</Text></Definition><Definition generate-in-text="no"><Text><DefinedTermEn>aircraft</DefinedTermEn> includes helicopters; (<DefinedTermFr>aéronef</DefinedTermFr>)</Text></Definition><Definition generate-in-text="no"><Text><DefinedTermEn>demonstration</DefinedTermEn> means the act of showing, displaying or exhibiting an aircraft in Canada for the purpose of explaining or proving its qualities and capabilities to prospective customers; (<DefinedTermFr>démonstration</DefinedTermFr>)</Text></Definition><Definition generate-in-text="no"><Text><DefinedTermEn>Deputy Minister</DefinedTermEn> means the Deputy Minister of National Revenue for Customs and Excise; (<DefinedTermFr>sous-ministre</DefinedTermFr>)</Text></Definition><Definition generate-in-text="no"><Text><DefinedTermEn>resident</DefinedTermEn> means</Text><Paragraph><Label>(a)</Label><Text>in the case of an individual, a person who sojourns in Canada in the year in which he imports an aircraft for demonstration for a period of, or periods the aggregate of which is, 183 days or more, and</Text></Paragraph><Paragraph><Label>(b)</Label><Text>in the case of a corporation, a corporation incorporated in Canada. (<DefinedTermFr>résident</DefinedTermFr>)</Text></Paragraph></Definition></Section><Heading level="1"><TitleText>Remission of the Tax Imposed Under Division III of Part IX of the Act</TitleText></Heading><Section><Label>3</Label><Text>Remission is hereby granted of the tax paid or payable pursuant to Division III of Part IX of the Act in respect of aircraft imported into Canada after December 31, 1990 for demonstration if</Text><Paragraph><Label>(a)</Label><Text>the importer is a resident;</Text></Paragraph><Paragraph><Label>(b)</Label><Text>the importer certifies, at the time the aircraft is imported, that the aircraft in respect of which the remission is requested will be used solely for the purpose of demonstration;</Text></Paragraph><Paragraph><Label>(c)</Label><Text>the importer keeps complete records of the aircraft’s use and makes those records available for inspection when requested by the officers of the Department of National Revenue, Customs and Excise; and</Text></Paragraph><Paragraph><Label>(d)</Label><Text>where the Deputy Minister determines that the importer has ceased to use the aircraft for demonstration, the aircraft is exported from Canada.</Text></Paragraph><HistoricalNote>SI/91-12, s. 2.</HistoricalNote></Section><Section><Label>4</Label><Text><Repealed>[Revoked, SI/91-12, s. 2]</Repealed></Text></Section></Body></Regulation>