﻿<?xml version="1.0" encoding="utf-8"?><!DOCTYPE Regulation PUBLIC "-//Justice Canada//DTD Regulation v1.2.2//EN" "Dtd/Regulations/Version_1.2.2/regulation.dtd"><Regulation regulation-type="SOR" xml:lang="en"><Identification><InstrumentNumber>C.R.C., c. 1318</InstrumentNumber><ConsolidationDate><Date><YYYY>2018</YYYY><MM>07</MM><DD>06</DD></Date></ConsolidationDate><LastModifiedDate><Date><YYYY>2005</YYYY><MM>7</MM><DD>26</DD></Date></LastModifiedDate><EnablingAuthority><XRefExternal reference-type="act">FOREIGN MISSIONS AND INTERNATIONAL ORGANIZATIONS ACT</XRefExternal></EnablingAuthority><ShortTitle>Privileges and Immunities (International Labour Organization) Order</ShortTitle><LongTitle>Order Respecting Privileges and Immunities for the International Labour Organization</LongTitle></Identification><Body><Heading level="1"><TitleText>Short Title</TitleText></Heading><Section><Label>1</Label><Text>This Order may be cited as the <XRefExternal reference-type="regulation">Privileges and Immunities (International Labour Organization) Order</XRefExternal>.</Text></Section><Heading level="1"><TitleText>Interpretation</TitleText></Heading><Section><Label>2</Label><Text>In this Order,</Text><Definition generate-in-text="no"><Text><DefinedTermEn>Branch Office</DefinedTermEn> means the Canada Branch of the International Labour Office; (<DefinedTermFr>Succursale</DefinedTermFr>)</Text></Definition><Definition generate-in-text="no"><Text><DefinedTermEn>International Labour Office</DefinedTermEn> means the body set up in accordance with the Provisions of the Constitution of the International Labour Organization, the said organization being a specialized agency of the United Nations; (<DefinedTermFr>Bureau international du Travail</DefinedTermFr>)</Text></Definition><Definition generate-in-text="no"><Text><DefinedTermEn>International Labour Organization</DefinedTermEn> includes the Branch Office; (<DefinedTermFr>Organisation internationale du Travail</DefinedTermFr>)</Text></Definition><Definition generate-in-text="no"><Text><DefinedTermEn>senior official</DefinedTermEn> means any official of the International Labour Office designated as a senior official by the Director General of the International Labour Office according to the procedure set out in section 16. (<DefinedTermFr>fonctionnaire supérieur</DefinedTermFr>)</Text></Definition></Section><Heading level="1"><TitleText>Privileges and Immunities</TitleText></Heading><Section><Label>3</Label><Text>The International Labour Organization shall possess juridical personality; it shall have the legal capacities of a body corporate, including the capacity</Text><Paragraph><Label>(a)</Label><Text>to contract;</Text></Paragraph><Paragraph><Label>(b)</Label><Text>to acquire and dispose of immovable and movable property; and</Text></Paragraph><Paragraph><Label>(c)</Label><Text>to institute legal proceedings.</Text></Paragraph></Section><Section><Label>4</Label><Text>The International Labour Organization, its property and its assets, wherever located and by whomever held, shall enjoy the same immunity from suit and every form of judicial process as is enjoyed by foreign governments except that the International Labour Organization may expressly waive its immunity for the purpose of any proceedings or by the terms of any contract, but no waiver of immunity shall extend to any measure of execution.</Text></Section><Section><Label>5</Label><Subsection><Label>(1)</Label><Text>The premises in Canada of the International Labour Organization shall be inviolable.</Text></Subsection><Subsection><Label>(2)</Label><Text>The property and assets in Canada of the International Labour Organization, wherever located and by whomever held, shall be immune from search, requisition, confiscation, expropriation and any other form of interference, whether by executive, administration, judicial or legislative action, except with the consent of and under the conditions agreed to by the Director General of the International Labour Office, but this section shall not prevent the reasonable application of fire protection regulations.</Text></Subsection><Subsection><Label>(3)</Label><Text>The International Labour Organization shall, however, prevent the premises in Canada from becoming a refuge either for persons who are avoiding arrest or for persons who are endeavouring to avoid service or execution of legal process.</Text></Subsection></Section><Section><Label>6</Label><Text>The archives of the International Labour Organization, and in general all documents belonging to it or held by it in Canada, shall be inviolable wherever located.</Text></Section><Section><Label>7</Label><Text>The International Labour Organization, its assets, income and property, owned or occupied in Canada, shall be</Text><Paragraph><Label>(a)</Label><Text>exempt from direct taxes, but it is understood, however, that the International Labour Organization will not claim exemption from taxes that are, in fact, no more than charges from public utility services;</Text></Paragraph><Paragraph><Label>(b)</Label><Text>exempt from customs duties and prohibitions and restrictions on imports and exports in respect of articles imported or exported by the International Labour Organization for its official use, but it is understood, however, that articles imported under such exemption will not be sold in Canada except under conditions agreed upon with the Government of Canada; and</Text></Paragraph><Paragraph><Label>(c)</Label><Text>exempt from any prohibitions or restrictions on import, export or sale of its publications and exempt from customs duties and excise taxes in respect thereof.</Text></Paragraph></Section><Section><Label>8</Label><Text>When goods are purchased under appropriate certificates from manufacturers of wholesalers who are licensed under the <XRefExternal reference-type="act">Excise Tax Act</XRefExternal>, the International Labour Organization shall be eligible to claim for the remission or refund of the excise tax and/or the consumption or sales tax for goods imported or purchased in Canada for the official use of the International Labour Organization as a body, but any articles that is exempted from these taxes, other than publications of the International Labour Organization, shall be subject thereto at existing rates if sold or otherwise disposed of within a period of one year from the date of purchase and the vendor shall be liable for such tax.</Text></Section><Section><Label>9</Label><Text>The International Labour Organization shall enjoy in the territory of Canada for its official communications treatment not less favourable than that accorded by the Government of Canada to any foreign government including its diplomatic mission in the matter of priorities and rates on mails, cables, telegrams, radiograms, telephotos, telephone and other communications, and press rates for information to the press and radio.</Text></Section><Section><Label>10</Label><Text>No censorship shall be applied to the official correspondence and other official communications of the International Labour Organization, and the Organization shall have the right to use codes and to despatch and receive its correspondence by courier or in bags, which shall have the same immunities and privileges as diplomatic couriers and bags; but nothing in this section shall be construed to preclude the adoption of appropriate security precautions to be determined by agreement between the International Labour Organization and the Government of Canada.</Text></Section><Section><Label>11</Label><Text>Except in so far as in any particular case any privilege or immunity is waived by the Director General of the International Labour Office, the senior officials shall</Text><Paragraph><Label>(a)</Label><Text>be immune from legal process in respect of words spoken or written and all acts performed by them in their official capacity;</Text></Paragraph><Paragraph><Label>(b)</Label><Text>be immune, together with their spouses and relatives dependent on them, from immigration restrictions and aliens registration or national service obligations;</Text></Paragraph><Paragraph><Label>(c)</Label><Text>be given, together with their spouses and relatives dependent on them, the same repatriation facilities in time of international crisis as diplomatic envoys;</Text></Paragraph><Paragraph><Label>(d)</Label><Text>be exempt from taxation on the salaries and emoluments paid to them by the International Labour Office;</Text></Paragraph><Paragraph><Label>(e)</Label><Text>enjoy the privilege of exemption in respect of themselves and their families from examination of baggage and other effects and admission thereof free of duty and taxes;</Text></Paragraph><Paragraph><Label>(f)</Label><Text>enjoy the privilege of admission of articles for their personal or family use free of duty and taxes at all times, provided that any article that was exempted from duty and taxes shall be subject thereto at the existing rates if sold or otherwise disposed of in Canada, within a period of one year in the case of articles other than motor vehicles, and within two years in the case of motor vehicles, from the date of acquisition, and the vendor shall be liable for such duties and taxes;</Text></Paragraph><Paragraph><Label>(g)</Label><Text>be eligible to claim for the exemption from the excise duty imposed under the <XRefExternal reference-type="act">Excise Act</XRefExternal> on domestic spirits and tobacco purchased from licensed manufacturers in Canada; and</Text></Paragraph><Paragraph><Label>(h)</Label><Text>be eligible to claim exemption from excise and/or sales tax on domestic spirits, wine and tobacco products when purchased direct from licensed manufacturers for the personal use of the applicant, and on automobiles, ale, beer and stout when purchased under appropriate certificate from licensed manufacturers; provided that any article that was exempted from these taxes shall be subject thereto at the existing rates if sold or otherwise disposed of within the period of one year from the date of purchase and the vendor shall be liable for such tax.</Text></Paragraph></Section><Section><Label>12</Label><Text>The Government of Canada shall not levy death taxes or succession duties on or in respect of property acquired for or incidental to residence in Canada by deceased senior officials who were not Canadian citizens at date of death; the Government of Canada shall not impede the repatriation of such tax and duty-free property.</Text></Section><Section><Label>13</Label><Text>Except in so far as in any particular case any privilege or immunity is waived by the Director General of the International Labour Office, other officials of the International Labour Office shall</Text><Paragraph><Label>(a)</Label><Text>be immune from legal process in respect of words spoken or written and all acts performed by them in their official capacity;</Text></Paragraph><Paragraph><Label>(b)</Label><Text>be given, together with their spouses and relatives dependent on them, the same repatriation facilities in time of international crisis as diplomatic envoys; and</Text></Paragraph><Paragraph><Label>(c)</Label><Text>have the right to import free of duty their furniture and effects, including motor vehicles but not including spirituous liquors, at the time of first taking up their post in Canada.</Text></Paragraph></Section><Section><Label>14</Label><Text>The provisions of paragraphs 11(d) to (h) inclusive and of paragraph 13(c) shall not apply to any Canadian citizen residing or ordinarily resident in Canada, and an official of the International Labour Office, who is or becomes a resident of Canada upon retirement, will not enjoy by virtue of this Order exemption from taxation on the pension that may be paid to him by the International Labour Office.</Text></Section><Section><Label>15</Label><Text>Privileges and immunities have been granted to officials in the interest of the International Labour Office and not for the personal benefit of the individuals themselves; and the Director General of the International Labour Office shall have the right to waive the immunity of any official in any case where, in his opinion, the immunity would impede the course of justice and can be waived without prejudice to the interests of the International Labour Office.</Text></Section><Section><Label>16</Label><Text>The categories of officials to whom the provisions of sections 11, 12 and 13 apply shall be specified by the Director General of the International Labour Office and the names of these officials shall be notified to the Secretary of State for External Affairs.</Text></Section></Body></Regulation>