﻿<?xml version="1.0" encoding="utf-8"?><!DOCTYPE Regulation PUBLIC "-//Justice Canada//DTD Regulation v1.2.2//EN" "Dtd/Regulations/Version_1.2.2/regulation.dtd"><Regulation regulation-type="SOR" xml:lang="en"><Identification><InstrumentNumber>C.R.C., c. 1231</InstrumentNumber><ConsolidationDate><Date><YYYY>2018</YYYY><MM>07</MM><DD>06</DD></Date></ConsolidationDate><LastModifiedDate><Date><YYYY>2005</YYYY><MM>7</MM><DD>21</DD></Date></LastModifiedDate><EnablingAuthority><XRefExternal reference-type="act">NAVIGABLE WATERS PROTECTION ACT</XRefExternal></EnablingAuthority><ShortTitle>Navigable Waters Bridges Regulations</ShortTitle><LongTitle>Regulations Respecting Bridges Over Navigable Waters</LongTitle></Identification><Body><Heading level="1"><TitleText>Short Title</TitleText></Heading><Section><Label>1</Label><Text>These Regulations may be cited as the <XRefExternal reference-type="regulation">Navigable Waters Bridges Regulations</XRefExternal>.</Text></Section><Heading level="1"><TitleText>Interpretation</TitleText></Heading><Section><Label>2</Label><Text>In these Regulations,</Text><Definition generate-in-text="no"><Text><DefinedTermEn>bridge</DefinedTermEn> includes a bridge under construction; (<DefinedTermFr>pont</DefinedTermFr>)</Text></Definition><Definition generate-in-text="no"><Text><DefinedTermEn>Minister</DefinedTermEn> means the Minister of Transport; (<DefinedTermFr>ministre</DefinedTermFr>)</Text></Definition><Definition generate-in-text="no"><Text><DefinedTermEn>movable span</DefinedTermEn>, without restricting the generality of the term, includes a lift, draw, swing and jackknife span. (<DefinedTermFr>travée mobile</DefinedTermFr>)</Text></Definition></Section><Heading level="1"><TitleText>Application</TitleText></Heading><Section><Label>3</Label><Subsection><Label>(1)</Label><Text>These Regulations apply to every bridge over a navigable water constructed after November 17, 1923.</Text></Subsection><Subsection><Label>(2)</Label><Text>Notwithstanding subsection (1), these Regulations do not apply to any bridge over a canal or over the waters of any public harbour to the extent that these Regulations conflict with any other regulations made or approved by the Governor in Council.</Text></Subsection><HistoricalNote>SOR/86-970, s. 1.</HistoricalNote></Section><Heading level="1"><TitleText>Lights</TitleText></Heading><Section><Label>4</Label><Text>The Minister may prescribe lights or markings to be exhibited and the time during which the lights shall be exhibited on any bridge or on any span through or under which any passage to navigation is approved.</Text><HistoricalNote>SOR/86-970, s. 2.</HistoricalNote></Section><Section><Label>5</Label><Text>The owner of every bridge shall cause to be exhibited, maintained and operated at the bridge the lights and other aids to navigation prescribed by or under these Regulations.</Text><HistoricalNote>SOR/86-970, s. 2.</HistoricalNote></Section><Heading level="1"><TitleText>Approval of Plan</TitleText></Heading><Section><Label>6</Label><Text>Where a plan and description of a proposed bridge is required by the <XRefExternal reference-type="act">Navigable Waters Protection Act</XRefExternal> or the <XRefExternal reference-type="act">Railway Act</XRefExternal> to be submitted to the Minister for his approval, that plan and description shall indicate any lights or markings prescribed by the Minister pursuant to section 4.</Text><HistoricalNote>SOR/86-970, s. 2.</HistoricalNote></Section><Section><Label>7</Label><Text>Where a bridge consists of more than one span, the Minister may prescribe the span or spans through or under which any passage for navigation is approved.</Text><HistoricalNote>SOR/86-970, s. 2.</HistoricalNote></Section><Section><Label>8 and 9</Label><Text><Repealed>[Revoked, SOR/86-970, s. 2]</Repealed></Text></Section><Heading level="1"><TitleText>Movable Spans</TitleText></Heading><Section><Label>10</Label><Text>Unless otherwise approved by the Minister, the owner of a movable span bridge shall maintain on duty in charge of the span at all times a responsible person who is trained to operate the span.</Text><HistoricalNote>SOR/86-970, s. 3.</HistoricalNote></Section><Section><Label>11</Label><Subsection><Label>(1)</Label><Text>The person in charge of a vessel passing through or under a bridge where two passages for navigation are approved shall use the passage on the vessel’s starboard side.</Text></Subsection><Subsection><Label>(2)</Label><Text>The Minister shall make special provisions governing navigation through or under any bridge where more than two passages for navigation are approved.</Text></Subsection></Section><Section><Label>12</Label><Text>The signal to be given by a vessel for the purpose of having a movable span opened shall be three long blasts of a whistle or horn.</Text></Section><Section><Label>13</Label><Subsection><Label>(1)</Label><Text>When the signal specified in section 12 is given by a vessel approaching a movable span bridge, the responsible person referred to in section 10 shall open the span immediately, or as soon thereafter as is reasonably possible, to permit the passage of the vessel.</Text></Subsection><Subsection><Label>(2)</Label><Text>Notwithstanding subsection (1), the Minister may prohibit the opening of any movable span during specified periods and the person in charge of the span shall not open it except under such conditions as may be prescribed by the Minister.</Text></Subsection><Subsection><Label>(3)</Label><Text>The person in charge of a vessel shall not allow the vessel to enter a passage for navigation through or under a movable span until the span is fully open unless the vessel can safely move under the span while it is closed.</Text></Subsection><HistoricalNote>SOR/86-970, s. 4.</HistoricalNote></Section></Body></Regulation>