﻿<?xml version="1.0" encoding="utf-8"?><!DOCTYPE Regulation PUBLIC "-//Justice Canada//DTD Regulation v1.2.2//EN" "Dtd/Regulations/Version_1.2.2/regulation.dtd"><Regulation regulation-type="SOR" xml:lang="en"><Identification><InstrumentNumber>C.R.C., c. 1107</InstrumentNumber><ConsolidationDate><Date><YYYY>2018</YYYY><MM>07</MM><DD>06</DD></Date></ConsolidationDate><LastModifiedDate><Date><YYYY>2005</YYYY><MM>7</MM><DD>19</DD></Date></LastModifiedDate><EnablingAuthority><XRefExternal reference-type="act">NATIONAL HOUSING ACT</XRefExternal></EnablingAuthority><ShortTitle>N.H.A. Maximum Interest Rates Regulations</ShortTitle><LongTitle>Regulations Respecting the Maximum Interest Rates Payable on Loans Made Under the National Housing Act</LongTitle></Identification><Body><Heading level="1"><TitleText>Short Title</TitleText></Heading><Section><Label>1</Label><Text>These Regulations may be cited as the <XRefExternal reference-type="regulation">N.H.A. Maximum Interest Rates Regulations</XRefExternal>.</Text></Section><Heading level="1"><TitleText>Interpretation</TitleText></Heading><Section><Label>2</Label><Text>In these Regulations, <DefinedTermEn>Act</DefinedTermEn> means the <XRefExternal reference-type="act">National Housing Act</XRefExternal>.</Text></Section><Heading level="1"><TitleText>Maximum Rate of Interest</TitleText></Heading><Section><Label>3</Label><Subsection><Label>(1)</Label><Text>The maximum rate of interest per annum payable by a borrower in respect of a loan to be made under section 28 of the <XRefExternal reference-type="act">National Housing Act</XRefExternal>, as computed annually and not in advance, shall be,</Text><Paragraph><Label>(a)</Label><Text>for a loan made in the period ending on June 30, 1969, 9 3/8 per cent; and</Text></Paragraph><Paragraph><Label>(b)</Label><Text>for a loan made in an interest period commencing on or after July 1, 1969, 2 1/4 per cent plus the average yield on long-term bonds of Canada for all Wednesdays in the averaging period immediately preceding such interest period, calculated to the nearest 1/8 per cent or, if the result is equidistant from two multiples of 1/8 of one per cent, to that multiple thereof that is the lower.</Text></Paragraph></Subsection><Subsection><Label>(2)</Label><Text>In this section,</Text><Definition generate-in-text="no"><Text><DefinedTermEn>average yield on long-term bonds of Canada</DefinedTermEn> means the simple arithmetic mean of the Wednesday closing midmarket yields, as computed from the yields published by the Bank of Canada, on all long-term bonds of Canada; (<DefinedTermFr>rendement moyen des obligations à long terme du gouvernement du Canada</DefinedTermFr>)</Text></Definition><Definition generate-in-text="no"><Text><DefinedTermEn>averaging period</DefinedTermEn> means a period of four weeks ending on the last Wednesday on or before December 31st, March 31st, June 30th or September 30th; (<DefinedTermFr>période d’établissement de moyennes</DefinedTermFr>)</Text></Definition><Definition generate-in-text="no"><Text><DefinedTermEn>interest period</DefinedTermEn> means a period of three months commencing on January 1st, April 1st, July 1st or October 1st; (<DefinedTermFr>période d’intérêt</DefinedTermFr>)</Text></Definition><Definition generate-in-text="no"><Text><DefinedTermEn>long-term bonds of Canada</DefinedTermEn> means marketable bonds issued by the Government of Canada payable in Canadian currency and due to mature in not less than 10 years. (<DefinedTermFr>obligations à long terme du Canada</DefinedTermFr>)</Text></Definition></Subsection></Section><Section><Label>4</Label><Text>The maximum rate of interest payable by a borrower in respect of a loan to be made under the Act, shall be</Text><Paragraph><Label>(a)</Label><Text>if the loan is made under section 15, 25, 43, 45.2, 47 or 51 of the Act, 17 1/2 per cent per annum, computed semi-annually and not in advance; and</Text></Paragraph><Paragraph><Label>(b)</Label><Text>if the loan is made under section 27.5, 34.1 or 42 of the Act, 16 per cent per annum, computed semi-annually and not in advance.</Text></Paragraph><HistoricalNote>SOR/78-96, s. 1; SOR/78-312, s. 1; SOR/78-474, s. 1; SOR/78-881, s. 1; SOR/79-117, s. 1; SOR/79-387, s. 1; SOR/79-710, s. 1; SOR/79-787, s. 1; SOR/79-944, s. 1; SOR/80-125, s. 1; SOR/80-231, s. 1; SOR/80-322, s. 1; SOR/80-329, s. 1; SOR/80-400, s. 1; SOR/80-401, s. 1; SOR/80-455, s. 1; SOR/80-518, s. 1; SOR/80-735, s. 1; SOR/80-736, s. 1; SOR/80-775, s. 1; SOR/80-788, s. 1; SOR/80-872, s. 1; SOR/80-914, s. 1; SOR/81-50, s. 1; SOR/81-102, s. 1; SOR/81-155, s. 1; SOR/81-227, s. 1; SOR/81-307, s. 1; SOR/81-376, s. 1; SOR/81-417, s. 1; SOR/81-460, s. 1; SOR/81-521, s. 1; SOR/81-645, s. 1; SOR/81-746, s. 1; SOR/81-852, s. 1; SOR/81-888, s. 1; SOR/82-22, s. 1; SOR/82-179, s. 1.</HistoricalNote></Section></Body></Regulation>