﻿<?xml version="1.0" encoding="utf-8"?><!DOCTYPE Regulation PUBLIC "-//Justice Canada//DTD Regulation v1.2.2//EN" "Dtd/Regulations/Version_1.2.2/regulation.dtd"><Regulation regulation-type="SOR" xml:lang="en"><Identification><InstrumentNumber>C.R.C., c. 233</InstrumentNumber><ConsolidationDate><Date><YYYY>2018</YYYY><MM>07</MM><DD>06</DD></Date></ConsolidationDate><LastModifiedDate><Date><YYYY>2005</YYYY><MM>6</MM><DD>9</DD></Date></LastModifiedDate><EnablingAuthority><XRefExternal reference-type="act">AGRICULTURAL PRODUCTS MARKETING ACT</XRefExternal></EnablingAuthority><ShortTitle>Prince Edward Island Potato Order</ShortTitle><LongTitle>Order Granting Authority to Regulate the Marketing in Interprovincial and Export Trade of Potatoes Produced in Prince Edward Island</LongTitle></Identification><Body><Heading level="1"><TitleText>Short Title</TitleText></Heading><Section><Label>1</Label><Text>This Order may be cited as the <XRefExternal reference-type="regulation">Prince Edward Island Potato Order</XRefExternal>.</Text></Section><Heading level="1"><TitleText>Interpretation</TitleText></Heading><Section><Label>2</Label><Text>In this Order,</Text><Definition generate-in-text="no"><Text><DefinedTermEn>Act</DefinedTermEn> means the Prince Edward Island <XRefExternal reference-type="act">Natural Products Marketing Act</XRefExternal>; (<DefinedTermFr>Loi</DefinedTermFr>)</Text></Definition><Definition generate-in-text="no"><Text><DefinedTermEn>Commodity Board</DefinedTermEn> means the Prince Edward Island Potato Board established pursuant to the Act; (<DefinedTermFr>Office de commercialisation</DefinedTermFr>)</Text></Definition><Definition generate-in-text="no"><Text><DefinedTermEn>Plan</DefinedTermEn> means any plan for the marketing of potatoes established and amended from time to time pursuant to the Act; (<DefinedTermFr>Plan</DefinedTermFr>)</Text></Definition><Definition generate-in-text="no"><Text><DefinedTermEn>potatoes</DefinedTermEn> means any potatoes produced in the Province of Prince Edward Island. (<DefinedTermFr>pommes de terre</DefinedTermFr>) </Text></Definition><HistoricalNote>SOR/81-819, s. 1; SOR/88-276, s. 1; SOR/90-596, s. 1.</HistoricalNote></Section><Heading level="1"><TitleText>Interprovincial and Export Trade</TitleText></Heading><Section><Label>3</Label><Text>The Commodity Board is authorized to regulate the marketing of potatoes in interprovincial and export trade and for such purposes may, with respect to persons and property situated within the Province of Prince Edward Island, exercise all or any powers like the powers exercisable by it in relation to the marketing of potatoes locally within that Province under the Act and the Plan.</Text></Section><Heading level="1"><TitleText>Levies</TitleText></Heading><Section><Label>4</Label><Text>The Commodity Board is authorized,</Text><Paragraph><Label>(a)</Label><Text><Repealed>[Revoked, SOR/80-90]</Repealed></Text></Paragraph><Paragraph><Label>(b)</Label><Text>in relation to the powers granted to it under section 3 with respect to the marketing of potatoes in interprovincial and export trade,</Text></Paragraph><ContinuedSectionSubsection><Text>to make orders fixing levies or charges and imposing them upon and collecting them from persons described in section 3 who are engaged in the marketing of potatoes, and for such purposes classifying such persons into groups and fixing the levies or charges payable by the members of the different groups in different amounts, and the Commodity Board may use such levies or charges for its purposes, including the creation of reserves, the payment of expenses and losses resulting from the sale or disposal of potatoes, and the equalization or adjustment among producers of potatoes of moneys realized from the sale thereof during such period or periods of time as it may determine.</Text></ContinuedSectionSubsection><HistoricalNote>SOR/80-90.</HistoricalNote></Section></Body></Regulation>