﻿<?xml version="1.0" encoding="utf-8"?><!DOCTYPE Regulation PUBLIC "-//Justice Canada//DTD Regulation v1.2.2//EN" "Dtd/Regulations/Version_1.2.2/regulation.dtd"><Regulation regulation-type="SI" xml:lang="en"><Identification><InstrumentNumber>C.R.C., c. 1368</InstrumentNumber><ConsolidationDate><Date><YYYY>2018</YYYY><MM>07</MM><DD>06</DD></Date></ConsolidationDate><LastModifiedDate><Date><YYYY>2005</YYYY><MM>7</MM><DD>28</DD></Date></LastModifiedDate><EnablingAuthority><XRefExternal reference-type="act">QUARANTINE ACT</XRefExternal></EnablingAuthority><ShortTitle>Quarantine Regulations</ShortTitle><LongTitle>Regulations Made Pursuant to the Quarantine Act</LongTitle></Identification><Body><Heading level="1"><TitleText>Short Title</TitleText></Heading><Section><Label>1</Label><Text>These Regulations may be cited as the <XRefExternal reference-type="regulation">Quarantine Regulations</XRefExternal>.</Text></Section><Section><Label>2</Label><Text><Repealed>[Repealed, SOR/2006-332, s. 1]</Repealed></Text></Section><Section><Label>3</Label><Text><Repealed>[Repealed, SOR/2006-332, s. 1]</Repealed></Text></Section><Section><Label>4</Label><Text><Repealed>[Repealed, SOR/2006-332, s. 1]</Repealed></Text></Section><Section><Label>5</Label><Text><Repealed>[Repealed, SOR/2006-332, s. 1]</Repealed></Text></Section><Section><Label>6</Label><Text><Repealed>[Repealed, SOR/2006-332, s. 1]</Repealed></Text></Section><Section><Label>7</Label><Text><Repealed>[Repealed, SOR/2006-332, s. 1]</Repealed></Text></Section><Section><Label>7.1</Label><Text><Repealed>[Repealed, SOR/2006-332, s. 1]</Repealed></Text></Section><Section><Label>8</Label><Text><Repealed>[Repealed, SOR/2006-332, s. 1]</Repealed></Text></Section><Section><Label>9</Label><Text><Repealed>[Repealed, SOR/2006-332, s. 1]</Repealed></Text></Section><Section><Label>10</Label><Text><Repealed>[Repealed, SOR/2006-332, s. 1]</Repealed></Text></Section><Section><Label>11</Label><Text><Repealed>[Repealed, SOR/2006-332, s. 1]</Repealed></Text></Section><Heading level="1"><TitleText>Maritime Traffic</TitleText></Heading><Section><Label>12</Label><Subsection><Label>(1)</Label><Text>Where, in the course of a voyage of a vessel to one of the ports referred to in subsection (3),</Text><Paragraph><Label>(a)</Label><Text>a member of the crew or a passenger on board the vessel has</Text><Subparagraph><Label>(i)</Label><Text>died,</Text></Subparagraph><Subparagraph><Label>(ii)</Label><Text>had a temperature of 38°C (100°F) or greater that persisted for two days or more or was accompanied or followed by a rash, jaundice or glandular swelling, or</Text></Subparagraph><Subparagraph><Label>(iii)</Label><Text>suffered from diarrhea severe enough to interfere with that person's work or normal activity,</Text></Subparagraph></Paragraph><Paragraph><Label>(b)</Label><Text>the person in charge of the vessel is, during the period</Text><Subparagraph><Label>(i)</Label><Text>of four weeks preceding the estimated time of arrival of the vessel, or</Text></Subparagraph><Subparagraph><Label>(ii)</Label><Text>since the person last submitted a declaration of health,</Text></Subparagraph><ContinuedParagraph><Text>whichever is the lesser, aware of any instance of illness among the crew or passengers that he suspects is of an infectious nature and may lead to the spread of disease,</Text></ContinuedParagraph></Paragraph><Paragraph><Label>(c)</Label><Text>the vessel has,</Text><Subparagraph><Label>(i)</Label><Text>within 14 days of its estimated time of arrival in Canada, been in a country that, in the opinion of a quarantine officer, is infected or suspected of being infected with smallpox, or</Text></Subparagraph><Subparagraph><Label>(ii)</Label><Text>within 60 days of its estimated time of arrival in Canada been in a country that, in the opinion of a quarantine officer, is infected or suspected of being infected with the plague, or</Text></Subparagraph></Paragraph><Paragraph><Label>(d)</Label><Text>a certificate establishing that the vessel has been de-ratted or exempted from de-ratting procedures has expired or is about to expire</Text></Paragraph><ContinuedSectionSubsection><Text>the person in charge of the vessel shall, by radio at least 24 hours prior to the vessel's estimated time of arrival at its port of destination and between the hours of 9 o'clock in the forenoon and 5 o'clock in the afternoon, notify the quarantine officer at the quarantine station designated in subsection (3) for that port of the occurrence and provide him with the information described in subsection (2).</Text></ContinuedSectionSubsection></Subsection><Subsection><Label>(2)</Label><Text>The information to be provided to the quarantine officer pursuant to subsection (1) is</Text><Paragraph><Label>(a)</Label><Text>the name and nationality of the vessel;</Text></Paragraph><Paragraph><Label>(b)</Label><Text>the ports called at during the voyage of the vessel;</Text></Paragraph><Paragraph><Label>(c)</Label><Text>the nature of the cargo on board the vessel;</Text></Paragraph><Paragraph><Label>(d)</Label><Text>the number of persons comprising the crew of the vessel;</Text></Paragraph><Paragraph><Label>(e)</Label><Text>the number of passengers on board the vessel;</Text></Paragraph><Paragraph><Label>(f)</Label><Text>the port of destination of the vessel and the name of the vessel's owner or, if the owner is not in Canada, the name of the vessel's agent in Canada;</Text></Paragraph><Paragraph><Label>(g)</Label><Text>the condition of all persons on board the vessel and details of any death or illness occurring during the voyage;</Text></Paragraph><Paragraph><Label>(h)</Label><Text>whether the body of any person is being carried on the vessel;</Text></Paragraph><Paragraph><Label>(i)</Label><Text>the estimated time of arrival of the vessel at the port of destination;</Text></Paragraph><Paragraph><Label>(j)</Label><Text>the number of persons on board the vessel who are not in possession of valid evidence of immunization to smallpox; and</Text></Paragraph><Paragraph><Label>(k)</Label><Text>the date and place of issuance of any de-ratting certificate or de-ratting exemption certificate applicable to the vessel.</Text></Paragraph></Subsection><Subsection><Label>(3)</Label><Text>For the purpose of subsection (1), the quarantine station for vessels bound for</Text><Paragraph><Label>(a)</Label><Text>a port in the Province of Nova Scotia or a port in the Province of Prince Edward Island, is Quarantine Station, Halifax, Nova Scotia;</Text></Paragraph><Paragraph><Label>(b)</Label><Text>a port in the Province of New Brunswick, is Quarantine Station, Saint John, New Brunswick;</Text></Paragraph><Paragraph><Label>(c)</Label><Text>a port in the Province of Newfoundland, is Quarantine Station, St. John's, Newfoundland;</Text></Paragraph><Paragraph><Label>(d)</Label><Text>a port in the Province of Quebec or any Canadian port via the St. Lawrence River, is Quarantine Station, Montreal, Quebec;</Text></Paragraph><Paragraph><Label>(e)</Label><Text>a port in the Province of British Columbia, is Quarantine Station, Vancouver, British Columbia; and</Text></Paragraph><Paragraph><Label>(f)</Label><Text>a port on Hudson Bay, is Quarantine Station, Churchill, Manitoba.</Text></Paragraph></Subsection><HistoricalNote>SOR/78-406, s. 3; SOR/2006-332, s. 2.</HistoricalNote></Section><Section><Label>13</Label><Text><Repealed>[Repealed, SOR/2006-332, s. 3]</Repealed></Text></Section><Section><Label>14</Label><Text><Repealed>[Repealed, SOR/2006-332, s. 3]</Repealed></Text></Section><Section><Label>15</Label><Text><Repealed>[Repealed, SOR/2006-332, s. 3]</Repealed></Text></Section><Section><Label>16</Label><Text><Repealed>[Repealed, SOR/2006-332, s. 3]</Repealed></Text></Section><Section><Label>17</Label><Text><Repealed>[Repealed, SOR/2006-332, s. 3]</Repealed></Text></Section><Section><Label>18</Label><Text><Repealed>[Repealed, SOR/2006-332, s. 3]</Repealed></Text></Section><Heading level="1"><TitleText>Air Traffic</TitleText></Heading><Section><Label>19</Label><Subsection><Label>(1)</Label><Text>Where a person in charge of any aircraft arriving in Canada from a place outside Canada wishes to land at any of the airports listed in subsection (2),</Text><Paragraph><Label>(a)</Label><Text>he shall, prior to arrival, except in the case of emergency or other circumstances in which it is impossible to communicate with the airport send by radio to the quarantine officer at such airport information concerning</Text><Subparagraph><Label>(i)</Label><Text>any illness among the persons on board the aircraft, other than air sickness, or resulting from any accident that might have occurred during the flight, with details of such illness including the existence of fever, skin rash, headache, backache, jaundice, diarrhea, vomiting, chills or abnormal behaviour, or</Text></Subparagraph><Subparagraph><Label>(ii)</Label><Text>the death of any person on board the aircraft during the flight; and</Text></Subparagraph></Paragraph><Paragraph><Label>(b)</Label><Text>he may, where no illness described in subparagraph (a) (i) has become apparent and no death has occurred during the flight, send by radio to the quarantine officer at such airport a message that all on board appear to be healthy.</Text></Paragraph></Subsection><Subsection><Label>(2)</Label><Text>Subsection (1) applies in respect of the following airports:</Text><Paragraph><Label>(a)</Label><Text>Gander International;</Text></Paragraph><Paragraph><Label>(b)</Label><Text>Goose Bay;</Text></Paragraph><Paragraph><Label>(c)</Label><Text>St. John's International;</Text></Paragraph><Paragraph><Label>(d)</Label><Text>Halifax International;</Text></Paragraph><Paragraph><Label>(e)</Label><Text>Sydney; ;</Text></Paragraph><Paragraph><Label>(f)</Label><Text>Montreal International (Dorval);</Text></Paragraph><Paragraph><Label>(g)</Label><Text>Montreal International (Mirabel);</Text></Paragraph><Paragraph><Label>(h)</Label><Text>Quebec, Jean Lesage International;</Text></Paragraph><Paragraph><Label>(i)</Label><Text>Hamilton;</Text></Paragraph><Paragraph><Label>(j)</Label><Text>Toronto, Lester B. Pearson International;</Text></Paragraph><Paragraph><Label>(k)</Label><Text>Ottawa, Macdonald-Cartier International;</Text></Paragraph><Paragraph><Label>(l)</Label><Text>Windsor;</Text></Paragraph><Paragraph><Label>(m)</Label><Text>London;</Text></Paragraph><Paragraph><Label>(n)</Label><Text>Winnipeg International;</Text></Paragraph><Paragraph><Label>(o)</Label><Text>Saskatoon, John G. Diefenbaker International;</Text></Paragraph><Paragraph><Label>(p)</Label><Text>Regina;</Text></Paragraph><Paragraph><Label>(q)</Label><Text>Edmonton International;</Text></Paragraph><Paragraph><Label>(r)</Label><Text>Calgary International;</Text></Paragraph><Paragraph><Label>(s)</Label><Text>Vancouver International;</Text></Paragraph><Paragraph><Label>(t)</Label><Text>Victoria International; and</Text></Paragraph><Paragraph><Label>(u)</Label><Text>Kelowna.</Text></Paragraph></Subsection><HistoricalNote>SOR/2003-227, s. 4.</HistoricalNote></Section><Section><Label>20</Label><Text><Repealed>[Repealed, SOR/2006-332, s. 4]</Repealed></Text></Section><Section><Label>21</Label><Text><Repealed>[Repealed, SOR/2006-332, s. 4]</Repealed></Text></Section><Section><Label>22</Label><Text><Repealed>[Repealed, SOR/2006-332, s. 4]</Repealed></Text></Section><Section><Label>23</Label><Text><Repealed>[Repealed, SOR/2006-332, s. 4]</Repealed></Text></Section><Section><Label>24</Label><Text><Repealed>[Repealed, SOR/2006-332, s. 4]</Repealed></Text></Section><Section><Label>25</Label><Text><Repealed>[Repealed, SOR/2006-332, s. 4]</Repealed></Text></Section><Section><Label>26</Label><Text><Repealed>[Repealed, SOR/2006-332, s. 4]</Repealed></Text></Section><Section><Label>27</Label><Text><Repealed>[Repealed, SOR/2006-332, s. 4]</Repealed></Text></Section><Section><Label>28</Label><Text><Repealed>[Repealed, SOR/2006-332, s. 4]</Repealed></Text></Section><Section><Label>29</Label><Text><Repealed>[Repealed, SOR/2006-332, s. 4]</Repealed></Text></Section><Section><Label>30</Label><Text><Repealed>[Repealed, SOR/2006-332, s. 4]</Repealed></Text></Section></Body><Schedule bilingual="no" spanlanguages="no"><ScheduleFormHeading><Label>SCHEDULE I</Label></ScheduleFormHeading><Repealed>[Repealed, SOR/2006-332, s. 5]</Repealed></Schedule><Schedule bilingual="no" spanlanguages="no"><ScheduleFormHeading><Label>SCHEDULE II</Label></ScheduleFormHeading><Repealed>[Repealed, SOR/2006-332, s. 5]</Repealed></Schedule></Regulation>