﻿<?xml version="1.0" encoding="utf-8"?><!DOCTYPE Regulation PUBLIC "-//Justice Canada//DTD Regulation v1.2.2//EN" "Dtd/Regulations/Version_1.2.2/regulation.dtd"><Regulation regulation-type="SOR" xml:lang="en"><Identification><InstrumentNumber>C.R.C., c. 1015</InstrumentNumber><ConsolidationDate><Date><YYYY>2018</YYYY><MM>07</MM><DD>06</DD></Date></ConsolidationDate><LastModifiedDate><Date><YYYY>2005</YYYY><MM>7</MM><DD>19</DD></Date></LastModifiedDate><EnablingAuthority><XRefExternal reference-type="act">FAIR WAGES AND HOURS OF LABOUR ACT</XRefExternal></EnablingAuthority><LongTitle>Fair Wages and Hours of Labour Regulations</LongTitle></Identification><Repealed>[Repealed, SOR/2013-204, s. 1]</Repealed><Body><Section><Label>1</Label><Text><Repealed>[Repealed, SOR/99-362, s. 2]</Repealed></Text></Section><Heading level="1"><TitleText>Interpretation</TitleText><Note>[Repealed, SOR/2013-204, s. 1]</Note></Heading><Section><Label>2</Label><Text><Repealed>[Repealed, SOR/2013-204, s. 1]</Repealed></Text></Section><Heading level="1"><TitleText>Notice</TitleText><Note>[Repealed, SOR/2013-204, s. 1]</Note></Heading><Section><Label>2.1</Label><Text><Repealed>[Repealed, SOR/2013-204, s. 1]</Repealed></Text></Section><Heading level="1"><TitleText>Application</TitleText><Note>[Repealed, SOR/2013-204, s. 1]</Note></Heading><Section><Label>3</Label><Text><Repealed>[Repealed, SOR/2013-204, s. 1]</Repealed></Text></Section><Heading level="1"><TitleText>Determination of Fair Wages</TitleText><Note>[Repealed, SOR/2013-204, s. 1]</Note></Heading><Section><Label>4</Label><Text><Repealed>[Repealed, SOR/2013-204, s. 1]</Repealed></Text></Section><Heading level="1"><TitleText>Schedule of Wage Rates</TitleText><Note>[Repealed, SOR/2013-204, s. 1]</Note></Heading><Section><Label>5</Label><Text><Repealed>[Repealed, SOR/2013-204, s. 1]</Repealed></Text></Section><Section><Label>6</Label><Text><Repealed>[Repealed, SOR/2013-204, s. 1]</Repealed></Text></Section><Heading level="1"><TitleText>Hours of Work</TitleText><Note>[Repealed, SOR/2013-204, s. 1]</Note></Heading><Section><Label>6.1</Label><Text><Repealed>[Repealed, SOR/2013-204, s. 1]</Repealed></Text></Section><Heading level="1"><TitleText>Provisions to Be Included in Contracts</TitleText><Note>[Repealed, SOR/2013-204, s. 1]</Note></Heading><Heading level="2"><TitleText>Fair Wages</TitleText><Note>[Repealed, SOR/2013-204, s. 1]</Note></Heading><Section><Label>7</Label><Text><Repealed>[Repealed, SOR/2013-204, s. 1]</Repealed></Text></Section><Section><Label>8</Label><Text><Repealed>[Repealed, SOR/2013-204, s. 1]</Repealed></Text></Section><Heading level="2"><TitleText>Non-discrimination</TitleText><Note>[Repealed, SOR/2013-204, s. 1]</Note></Heading><Section><Label>9</Label><Text><Repealed>[Repealed, SOR/2013-204, s. 1]</Repealed></Text></Section><Section><Label>10</Label><Text><Repealed>[Repealed, SOR/99-362, s. 5]</Repealed></Text></Section><Heading level="2"><TitleText>Withholding Payment</TitleText><Note>[Repealed, SOR/2013-204, s. 1]</Note></Heading><Section><Label>11</Label><Text><Repealed>[Repealed, SOR/2013-204, s. 1]</Repealed></Text></Section><Heading level="2"><TitleText>Subcontracts</TitleText><Note>[Repealed, SOR/2013-204, s. 1]</Note></Heading><Section><Label>12</Label><Text><Repealed>[Repealed, SOR/2013-204, s. 1]</Repealed></Text></Section><Heading level="2"><TitleText>Default</TitleText><Note>[Repealed, SOR/2013-204, s. 1]</Note></Heading><Section><Label>13</Label><Text><Repealed>[Repealed, SOR/2013-204, s. 1]</Repealed></Text></Section><Heading level="2"><TitleText>Books and Records</TitleText><Note>[Repealed, SOR/2013-204, s. 1]</Note></Heading><Section><Label>14</Label><Text><Repealed>[Repealed, SOR/2013-204, s. 1]</Repealed></Text></Section><Section><Label>15</Label><Text><Repealed>[Repealed, SOR/2013-204, s. 1]</Repealed></Text></Section><Heading level="1"><TitleText>General</TitleText><Note>[Repealed, SOR/2013-204, s. 1]</Note></Heading><Section><Label>16</Label><Text><Repealed>[Repealed, SOR/2013-204, s. 1]</Repealed></Text></Section></Body></Regulation>