﻿<?xml version="1.0" encoding="utf-8"?><!DOCTYPE Regulation PUBLIC "-//Justice Canada//DTD Regulation v1.2.2//EN" "Dtd/Regulations/Version_1.2.2/regulation.dtd"><Regulation gazette-part="II" regulation-type="SOR" xml:lang="en"><Identification><InstrumentNumber>C.R.C., c. 1333</InstrumentNumber><ConsolidationDate><Date><YYYY>2018</YYYY><MM>07</MM><DD>06</DD></Date></ConsolidationDate><LastModifiedDate><Date><YYYY>2011</YYYY><MM>3</MM><DD>29</DD></Date></LastModifiedDate><EnablingAuthority><XRefExternal reference-type="act">PUBLIC SERVICE EMPLOYMENT ACT</XRefExternal><XRefExternal reference-type="act">CORRECTIONS AND CONDITIONAL RELEASE ACT</XRefExternal></EnablingAuthority><ShortTitle>Application to Canadian Penitentiary Service Regulations</ShortTitle><LongTitle>Regulations Applying the Public Service Employment Act to Officers of the Canadian Penitentiary Service</LongTitle></Identification><Body><Heading level="1"><TitleText>Short Title</TitleText></Heading><Section><Label>1</Label><Text>These Regulations may be cited as the <XRefExternal reference-type="regulation">Application to Canadian Penitentiary Service Regulations</XRefExternal>.</Text></Section><Heading level="1"><TitleText>Application of Act</TitleText></Heading><Section><Label>2</Label><Text>Notwithstanding Part I of the <XRefExternal reference-type="act">Corrections and Conditional Release Act</XRefExternal>, the provisions of the <XRefExternal reference-type="act">Public Service Employment Act</XRefExternal> apply to all members of the Correctional Service of Canada including those known as Deputy Commissioner, Directors of Divisions, Regional Directors and all other members of the Correctional Service of Canada except the Commissioner of Penitentiaries.</Text><HistoricalNote>R.S., 1985, c. 35 (2nd Supp.), ss. 15, 18.</HistoricalNote></Section></Body></Regulation>