﻿<?xml version="1.0" encoding="utf-8"?><!DOCTYPE Regulation PUBLIC "-//Justice Canada//DTD Regulation v1.2.2//EN" "Dtd/Regulations/Version_1.2.2/regulation.dtd"><Regulation regulation-type="SOR" xml:lang="en"><Identification><InstrumentNumber>C.R.C., c. 599</InstrumentNumber><ConsolidationDate><Date><YYYY>2018</YYYY><MM>07</MM><DD>06</DD></Date></ConsolidationDate><LastModifiedDate><Date><YYYY>2005</YYYY><MM>7</MM><DD>8</DD></Date></LastModifiedDate><EnablingAuthority><XRefExternal reference-type="act">EXPLOSIVES ACT</XRefExternal></EnablingAuthority><ShortTitle>Explosives Regulations</ShortTitle><LongTitle>Regulations Respecting Explosives</LongTitle></Identification><Repealed>[Repealed, SOR/2013-211, par. 509(a)]</Repealed><Body><Heading level="1"><TitleText>Short Title</TitleText><Note>[Repealed, SOR/2013-211, par. 509(a)]</Note></Heading><Section><Label>1</Label><Text><Repealed>[Repealed, SOR/2013-211, par. 509(a)]</Repealed></Text></Section><Heading level="1"><TitleText>Interpretation</TitleText><Note>[Repealed, SOR/2013-211, par. 509(a)]</Note></Heading><Section><Label>2</Label><Text><Repealed>[Repealed, SOR/2013-211, par. 509(a)]</Repealed></Text></Section><Heading level="1"><TitleText>General</TitleText><Note>[Repealed, SOR/2013-211, par. 509(a)]</Note></Heading><Section><Label>3</Label><Text><Repealed>[Repealed, SOR/2013-211, par. 509(a)]</Repealed></Text></Section><Section><Label>4</Label><Text><Repealed>[Repealed, SOR/2013-211, par. 509(a)]</Repealed></Text></Section><Section><Label>5</Label><Text><Repealed>[Repealed, SOR/2013-211, par. 509(a)]</Repealed></Text></Section><Heading level="1"><Label>PART I</Label><TitleText>Classification</TitleText><Note>[Repealed, SOR/2013-211, par. 509(a)]</Note></Heading><Section><Label>6</Label><Text><Repealed>[Repealed, SOR/2013-211, par. 509(a)]</Repealed></Text></Section><Section><Label>7</Label><Text><Repealed>[Repealed, SOR/2013-211, par. 509(a)]</Repealed></Text></Section><Heading level="2"><TitleText>Class 1 — Gunpowder Class</TitleText><Note>[Repealed, SOR/2013-211, par. 509(a)]</Note></Heading><Section><Label>8</Label><Text><Repealed>[Repealed, SOR/2013-211, par. 509(a)]</Repealed></Text></Section><Heading level="2"><TitleText>Class 2 — Nitrate Mixture Class</TitleText><Note>[Repealed, SOR/2013-211, par. 509(a)]</Note></Heading><Section><Label>9</Label><Text><Repealed>[Repealed, SOR/2013-211, par. 509(a)]</Repealed></Text></Section><Heading level="2"><TitleText>Class 3 — Nitro-Compound Class</TitleText><Note>[Repealed, SOR/2013-211, par. 509(a)]</Note></Heading><Section><Label>10</Label><Text><Repealed>[Repealed, SOR/2013-211, par. 509(a)]</Repealed></Text></Section><Heading level="2"><TitleText>Class 4 — Chlorate Mixture Class</TitleText><Note>[Repealed, SOR/2013-211, par. 509(a)]</Note></Heading><Section><Label>11</Label><Text><Repealed>[Repealed, SOR/2013-211, par. 509(a)]</Repealed></Text></Section><Heading level="2"><TitleText>Class 5 — Fulminate Class</TitleText><Note>[Repealed, SOR/2013-211, par. 509(a)]</Note></Heading><Section><Label>12</Label><Text><Repealed>[Repealed, SOR/2013-211, par. 509(a)]</Repealed></Text></Section><Heading level="2"><TitleText>Class 6 — Ammunition Class</TitleText><Note>[Repealed, SOR/2013-211, par. 509(a)]</Note></Heading><Section><Label>13</Label><Text><Repealed>[Repealed, SOR/2013-211, par. 509(a)]</Repealed></Text></Section><Heading level="2"><TitleText>Class 7 — Firework Class</TitleText><Note>[Repealed, SOR/2013-211, par. 509(a)]</Note></Heading><Section><Label>14</Label><Text><Repealed>[Repealed, SOR/2013-211, par. 509(a)]</Repealed></Text></Section><Heading level="1"><Label>PART II</Label><TitleText>Authorization and Testing</TitleText><Note>[Repealed, SOR/2013-211, par. 509(a)]</Note></Heading><Section><Label>15</Label><Text><Repealed>[Repealed, SOR/2013-211, par. 509(a)]</Repealed></Text></Section><Section><Label>16</Label><Text><Repealed>[Repealed, SOR/2013-211, par. 509(a)]</Repealed></Text></Section><Section><Label>17</Label><Text><Repealed>[Repealed, SOR/2013-211, par. 509(a)]</Repealed></Text></Section><Section><Label>18</Label><Text><Repealed>[Repealed, SOR/2013-211, par. 509(a)]</Repealed></Text></Section><Section><Label>19</Label><Text><Repealed>[Repealed, SOR/2013-211, par. 509(a)]</Repealed></Text></Section><Section><Label>20</Label><Text><Repealed>[Repealed, SOR/2013-211, par. 509(a)]</Repealed></Text></Section><Section><Label>21</Label><Text><Repealed>[Repealed, SOR/2013-211, par. 509(a)]</Repealed></Text></Section><Section><Label>22</Label><Text><Repealed>[Repealed, SOR/2013-211, par. 509(a)]</Repealed></Text></Section><Section><Label>23</Label><Text><Repealed>[Repealed, SOR/2013-211, par. 509(a)]</Repealed></Text></Section><Section><Label>24</Label><Text><Repealed>[Repealed, SOR/2013-211, par. 509(a)]</Repealed></Text></Section><Heading level="1"><Label>PART III</Label><TitleText>Licences and Permits</TitleText><Note>[Repealed, SOR/2013-211, par. 509(a)]</Note></Heading><Section><Label>25</Label><Text><Repealed>[Repealed, SOR/2013-211, par. 509(a)]</Repealed></Text></Section><Section><Label>25.01</Label><Text><Repealed>[Repealed, SOR/2013-211, par. 509(a)]</Repealed></Text></Section><Section><Label>25.02</Label><Text><Repealed>[Repealed, SOR/2013-211, par. 509(a)]</Repealed></Text></Section><Section><Label>25.03</Label><Text><Repealed>[Repealed, SOR/2013-211, par. 509(a)]</Repealed></Text></Section><Section><Label>25.04</Label><Text><Repealed>[Repealed, SOR/2013-211, par. 509(a)]</Repealed></Text></Section><Section><Label>25.05</Label><Text><Repealed>[Repealed, SOR/2013-211, par. 509(a)]</Repealed></Text></Section><Section><Label>25.06</Label><Text><Repealed>[Repealed, SOR/2013-211, par. 509(a)]</Repealed></Text></Section><Section><Label>25.07</Label><Text><Repealed>[Repealed, SOR/2013-211, par. 509(a)]</Repealed></Text></Section><Section><Label>25.08</Label><Text><Repealed>[Repealed, SOR/2013-211, par. 509(a)]</Repealed></Text></Section><Section><Label>25.09</Label><Text><Repealed>[Repealed, SOR/2013-211, par. 509(a)]</Repealed></Text></Section><Section><Label>25.1</Label><Text><Repealed>[Repealed, SOR/2013-211, par. 509(a)]</Repealed></Text></Section><Section><Label>26</Label><Text><Repealed>[Repealed, SOR/2013-211, par. 509(a)]</Repealed></Text></Section><Section><Label>26.1</Label><Text><Repealed>[Repealed, SOR/2013-211, par. 509(a)]</Repealed></Text></Section><Section><Label>27</Label><Text><Repealed>[Repealed, SOR/2013-211, par. 509(a)]</Repealed></Text></Section><Section><Label>28</Label><Text><Repealed>[Repealed, SOR/2013-211, par. 509(a)]</Repealed></Text></Section><Section><Label>29 and 30</Label><Text><Repealed>[Revoked, SOR/84-597, s. 1]</Repealed></Text></Section><Heading level="1"><Label>PART III.1</Label><TitleText>Fees</TitleText><Note>[Repealed, SOR/2013-211, par. 509(a)]</Note></Heading><Section><Label>31</Label><Text><Repealed>[Repealed, SOR/2013-211, par. 509(a)]</Repealed></Text></Section><Heading level="1"><Label>PART IV</Label><TitleText>Manufacture of Explosives</TitleText><Note>[Repealed, SOR/2013-211, par. 509(a)]</Note></Heading><Section><Label>32</Label><Text><Repealed>[Repealed, SOR/2013-211, par. 509(a)]</Repealed></Text></Section><Section><Label>33</Label><Text><Repealed>[Repealed, SOR/2013-211, par. 509(a)]</Repealed></Text></Section><Section><Label>34</Label><Text><Repealed>[Repealed, SOR/2013-211, par. 509(a)]</Repealed></Text></Section><Section><Label>35</Label><Text><Repealed>[Repealed, SOR/2013-211, par. 509(a)]</Repealed></Text></Section><Section><Label>36</Label><Text><Repealed>[Repealed, SOR/2013-211, par. 509(a)]</Repealed></Text></Section><Section><Label>36.1</Label><Text><Repealed>[Repealed, SOR/2013-211, par. 509(a)]</Repealed></Text></Section><Section><Label>37</Label><Text><Repealed>[Repealed, SOR/2013-211, par. 509(a)]</Repealed></Text></Section><Heading level="1"><Label>PART V</Label><TitleText>Packing for Transportation by Road</TitleText><Note>[Repealed, SOR/2013-211, par. 509(a)]</Note></Heading><Heading level="2"><TitleText>Interpretation</TitleText><Note>[Repealed, SOR/2013-211, par. 509(a)]</Note></Heading><Section><Label>38</Label><Text><Repealed>[Repealed, SOR/2013-211, par. 509(a)]</Repealed></Text></Section><Section><Label>39</Label><Text><Repealed>[Repealed, SOR/2013-211, par. 509(a)]</Repealed></Text></Section><Section><Label>40</Label><Text><Repealed>[Repealed, SOR/2013-211, par. 509(a)]</Repealed></Text></Section><Section><Label>41</Label><Text><Repealed>[Repealed, SOR/2013-211, par. 509(a)]</Repealed></Text></Section><Section><Label>42</Label><Text><Repealed>[Repealed, SOR/2013-211, par. 509(a)]</Repealed></Text></Section><Section><Label>43</Label><Text><Repealed>[Repealed, SOR/2013-211, par. 509(a)]</Repealed></Text></Section><Section><Label>44</Label><Text><Repealed>[Repealed, SOR/2013-211, par. 509(a)]</Repealed></Text></Section><Section><Label>45</Label><Text><Repealed>[Repealed, SOR/2013-211, par. 509(a)]</Repealed></Text></Section><Section><Label>46</Label><Text><Repealed>[Repealed, SOR/2013-211, par. 509(a)]</Repealed></Text></Section><Section><Label>47</Label><Text><Repealed>[Repealed, SOR/2013-211, par. 509(a)]</Repealed></Text></Section><Heading level="1"><Label>PART VI</Label><TitleText>Transportation by Road and Private Railway</TitleText><Note>[Repealed, SOR/2013-211, par. 509(a)]</Note></Heading><Section><Label>48</Label><Text><Repealed>[Repealed, SOR/2013-211, par. 509(a)]</Repealed></Text></Section><Section><Label>48.1</Label><Text><Repealed>[Repealed, SOR/2013-211, par. 509(a)]</Repealed></Text></Section><Section><Label>49</Label><Text><Repealed>[Repealed, SOR/2013-211, par. 509(a)]</Repealed></Text></Section><Section><Label>50</Label><Text><Repealed>[Repealed, SOR/2013-211, par. 509(a)]</Repealed></Text></Section><Section><Label>51</Label><Text><Repealed>[Repealed, SOR/2013-211, par. 509(a)]</Repealed></Text></Section><Section><Label>52</Label><Text><Repealed>[Repealed, SOR/2013-211, par. 509(a)]</Repealed></Text></Section><Section><Label>53</Label><Text><Repealed>[Repealed, SOR/2013-211, par. 509(a)]</Repealed></Text></Section><Section><Label>54</Label><Text><Repealed>[Repealed, SOR/2013-211, par. 509(a)]</Repealed></Text></Section><Section><Label>55</Label><Text><Repealed>[Repealed, SOR/2013-211, par. 509(a)]</Repealed></Text></Section><Section><Label>56</Label><Text><Repealed>[Repealed, SOR/2013-211, par. 509(a)]</Repealed></Text></Section><Section><Label>57</Label><Text><Repealed>[Repealed, SOR/2013-211, par. 509(a)]</Repealed></Text></Section><Section><Label>58</Label><Text><Repealed>[Repealed, SOR/2013-211, par. 509(a)]</Repealed></Text></Section><Section><Label>59</Label><Text><Repealed>[Repealed, SOR/2013-211, par. 509(a)]</Repealed></Text></Section><Section><Label>60</Label><Text><Repealed>[Repealed, SOR/2013-211, par. 509(a)]</Repealed></Text></Section><Section><Label>61</Label><Text><Repealed>[Repealed, SOR/2013-211, par. 509(a)]</Repealed></Text></Section><Section><Label>62</Label><Text><Repealed>[Repealed, SOR/2013-211, par. 509(a)]</Repealed></Text></Section><Section><Label>63</Label><Text><Repealed>[Repealed, SOR/2013-211, par. 509(a)]</Repealed></Text></Section><Section><Label>64</Label><Text><Repealed>[Repealed, SOR/2013-211, par. 509(a)]</Repealed></Text></Section><Section><Label>65</Label><Text><Repealed>[Repealed, SOR/2013-211, par. 509(a)]</Repealed></Text></Section><Section><Label>66</Label><Text><Repealed>[Repealed, SOR/2013-211, par. 509(a)]</Repealed></Text></Section><Heading level="1"><Label>PART VII</Label><TitleText>Factories for Explosives</TitleText><Note>[Repealed, SOR/2013-211, par. 509(a)]</Note></Heading><Section><Label>67</Label><Text><Repealed>[Repealed, SOR/2013-211, par. 509(a)]</Repealed></Text></Section><Section><Label>68</Label><Text><Repealed>[Repealed, SOR/2013-211, par. 509(a)]</Repealed></Text></Section><Section><Label>69</Label><Text><Repealed>[Repealed, SOR/2013-211, par. 509(a)]</Repealed></Text></Section><Section><Label>70</Label><Text><Repealed>[Repealed, SOR/2013-211, par. 509(a)]</Repealed></Text></Section><Section><Label>71</Label><Text><Repealed>[Repealed, SOR/2013-211, par. 509(a)]</Repealed></Text></Section><Section><Label>72</Label><Text><Repealed>[Repealed, SOR/2013-211, par. 509(a)]</Repealed></Text></Section><Section><Label>73</Label><Text><Repealed>[Repealed, SOR/2013-211, par. 509(a)]</Repealed></Text></Section><Section><Label>74</Label><Text><Repealed>[Repealed, SOR/2013-211, par. 509(a)]</Repealed></Text></Section><Section><Label>75</Label><Text><Repealed>[Repealed, SOR/2013-211, par. 509(a)]</Repealed></Text></Section><Section><Label>76</Label><Text><Repealed>[Repealed, SOR/2013-211, par. 509(a)]</Repealed></Text></Section><Section><Label>77</Label><Text><Repealed>[Repealed, SOR/2013-211, par. 509(a)]</Repealed></Text></Section><Section><Label>78</Label><Text><Repealed>[Revoked, SOR/82-779, s. 2]</Repealed></Text></Section><Section><Label>79</Label><Text><Repealed>[Repealed, SOR/2013-211, par. 509(a)]</Repealed></Text></Section><Section><Label>80</Label><Text><Repealed>[Repealed, SOR/2013-211, par. 509(a)]</Repealed></Text></Section><Section><Label>81</Label><Text><Repealed>[Repealed, SOR/2013-211, par. 509(a)]</Repealed></Text></Section><Section><Label>82</Label><Text><Repealed>[Repealed, SOR/2013-211, par. 509(a)]</Repealed></Text></Section><Section><Label>83</Label><Text><Repealed>[Repealed, SOR/2013-211, par. 509(a)]</Repealed></Text></Section><Section><Label>84</Label><Text><Repealed>[Repealed, SOR/2013-211, par. 509(a)]</Repealed></Text></Section><Section><Label>85</Label><Text><Repealed>[Repealed, SOR/2013-211, par. 509(a)]</Repealed></Text></Section><Section><Label>86</Label><Text><Repealed>[Repealed, SOR/2013-211, par. 509(a)]</Repealed></Text></Section><Heading level="1"><Label>PART VIII</Label><TitleText>Magazines for Explosives</TitleText><Note>[Repealed, SOR/2013-211, par. 509(a)]</Note></Heading><Section><Label>87</Label><Text><Repealed>[Repealed, SOR/2013-211, par. 509(a)]</Repealed></Text></Section><Section><Label>88</Label><Text><Repealed>[Repealed, SOR/2013-211, par. 509(a)]</Repealed></Text></Section><Section><Label>89</Label><Text><Repealed>[Repealed, SOR/2013-211, par. 509(a)]</Repealed></Text></Section><Section><Label>90</Label><Text><Repealed>[Repealed, SOR/2013-211, par. 509(a)]</Repealed></Text></Section><Section><Label>91</Label><Text><Repealed>[Repealed, SOR/2013-211, par. 509(a)]</Repealed></Text></Section><Section><Label>92</Label><Text><Repealed>[Repealed, SOR/2013-211, par. 509(a)]</Repealed></Text></Section><Section><Label>93</Label><Text><Repealed>[Repealed, SOR/2013-211, par. 509(a)]</Repealed></Text></Section><Section><Label>94</Label><Text><Repealed>[Repealed, SOR/2013-211, par. 509(a)]</Repealed></Text></Section><Section><Label>95</Label><Text><Repealed>[Repealed, SOR/2013-211, par. 509(a)]</Repealed></Text></Section><Section><Label>96</Label><Text><Repealed>[Repealed, SOR/2013-211, par. 509(a)]</Repealed></Text></Section><Section><Label>97</Label><Text><Repealed>[Repealed, SOR/2013-211, par. 509(a)]</Repealed></Text></Section><Section><Label>98</Label><Text><Repealed>[Repealed, SOR/2013-211, par. 509(a)]</Repealed></Text></Section><Section><Label>99</Label><Text><Repealed>[Revoked, SOR/82-779, s. 4]</Repealed></Text></Section><Section><Label>100</Label><Text><Repealed>[Repealed, SOR/2013-211, par. 509(a)]</Repealed></Text></Section><Section><Label>101</Label><Text><Repealed>[Repealed, SOR/2013-211, par. 509(a)]</Repealed></Text></Section><Section><Label>102</Label><Text><Repealed>[Repealed, SOR/2013-211, par. 509(a)]</Repealed></Text></Section><Section><Label>103</Label><Text><Repealed>[Repealed, SOR/2013-211, par. 509(a)]</Repealed></Text></Section><Section><Label>104</Label><Text><Repealed>[Repealed, SOR/2013-211, par. 509(a)]</Repealed></Text></Section><Section><Label>105</Label><Text><Repealed>[Repealed, SOR/2013-211, par. 509(a)]</Repealed></Text></Section><Heading level="1"><Label>PART IX</Label><TitleText>Magazines for Fireworks</TitleText><Note>[Repealed, SOR/2013-211, par. 509(a)]</Note></Heading><Section><Label>106</Label><Text><Repealed>[Repealed, SOR/2013-211, par. 509(a)]</Repealed></Text></Section><Section><Label>107</Label><Text><Repealed>[Repealed, SOR/2013-211, par. 509(a)]</Repealed></Text></Section><Section><Label>108</Label><Text><Repealed>[Repealed, SOR/2013-211, par. 509(a)]</Repealed></Text></Section><Section><Label>109</Label><Text><Repealed>[Repealed, SOR/2013-211, par. 509(a)]</Repealed></Text></Section><Section><Label>110</Label><Text><Repealed>[Repealed, SOR/2013-211, par. 509(a)]</Repealed></Text></Section><Section><Label>111</Label><Text><Repealed>[Repealed, SOR/2013-211, par. 509(a)]</Repealed></Text></Section><Section><Label>111.1</Label><Text><Repealed>[Repealed, SOR/2013-211, par. 509(a)]</Repealed></Text></Section><Section><Label>112</Label><Text><Repealed>[Repealed, SOR/2013-211, par. 509(a)]</Repealed></Text></Section><Section><Label>113</Label><Text><Repealed>[Repealed, SOR/2013-211, par. 509(a)]</Repealed></Text></Section><Section><Label>114</Label><Text><Repealed>[Repealed, SOR/2013-211, par. 509(a)]</Repealed></Text></Section><Section><Label>115</Label><Text><Repealed>[Repealed, SOR/2013-211, par. 509(a)]</Repealed></Text></Section><Section><Label>116</Label><Text><Repealed>[Repealed, SOR/2013-211, par. 509(a)]</Repealed></Text></Section><Heading level="1"><Label>PART X</Label><TitleText>Sale of Explosives</TitleText><Note>[Repealed, SOR/2013-211, par. 509(a)]</Note></Heading><Section><Label>117</Label><Text><Repealed>[Repealed, SOR/2013-211, par. 509(a)]</Repealed></Text></Section><Section><Label>117.1</Label><Text><Repealed>[Repealed, SOR/2013-211, par. 509(a)]</Repealed></Text></Section><Section><Label>118</Label><Text><Repealed>[Repealed, SOR/2013-211, par. 509(a)]</Repealed></Text></Section><Section><Label>119</Label><Text><Repealed>[Repealed, SOR/2013-211, par. 509(a)]</Repealed></Text></Section><Section><Label>120</Label><Text><Repealed>[Repealed, SOR/2013-211, par. 509(a)]</Repealed></Text></Section><Section><Label>120.1</Label><Text><Repealed>[Repealed, SOR/2013-211, par. 509(a)]</Repealed></Text></Section><Section><Label>120.2</Label><Text><Repealed>[Repealed, SOR/2013-211, par. 509(a)]</Repealed></Text></Section><Section><Label>120.3</Label><Text><Repealed>[Repealed, SOR/2013-211, par. 509(a)]</Repealed></Text></Section><Section><Label>121</Label><Text><Repealed>[Repealed, SOR/2013-211, par. 509(a)]</Repealed></Text></Section><Section><Label>122</Label><Text><Repealed>[Repealed, SOR/2013-211, par. 509(a)]</Repealed></Text></Section><Section><Label>123</Label><Text><Repealed>[Repealed, SOR/2013-211, par. 509(a)]</Repealed></Text></Section><Heading level="1"><Label>PART XI</Label><TitleText>Storage and Handling of Ammunition and Fireworks</TitleText><Note>[Repealed, SOR/2013-211, par. 509(a)]</Note></Heading><Section><Label>124</Label><Text><Repealed>[Repealed, SOR/2013-211, par. 509(a)]</Repealed></Text></Section><Section><Label>125</Label><Text><Repealed>[Repealed, SOR/2013-211, par. 509(a)]</Repealed></Text></Section><Section><Label>126</Label><Text><Repealed>[Repealed, SOR/2013-211, par. 509(a)]</Repealed></Text></Section><Section><Label>127</Label><Text><Repealed>[Repealed, SOR/2013-211, par. 509(a)]</Repealed></Text></Section><Section><Label>128</Label><Text><Repealed>[Repealed, SOR/2013-211, par. 509(a)]</Repealed></Text></Section><Section><Label>129</Label><Text><Repealed>[Repealed, SOR/2013-211, par. 509(a)]</Repealed></Text></Section><Section><Label>130</Label><Text><Repealed>[Repealed, SOR/2013-211, par. 509(a)]</Repealed></Text></Section><Section><Label>131</Label><Text><Repealed>[Repealed, SOR/2013-211, par. 509(a)]</Repealed></Text></Section><Heading level="1"><Label>PART XII</Label><TitleText>Amount of Authorized Explosive that May Be Kept for Use and Not for Sale in Places other than Licensed Factories and Licensed Magazines and Registered Premises and the Manner in Which It Shall Be Handled and Stored</TitleText><Note>[Repealed, SOR/2013-211, par. 509(a)]</Note></Heading><Section><Label>132</Label><Text><Repealed>[Repealed, SOR/2013-211, par. 509(a)]</Repealed></Text></Section><Section><Label>133</Label><Text><Repealed>[Repealed, SOR/2013-211, par. 509(a)]</Repealed></Text></Section><Section><Label>134</Label><Text><Repealed>[Repealed, SOR/2013-211, par. 509(a)]</Repealed></Text></Section><Section><Label>135</Label><Text><Repealed>[Repealed, SOR/2013-211, par. 509(a)]</Repealed></Text></Section><Section><Label>136</Label><Text><Repealed>[Repealed, SOR/2013-211, par. 509(a)]</Repealed></Text></Section><Section><Label>137</Label><Text><Repealed>[Repealed, SOR/2013-211, par. 509(a)]</Repealed></Text></Section><Section><Label>138</Label><Text><Repealed>[Repealed, SOR/2013-211, par. 509(a)]</Repealed></Text></Section><Section><Label>139</Label><Text><Repealed>[Repealed, SOR/2013-211, par. 509(a)]</Repealed></Text></Section><Section><Label>140</Label><Text><Repealed>[Repealed, SOR/2013-211, par. 509(a)]</Repealed></Text></Section><Section><Label>141</Label><Text><Repealed>[Repealed, SOR/2013-211, par. 509(a)]</Repealed></Text></Section><Heading level="1"><Label>PART XIII</Label><TitleText>Possession of Explosives</TitleText><Note>[Repealed, SOR/2013-211, par. 509(a)]</Note></Heading><Section><Label>142</Label><Text><Repealed>[Repealed, SOR/2013-211, par. 509(a)]</Repealed></Text></Section><Section><Label>143</Label><Text><Repealed>[Repealed, SOR/2013-211, par. 509(a)]</Repealed></Text></Section><Section><Label>144</Label><Text><Repealed>[Repealed, SOR/2013-211, par. 509(a)]</Repealed></Text></Section><Section><Label>145</Label><Text><Repealed>[Revoked, SOR/89-380, s. 2]</Repealed></Text></Section><Section><Label>146</Label><Text><Repealed>[Repealed, SOR/2013-211, par. 509(a)]</Repealed></Text></Section><Section><Label>147</Label><Text><Repealed>[Repealed, SOR/2013-211, par. 509(a)]</Repealed></Text></Section><Heading level="1"><Label>PART XIV</Label><TitleText>Importation of Explosives</TitleText><Note>[Repealed, SOR/2013-211, par. 509(a)]</Note></Heading><Section><Label>148</Label><Text><Repealed>[Repealed, SOR/2013-211, par. 509(a)]</Repealed></Text></Section><Section><Label>149</Label><Text><Repealed>[Repealed, SOR/2013-211, par. 509(a)]</Repealed></Text></Section><Heading level="1"><Label>PART XV</Label><TitleText>Explosives Under the Direction or Control of the Minister of National Defence</TitleText><Note>[Repealed, SOR/2013-211, par. 509(a)]</Note></Heading><Section><Label>150</Label><Text><Repealed>[Repealed, SOR/2013-211, par. 509(a)]</Repealed></Text></Section><Section><Label>151</Label><Text><Repealed>[Repealed, SOR/2013-211, par. 509(a)]</Repealed></Text></Section><Heading level="2"><TitleText>Offences and Penalties</TitleText><Note>[Repealed, SOR/2013-211, par. 509(a)]</Note></Heading><Section><Label>152</Label><Text><Repealed>[Repealed, SOR/2013-211, par. 509(a)]</Repealed></Text></Section><Section><Label>153</Label><Text><Repealed>[Repealed, SOR/2013-211, par. 509(a)]</Repealed></Text></Section><Section><Label>154</Label><Text><Repealed>[Repealed, SOR/2013-211, par. 509(a)]</Repealed></Text></Section><Section><Label>155</Label><Text><Repealed>[Repealed, SOR/2013-211, par. 509(a)]</Repealed></Text></Section><Heading level="2"><TitleText>Other Explosives</TitleText><Note>[Repealed, SOR/2013-211, par. 509(a)]</Note></Heading><Section><Label>156</Label><Text><Repealed>[Repealed, SOR/2013-211, par. 509(a)]</Repealed></Text></Section><Heading level="1"><Label>PART XVI</Label><TitleText>Blending and Use of Theatrical Explosives</TitleText><Note>[Repealed, SOR/2013-211, par. 509(a)]</Note></Heading><Section><Label>157</Label><Text><Repealed>[Repealed, SOR/2013-211, par. 509(a)]</Repealed></Text></Section><Section><Label>158</Label><Text><Repealed>[Repealed, SOR/2013-211, par. 509(a)]</Repealed></Text></Section></Body><Schedule spanlanguages="yes" bilingual="no"><ScheduleFormHeading><Label>SCHEDULE I</Label><OriginatingRef>(Section 42)</OriginatingRef></ScheduleFormHeading><Repealed>[Repealed, SOR/2013-211, par. 509(a)]</Repealed></Schedule><Schedule spanlanguages="no" bilingual="no"><ScheduleFormHeading><Label>SCHEDULE II</Label><OriginatingRef>(Sections 25.07, 53 and 117.1)</OriginatingRef></ScheduleFormHeading><Repealed>[Repealed, SOR/2013-211, par. 509(a)]</Repealed></Schedule><Schedule spanlanguages="no" bilingual="no"><ScheduleFormHeading><Label>SCHEDULE III</Label><OriginatingRef>(Sections 52 and 53)</OriginatingRef><TitleText>Vehicle Standards for Transporting Explosives by a Vehicle with a Load of Up to Carrying Capacity</TitleText></ScheduleFormHeading><Repealed>[Repealed, SOR/2013-211, par. 509(a)]</Repealed></Schedule><Schedule bilingual="no" spanlanguages="no"><ScheduleFormHeading><Label>SCHEDULE IV</Label><OriginatingRef>(Section 65)</OriginatingRef><TitleText>Electric Detonator Transportation Container or Compartment Construction and Location Standards</TitleText></ScheduleFormHeading><Repealed>[Repealed, SOR/2013-211, par. 509(a)]</Repealed></Schedule></Regulation>