﻿<?xml version="1.0" encoding="utf-8"?><!DOCTYPE Regulation PUBLIC "-//Justice Canada//DTD Regulation v1.2.2//EN" "Dtd/Regulations/Version_1.2.2/regulation.dtd"><Regulation regulation-type="SOR" xml:lang="en"><Identification><InstrumentNumber>C.R.C., c. 1195</InstrumentNumber><ConsolidationDate><Date><YYYY>2018</YYYY><MM>07</MM><DD>06</DD></Date></ConsolidationDate><LastModifiedDate><Date><YYYY>2006</YYYY><MM>5</MM><DD>3</DD></Date></LastModifiedDate><EnablingAuthority><XRefExternal reference-type="act">RAILWAY SAFETY ACT</XRefExternal></EnablingAuthority><ShortTitle>Wire Crossings and Proximities Regulations</ShortTitle><LongTitle>Regulations Respecting Standards for Wire Crossings and Proximities</LongTitle><RegulationMakerOrder><RegulationMaker>CANADIAN TRANSPORT COMMISSION</RegulationMaker><OrderNumber>GENERAL ORDER NO. E-11</OrderNumber><Date><YYYY /><MM /><DD /></Date></RegulationMakerOrder></Identification><Body><Heading level="1"><TitleText>Short Title</TitleText></Heading><Section><Label>1</Label><Text>These Regulations may be cited as the <XRefExternal reference-type="regulation">Wire Crossings and Proximities Regulations</XRefExternal>.</Text></Section><Heading level="1"><TitleText>Interpretation</TitleText></Heading><Section><Label>2</Label><Text>In these Regulations,</Text><Definition generate-in-text="no"><Text><DefinedTermEn>across</DefinedTermEn> or <DefinedTermEn>cross</DefinedTermEn> means crossing under or over; (<DefinedTermFr>à travers or traversant</DefinedTermFr>)</Text></Definition><Definition generate-in-text="no"><Text><DefinedTermEn>communication line</DefinedTermEn> means a line for telegraphic, telephonic, signalling or other intelligence purposes; (<DefinedTermFr>ligne de communication</DefinedTermFr>)</Text></Definition><Definition generate-in-text="no"><Text><DefinedTermEn>construction</DefinedTermEn> includes extensive modification and extensive reconstruction; (<DefinedTermFr>construction</DefinedTermFr>)</Text></Definition><Definition generate-in-text="no"><Text><DefinedTermEn>line</DefinedTermEn> includes a communication line and a supply line, including the wires, cables, conductors and their supporting or containing structures and appliances, if any, forming part thereof or used in connection therewith; (<DefinedTermFr>ligne</DefinedTermFr>)</Text></Definition><Definition generate-in-text="no"><Text><DefinedTermEn>maintenance</DefinedTermEn> includes repairing; (<DefinedTermFr>entretien</DefinedTermFr>)</Text></Definition><Definition generate-in-text="no"><Text><DefinedTermEn>near</DefinedTermEn> means in such proximity as may give rise to the possibility of physical, inductive or electrolytic interference; (<DefinedTermFr>près</DefinedTermFr>)</Text></Definition><Definition generate-in-text="no"><Text><DefinedTermEn>supply line</DefinedTermEn> means a line used primarily for the transmission of a supply of electrical energy for other than telegraphic, telephonic, signalling or other intelligence purposes. (<DefinedTermFr>ligne de distribution</DefinedTermFr>)</Text></Definition></Section><Heading level="1"><TitleText>Application</TitleText></Heading><Section><Label>3</Label><Text>These Regulations apply to the construction and maintenance of lines, wires or other conductors for the transmission of electrical energy, or for communication purposes, for which leave of the Commission is required by virtue of section 317 of the <XRefExternal reference-type="act">Railway Act</XRefExternal> or which have been or are to be constructed or maintained by consent and in accordance with these Regulations.</Text></Section><Section><Label>4</Label><Text>These Regulations apply except where the Commission directs or permits a departure therefrom in respect to any particular line.</Text></Section><Heading level="1"><TitleText>General</TitleText></Heading><Section><Label>5</Label><Subsection><Label>(1)</Label><Text>The party that has leave of the Commission or consent to carry out construction or maintenance of a line (hereinafter called the “line party”) shall do so at its own expense.</Text></Subsection><Subsection><Label>(2)</Label><Text>The construction and maintenance shall be carried out in accordance with the applicable rules, requirements and specifications issued from time to time by the Canadian Standards Association and approved by the Commission.</Text></Subsection><Subsection><Label>(3)</Label><Text>Upon such approval by the Commission, such rules, requirements and specifications shall automatically, without further order, be adopted and incorporated in these Regulations.</Text></Subsection><Subsection><Label>(4)</Label><Text>The construction and maintenance shall also be carried out, and the line operated, in such a manner as not unduly to interfere with or obstruct the operation of any railway or line crossed or neared or to endanger the safety of the railway or line or of persons using or working on the railway or line.</Text></Subsection><Subsection><Label>(5)</Label><Text>Such additional precautions shall be taken as the Director of Engineering of the Commission may require.</Text></Subsection></Section><Section><Label>6</Label><Subsection><Label>(1)</Label><Text>Before constructing any line that, when completed, will be</Text><Paragraph><Label>(a)</Label><Text>along or across a railway, or</Text></Paragraph><Paragraph><Label>(b)</Label><Text>near a line that is within the legislative authority of the Parliament of Canada,</Text></Paragraph><ContinuedSectionSubsection><Text>the party proposing to do so shall</Text></ContinuedSectionSubsection><Paragraph><Label>(c)</Label><Text>apply to the party owning, operating or having control over the railway or line for its written consent to the construction and maintenance of the line; and</Text></Paragraph><Paragraph><Label>(d)</Label><Text>if required, send to the party referred to in paragraph (c) detailed plans of the construction.</Text></Paragraph></Subsection><Subsection><Label>(2)</Label><Text>Where the consent referred to in subsection (1) cannot be obtained or cannot be obtained otherwise than subject to terms and conditions not acceptable to the party proposing to construct a line, that party may apply to the Commission for leave to construct and maintain the line.</Text></Subsection><Subsection><Label>(3)</Label><Text>A party applying to the Commission for the leave referred to in subsection (2) shall</Text><Paragraph><Label>(a)</Label><Text>file with the Secretary of the Commission</Text><Subparagraph><Label>(i)</Label><Text>three copies of a statement setting out all the facts relevant to the application, and</Text></Subparagraph><Subparagraph><Label>(ii)</Label><Text>three copies of a plan, profile and cross section combined of the proposed works and of the part of the railway or line that the proposed line will cross or be near showing the location of the proposed line; and</Text></Subparagraph></Paragraph><Paragraph><Label>(b)</Label><Text>give notice of the application, with a copy of the statement and the plan, profile and cross section combined, to the party referred to in paragraph (1)(c).</Text></Paragraph></Subsection></Section><Section><Label>7</Label><Subsection><Label>(1)</Label><Text>Before commencing any work of construction or maintenance of a line, except minor changes or minor repairs, the line party shall give to an officer of the other party owning, operating or having control over the railway or line to be crossed or neared, if such railway or last mentioned line is within the legislative authority of the Parliament of Canada, at least 72 hours notice thereof in writing; except that in an emergency the work may be commenced without the giving of the notice, but in such event notice shall be given by telegram as soon as is reasonably possible.</Text></Subsection><Subsection><Label>(2)</Label><Text>The other party may appoint an inspector under whose supervision the work shall be carried out, and whose wages and expenses shall be paid by the line party upon receipt from the other party of a statement showing in reasonable detail the particulars of such wages and expenses; but if the line party is a municipality or the agent of a municipality, and the line on which the work is to be done is on a highway within the jurisdiction of the municipality the said wages shall be paid by the other party.</Text></Subsection></Section><Section><Label>8</Label><Subsection><Label>(1)</Label><Text>Notwithstanding section 5, in every case in which a railway or a line within the legislative authority of the Parliament of Canada is to be constructed along, across or near any existing line, the existing line shall be made to conform to such of the rules, requirements and specifications issued from time to time by the Canadian Standards Association and approved by the Commission as are applicable thereto or as are necessary to avoid interference with the service of the railway or line.</Text></Subsection><Subsection><Label>(2)</Label><Text>The party owning, operating or having control over the existing line shall, after receiving whatever information may be necessary to determine any changes that are required, send plans of those changes to the party proposing to construct the railway or line and, upon receipt of that party’s written consent shall, at that party’s expense, make such changes.</Text></Subsection><Subsection><Label>(3)</Label><Text>Where a railway or line is constructed across or near an existing line, such existing line shall be dismantled unless it has been constructed and is thereafter maintained in accordance with such of the rules, requirements and specifications issued from time to time by the Canadian Standards Association and approved by the Commission as are applicable thereto.</Text></Subsection></Section><Section><Label>9</Label><Text>The line party shall at all times wholly indemnify the other party owning, operating or having control over the railway across or along which, or the other line across or near which, the line party’s line is constructed, from and against all loss, cost, damage, injury and expense to which that other party may be put by reason of any damage or injury to persons or property caused by the construction, maintenance or operating of the line party’s line or any work herein provided for by the terms and provisions of the Regulations, as well as against any damage or injury resulting from the imprudence, neglect or want of skill of the employees or agents of the line party in connection with the construction, maintenance or operation of the line party’s line, unless the cause of such loss, cost, damage, injury or expense can be traced elsewhere.</Text></Section><Section><Label>10</Label><Text>Any dispute between the parties as to the manner in which a line is to be constructed or maintained may be referred by either of them to the Director of Engineering of the Commission, whose decision is subject to appeal to the Commission.</Text></Section><Section><Label>11</Label><Text>Two or more lines shall not be constructed in the same or approximately the same vertical plane, but joint use of poles as provided for by <XRefExternal reference-type="regulation">Joint Use of Poles Regulations</XRefExternal> or any other order of the Commission is permitted.</Text></Section><Section><Label>12</Label><Text>The line party shall, as soon as possible and immediately after its head office has received information of the occurrence upon railway lands along or across which its line is constructed of any accident involving its line attended with personal injury to any person using the railway, or to any employee of the railway company, or which causes loss or damage to the railway company, give notice thereof by telegraph, with full particulars, to the Commission.</Text></Section><Section><Label>13</Label><Text>Nothing in these Regulations shall prejudice or detract from the right of a company owning, operating or using a railway to adopt at any time the use of electric or other motive power, and to construct and maintain along or across its right-of-way such lines as may be necessary or proper for such purpose; the cost of any removal, change in location or construction of any other line rendered necessary by any of the matters referred to in this paragraph shall be borne by such of the parties and in such proportion as the Commission upon the application of any party interested, may determine.</Text></Section><Section><Label>14</Label><Text>Nothing herein shall deprive any party of any remedy or right of action which such party would otherwise have against any other party for loss or damage resulting from the construction, maintainance or operation of any railway or line.</Text></Section><Section><Label>15</Label><Text>For the purpose of these Regulations, Canadian Standards Association Standard C22.3 No. 1-1970 pertaining to Overhead Systems and Underground Systems, being part of the Canadian Electrical Code, Part III, containing rules, requirements and specifications relating to the construction of</Text><Paragraph><Label>(a)</Label><Text>supply lines and trolley lines along or across railways,</Text></Paragraph><Paragraph><Label>(b)</Label><Text>communication lines along or across railways, and</Text></Paragraph><Paragraph><Label>(c)</Label><Text>communication lines near or across communication lines on file with the Commission, under Case 4707,</Text></Paragraph><ContinuedSectionSubsection><Text>is approved.</Text></ContinuedSectionSubsection></Section></Body></Regulation>