﻿<?xml version="1.0" encoding="utf-8"?><!DOCTYPE Regulation PUBLIC "-//Justice Canada//DTD Regulation v1.2.2//EN" "Dtd/Regulations/Version_1.2.2/regulation.dtd"><Regulation regulation-type="SOR" xml:lang="en"><Identification><InstrumentNumber>C.R.C., c. 1013</InstrumentNumber><ConsolidationDate><Date><YYYY>2018</YYYY><MM>07</MM><DD>06</DD></Date></ConsolidationDate><LastModifiedDate><Date><YYYY>2005</YYYY><MM>7</MM><DD>19</DD></Date></LastModifiedDate><EnablingAuthority><XRefExternal reference-type="act">CANADA LABOUR CODE</XRefExternal></EnablingAuthority><ShortTitle>Canada Industrial Relations Remuneration Regulations</ShortTitle><LongTitle>Regulations Respecting the Remuneration and Expenses of Chairmen and Members of Industrial Inquiry Commissions and Conciliation Boards and of Conciliation Commissioners and Mediators</LongTitle></Identification><Repealed>[Repealed, SOR/2010-213, s. 1]</Repealed><Body><Heading level="1"><TitleText>Short Title</TitleText><Note>[Repealed, SOR/2010-213, s. 1]</Note></Heading><Section><Label>1</Label><Text><Repealed>[Repealed, SOR/2010-213, s. 1]</Repealed></Text></Section><Heading level="1"><TitleText>Remuneration</TitleText><Note>[Repealed, SOR/2010-213, s. 1]</Note></Heading><Section><Label>2</Label><Text><Repealed>[Repealed, SOR/2010-213, s. 1]</Repealed></Text></Section><Section><Label>3</Label><Text><Repealed>[Repealed, SOR/2010-213, s. 1]</Repealed></Text></Section><Section><Label>4</Label><Text><Repealed>[Revoked, SOR/90-701, s. 1]</Repealed></Text></Section></Body></Regulation>