﻿<?xml version="1.0" encoding="utf-8"?><!DOCTYPE Regulation PUBLIC "-//Justice Canada//DTD Regulation v1.2.2//EN" "Dtd/Regulations/Version_1.2.2/regulation.dtd"><Regulation regulation-type="SOR" xml:lang="en"><Identification><InstrumentNumber>C.R.C., c. 1356</InstrumentNumber><ConsolidationDate><Date><YYYY>2018</YYYY><MM>07</MM><DD>06</DD></Date></ConsolidationDate><LastModifiedDate><Date><YYYY>2005</YYYY><MM>7</MM><DD>27</DD></Date></LastModifiedDate><EnablingAuthority><XRefExternal reference-type="act">PUBLIC SERVICE SUPERANNUATION ACT</XRefExternal></EnablingAuthority><ShortTitle>Atomic Energy of Canada Limited Pension Regulations</ShortTitle><LongTitle>Regulations Respecting the Counting of Service and the Payment of Pensions of Certain Employees and Former Employees of Atomic Energy of Canada Limited</LongTitle></Identification><Body><Heading level="1"><TitleText>Short Title</TitleText></Heading><Section><Label>1</Label><Text>These Regulations may be cited as the <XRefExternal reference-type="regulation">Atomic Energy of Canada Limited Pension Regulations</XRefExternal>.</Text></Section><Heading level="1"><TitleText>Interpretation</TitleText></Heading><Section><Label>2</Label><Text>In these Regulations,</Text><Definition generate-in-text="no"><Text><DefinedTermEn>Act</DefinedTermEn> means the <XRefExternal reference-type="act">Public Service Superannuation Act</XRefExternal>; (<DefinedTermFr>Loi</DefinedTermFr>)</Text></Definition><Definition generate-in-text="no"><Text><DefinedTermEn>Company</DefinedTermEn> means Atomic Energy of Canada Limited; (<DefinedTermFr>Compagnie</DefinedTermFr>)</Text></Definition><Definition generate-in-text="no"><Text><DefinedTermEn>employee</DefinedTermEn> means a person who, whether or not he has ceased to be employed in the Public Service,</Text><Paragraph><Label>(a)</Label><Text>was a member of the former pension plan on May 29, 1975, and</Text></Paragraph><Paragraph><Label>(b)</Label><Text>became a contributor under the Act on May 30, 1975; (<DefinedTermFr>employé</DefinedTermFr>)</Text></Paragraph></Definition><Definition generate-in-text="no"><Text><DefinedTermEn>former pension plan</DefinedTermEn> means the Pension Plan for Prevailing Rate Employees of Atomic Energy of Canada Limited underwritten through policies numbered 5952-G and 13003-G issued by the Sun Life Assurance Company of Canada; (<DefinedTermFr>ancien régime de pension</DefinedTermFr>)</Text></Definition><Definition generate-in-text="no"><Text><DefinedTermEn>pensioner</DefinedTermEn> means a person who</Text><Paragraph><Label>(a)</Label><Text>ceased to be employed with the Company prior to May 30, 1975 and</Text><Subparagraph><Label>(i)</Label><Text>is receiving or becomes eligible to receive annuity benefits under sections 9, 12 or 14 of the former pension plan, or</Text></Subparagraph><Subparagraph><Label>(ii)</Label><Text>is not receiving annuity benefits under the former pension plan but is receiving on October 1, 1975 <Language xml:lang="la">ex gratia</Language> supplementary pension payments being made by the Company, or</Text></Subparagraph></Paragraph><Paragraph><Label>(b)</Label><Text>is receiving or becomes eligible to receive annuity benefits under sections 15, 16 or 17 of the former pension plan in respect of service prior to May 30, 1975 or becomes eligible to receive annuity benefits in respect of a person who ceased to be employed with the Company prior to May 30, 1975; (<DefinedTermFr>retraité</DefinedTermFr>)</Text></Paragraph></Definition><Definition generate-in-text="no"><Text><DefinedTermEn>period of service to his credit</DefinedTermEn> means any period of service of an employee that he may count for the purposes of the former pension plan; (<DefinedTermFr>service à son crédit</DefinedTermFr>)</Text></Definition><Definition generate-in-text="no"><Text><DefinedTermEn>reciprocal pension transfer agreement</DefinedTermEn> means the reciprocal pension transfer agreement entered into by the Minister and the Company on November 12, 1971. (<DefinedTermFr>accord de transfert de pension réciproque</DefinedTermFr>)</Text></Definition></Section><Heading level="1"><TitleText>Pension Payments out of Superannuation Account</TitleText></Heading><Section><Label>3</Label><Subsection><Label>(1)</Label><Text>There shall be paid out of the Superannuation Account to every pensioner who</Text><Paragraph><Label>(a)</Label><Text>ceased to be employed with the Company prior to April 1, 1970, or</Text></Paragraph><Paragraph><Label>(b)</Label><Text>is receiving or becomes eligible to receive annuity benefits in respect of a person described in paragraph (a)</Text></Paragraph><ContinuedSectionSubsection><Text>and who completes and forwards to the Company two copies of the appointment set out in the schedule an amount equal to the sum of</Text></ContinuedSectionSubsection><Paragraph><Label>(c)</Label><Text>any pension payable to or in respect of that pensioner under the former pension plan, and</Text></Paragraph><Paragraph><Label>(d)</Label><Text>any <Language xml:lang="la">ex gratia</Language> supplementary pension payments being made by the Company to or in respect of that pensioner in the month of August, 1975</Text></Paragraph><ContinuedSectionSubsection><Text>commencing with the first day of the second month following the Company’s receipt of that appointment.</Text></ContinuedSectionSubsection></Subsection><Subsection><Label>(2)</Label><Text>Any pension payable under the former pension plan to or in respect of a pensioner other than a pensioner described in subsection (1) shall be paid out of the Superannuation Account on or after October 1, 1975.</Text></Subsection><Subsection><Label>(3)</Label><Text>Every pension benefit payable pursuant to subsections (1) and (2) shall be paid subject to the terms and conditions on which that pension benefit would have been paid pursuant to the former pension plan.</Text></Subsection></Section><Section><Label>4</Label><Text>The Company shall, on receipt of notice from the Minister, pay into the Consolidated Revenue Fund to the credit of the Superannuation Account an amount equal to</Text><Paragraph><Label>(a)</Label><Text>the amount of the capitalized value, as determined by the Minister, of any pension benefits payable from the Superannuation Account pursuant to paragraph 3(1)(d) and subsection 3(2); and</Text></Paragraph><Paragraph><Label>(b)</Label><Text>an amount as determined by the Minister to be the amount that would have been credited to the Superannuation Account as interest on an amount equal to the amount described in paragraph (a) during the period commencing with the date of the notice from the Minister and ending on the day on which the Company makes payment of the amount payable under this section.</Text></Paragraph></Section><Heading level="1"><TitleText>Counting of Pensionable Services</TitleText></Heading><Section><Label>5</Label><Subsection><Label>(1)</Label><Text>Where</Text><Paragraph><Label>(a)</Label><Text>the Minister receives a request in writing from an employee within six months after October 1, 1975 to count the period of service to his credit as pensionable service for the purposes of the Act, or</Text></Paragraph><Paragraph><Label>(b)</Label><Text>an employee has, prior to October 1, 1975 completed the document set out in Appendix “A” to the reciprocal pension transfer agreement</Text></Paragraph><ContinuedSectionSubsection><Text>there shall be credited to that employee as pensionable service under the Act from the day the Minister receives the request or the employee completes the document that portion of the period of service to his credit, as determined by the Minister, that an amount equal to the amount required by the Company pursuant to subsection (2) will purchase when applied to the period of service to his credit that is most recent in point of time.</Text></ContinuedSectionSubsection></Subsection><Subsection><Label>(2)</Label><Text>The Company shall, in respect of each employee described in subsection (1), pay into the Consolidated Revenue Fund to the credit of the Superannuation Account within one year of October 1, 1975 the lesser of</Text><Paragraph><Label>(a)</Label><Text>an amount equal to twice the amount the employee would have been required to pay under the Act in respect of a corresponding period of service in the Public Service if</Text><Subparagraph><Label>(i)</Label><Text>the employee had been a contributor under the Act during the period of service to his credit, and</Text></Subparagraph><Subparagraph><Label>(ii)</Label><Text>the salary payable to the employee in respect of the period of service to his credit had been equal to the salary actually paid to him or that he is deemed to have received during that period for the purposes of the former pension plan,</Text></Subparagraph><ContinuedParagraph><Text>together with interest at a rate equal to the rate, as determined by the Minister, that was payable under the Act during the period of service to the credit of the employee, calculated from the middle of each fiscal year in that period of service and ending on September 30, 1975; and</Text></ContinuedParagraph></Paragraph><Paragraph><Label>(b)</Label><Text>an amount equal to twice the amount that was or would, in the opinion of the Company, have been required to be paid by the employee to purchase the period of service to his credit together with any interest credited on that amount up to October 1, 1975.</Text></Paragraph></Subsection><Subsection><Label>(3)</Label><Text>The Company shall pay into the Consolidated Revenue Fund to the credit of the Superannuation Account an amount, as determined by the Minister to be the amount that would have been credited to the Superannuation Account as interest on an amount equal to the amount described in subsection (2) during the period commencing on October 1, 1975 and ending on the day on which the Company makes payment of the amount payable under this section.</Text></Subsection></Section><Heading level="1"><TitleText>Counting of Additional Service</TitleText></Heading><Section><Label>6</Label><Subsection><Label>(1)</Label><Text>An employee in respect of whom an amount is paid into the Consolidated Revenue Fund pursuant to section 5 may count the remainder, if any, of the period of service to his credit that may not be counted as pensionable service under that section if he elects to pay for such service an amount calculated by the Minister as follows:</Text><Paragraph><Label>(a)</Label><Text>where the employee so elects within six months of the time he is advised of the extent of the remainder of the period of service to his credit, an amount equal to one-half the amount calculated in the manner described in section 5; and</Text></Paragraph><Paragraph><Label>(b)</Label><Text>where the employee so elects after the period referred to in paragraph (a), an amount calculated as if paragraph 6(1)(j) of the Act applied to him.</Text></Paragraph></Subsection></Section></Body><Schedule><ScheduleFormHeading><Label>SCHEDULE</Label><OriginatingRef>(s. 3)</OriginatingRef></ScheduleFormHeading><FormGroup><Provision first-line-indent="0" language-align="no" list-item="yes" subsequent-line-indent="2"><Label>TO:</Label><Text>SUN LIFE ASSURANCE COMPANY OF CANADA HEAD OFFICE, MONTREAL, CANADA.</Text></Provision><Provision first-line-indent="0" language-align="no" list-item="yes" subsequent-line-indent="2"><Label>RE:</Label><Text>ATOMIC ENERGY OF CANADA LIMITED PENSION PLAN.</Text></Provision><Provision format-ref="indent-0-0" language-align="no" list-item="no"><Text>In connection with Policy No <Leader leader="dot" length="1.5pc" /> issued by your Company, I hereby request that each annuity payment as it falls due, commencing with the payment due on or after the first day of the second month following Atomic Energy of Canada’s receipt of this form be paid to the Receiver General for Canada (to be deposited in the Superannuation Account) and agree that such payment will constitute on your part a sufficient discharge of your obligations to me with respect to annuity payments under Policy No <Leader leader="dot" length="1.5pc" />.</Text></Provision><Provision format-ref="indent-0-0" language-align="yes" list-item="no"><Text>Dated at <LeaderRightJustified leader="dot" /></Text></Provision><Provision format-ref="indent-0-0" language-align="no" list-item="no"><Text>this <LeaderRightJustified leader="dot" /> day</Text></Provision><Provision format-ref="indent-0-0" language-align="no" list-item="no"><Text>of <LeaderRightJustified leader="dot" /> 19<Leader leader="dot" length="1pc" /></Text></Provision><Provision format-ref="right-align" language-align="no" list-item="no" topmarginspacing="8"><Text><FormBlank width="10pc">Signature</FormBlank></Text></Provision><Provision format-ref="indent-0-0" language-align="no" list-item="no"><Text>Address <LeaderRightJustified leader="solid" /></Text></Provision><Provision format-ref="indent-0-0" language-align="no" list-item="no"><Text>S.I.N. <LeaderRightJustified leader="solid" /></Text></Provision><Provision format-ref="right-align" language-align="no" list-item="no" topmarginspacing="8"><Text><FormBlank width="10pc">Witness</FormBlank></Text></Provision><Provision format-ref="indent-0-0" language-align="no" list-item="no"><Text>Address <LeaderRightJustified leader="solid" /></Text></Provision></FormGroup></Schedule></Regulation>