﻿<?xml version="1.0" encoding="utf-8"?><!DOCTYPE Regulation PUBLIC "-//Justice Canada//DTD Regulation v1.2.2//EN" "Dtd/Regulations/Version_1.2.2/regulation.dtd"><Regulation regulation-type="SOR" xml:lang="en"><Identification><InstrumentNumber>C.R.C., c. 155</InstrumentNumber><ConsolidationDate><Date><YYYY>2018</YYYY><MM>07</MM><DD>06</DD></Date></ConsolidationDate><LastModifiedDate><Date><YYYY>2005</YYYY><MM>6</MM><DD>10</DD></Date></LastModifiedDate><EnablingAuthority><XRefExternal reference-type="act">AGRICULTURAL PRODUCTS MARKETING ACT</XRefExternal></EnablingAuthority><LongTitle>Manitoba Milk Order</LongTitle></Identification><Body><Section><Label>1</Label><Text><Repealed>[Repealed, SOR/2001-16, s. 2]</Repealed></Text></Section><Heading level="1"><TitleText>Interpretation</TitleText></Heading><Section><Label>2</Label><Text>In this Order,</Text><Definition generate-in-text="no"><Text><DefinedTermEn>Act</DefinedTermEn> means <XRefExternal reference-type="act">The Natural Products Marketing Act</XRefExternal> of Manitoba; (<DefinedTermFr>Loi</DefinedTermFr>)</Text></Definition><Definition generate-in-text="no"><Text><DefinedTermEn>Commodity Board</DefinedTermEn> means The Manitoba Milk Producers’ Marketing Board established pursuant to the Act; (<DefinedTermFr>Office de commercialisation</DefinedTermFr>)</Text></Definition><Definition generate-in-text="no"><Text><DefinedTermEn>milk</DefinedTermEn> means milk or cream from cows, produced in the Province of Manitoba for consumer use in liquid form in Canada; (<DefinedTermFr>lait</DefinedTermFr>)</Text></Definition><Definition generate-in-text="no"><Text><DefinedTermEn>Plan</DefinedTermEn> means any plan for the marketing of milk, established and amended from time to time, pursuant to the Act. (<DefinedTermFr>Plan</DefinedTermFr>) </Text></Definition><HistoricalNote>SOR/2001-16, s. 3.</HistoricalNote></Section><Heading level="1"><TitleText>Interprovincial Trade</TitleText></Heading><Section><Label>3</Label><Subsection><Label>(1)</Label><Text>Subject to subsection (2), the Commodity Board is authorized to regulate the marketing of milk in interprovincial trade and for those purposes may, with respect to persons and property situated within the Province of Manitoba, exercise all or any powers like the powers exercisable by the Commodity Board in relation to the marketing of milk locally within that Province under the Act and the Plan.</Text></Subsection><Subsection><Label>(2)</Label><Text>The authority to regulate the marketing of milk in interprovincial trade does not include any power that is exercised by the Canadian Dairy Commission under the <XRefExternal reference-type="act">Canadian Dairy Commission Act</XRefExternal> in relation to the marketing of milk in interprovincial trade.</Text></Subsection><HistoricalNote>SOR/90-271, s. 1; SOR/2001-16, s. 4.</HistoricalNote></Section><Heading level="1"><TitleText>Levies or Charges</TitleText></Heading><Section><Label>4</Label><Text>The Commodity Board may, in relation to the powers granted to it under section 3,</Text><Paragraph><Label>(a)</Label><Text>fix and impose levies or charges on milk or any component of milk and collect the levies or charges from persons described in subsection 3(1) who are engaged in the production or marketing of milk and for those purposes may classify those persons into groups and fix the levies or charges payable by the members of the different groups in different amounts; and</Text></Paragraph><Paragraph><Label>(b)</Label><Text>use the levies or charges for the purposes of the Commodity Board, including the creation of reserves, the payment of expenses and losses resulting from the sale or disposal of milk and the equalization or adjustment among producers of milk of moneys realized from the sale thereof during such period or periods of time as the Commodity Board may determine.</Text></Paragraph><HistoricalNote>SOR/78-741, s. 1; SOR/90-271, s. 1; SOR/2001-16, s. 5.</HistoricalNote></Section></Body></Regulation>