﻿<?xml version="1.0" encoding="utf-8"?><!DOCTYPE Regulation PUBLIC "-//Justice Canada//DTD Regulation v1.2.2//EN" "Dtd/Regulations/Version_1.2.2/regulation.dtd"><Regulation regulation-type="SOR" xml:lang="en"><Identification><InstrumentNumber>C.R.C., c. 186</InstrumentNumber><ConsolidationDate><Date><YYYY>2018</YYYY><MM>07</MM><DD>06</DD></Date></ConsolidationDate><LastModifiedDate><Date><YYYY>2005</YYYY><MM>05</MM><DD>30</DD></Date></LastModifiedDate><EnablingAuthority><XRefExternal reference-type="act">AGRICULTURAL PRODUCTS MARKETING ACT</XRefExternal></EnablingAuthority><ShortTitle>Ontario Flue-Cured Tobacco Marketing (Interprovincial and Export) Regulations</ShortTitle><LongTitle>Regulations Respecting the Marketing in Interprovincial and Export Trade of Flue-Cured Tobacco Produced in Ontario</LongTitle></Identification><Body><Heading level="1"><TitleText>Short Title</TitleText></Heading><Section><Label>1</Label><Text>These Regulations may be cited as the <XRefExternal reference-type="regulation">Ontario Flue-Cured Tobacco Marketing (Interprovincial and Export) Regulations</XRefExternal>.</Text></Section><Heading level="1"><TitleText>Interpretation</TitleText></Heading><Section><Label>2</Label><Text>In these Regulations,</Text><Definition generate-in-text="no"><Text><DefinedTermEn>Act</DefinedTermEn> means <XRefExternal reference-type="act">The Farm Products Marketing Act</XRefExternal> of Ontario; (<DefinedTermFr>Loi</DefinedTermFr>)</Text></Definition><Definition generate-in-text="no"><Text><DefinedTermEn>buyer</DefinedTermEn> means a person who buys tobacco; (<DefinedTermFr>acheteur</DefinedTermFr>)</Text></Definition><Definition generate-in-text="no"><Text><DefinedTermEn>Commodity Board</DefinedTermEn> means The Ontario Flue-Cured Tobacco Growers’ Marketing Board established pursuant to the Act and the Plan; (<DefinedTermFr>Office de commercialisation</DefinedTermFr>)</Text></Definition><Definition generate-in-text="no"><Text><DefinedTermEn>licensed buyer</DefinedTermEn> means a buyer to whom a licence to buy tobacco has been issued by the Commodity Board but does not include a buyer whose licence has been suspended or revoked by the Commodity Board; (<DefinedTermFr>acheteur agréé</DefinedTermFr>)</Text></Definition><Definition generate-in-text="no"><Text><DefinedTermEn>marketing quota</DefinedTermEn> means a quota fixed and allotted to a person by the Commodity Board to market the quantity of tobacco specified by the Commodity Board; (<DefinedTermFr>contingent de vente</DefinedTermFr>)</Text></Definition><Definition generate-in-text="no"><Text><DefinedTermEn>Plan</DefinedTermEn> means The Ontario Flue-Cured Tobacco Growers’ Marketing Plan established pursuant to the Act and any regulations made thereunder to give effect to the Plan; (<DefinedTermFr>Plan</DefinedTermFr>)</Text></Definition><Definition generate-in-text="no"><Text><DefinedTermEn>tobacco</DefinedTermEn> means unmanufactured flue-cured tobacco produced in Ontario. (<DefinedTermFr>tabac</DefinedTermFr>)</Text></Definition></Section><Heading level="1"><TitleText>Application</TitleText></Heading><Section><Label>3</Label><Text>These Regulations apply only to the marketing of tobacco in interprovincial and export trade and to persons and property situated in the Province of Ontario.</Text></Section><Heading level="1"><TitleText>Purchase and Sale</TitleText></Heading><Section><Label>4</Label><Subsection><Label>(1)</Label><Text>No person shall buy tobacco from any person other than the Commodity Board or a person to whom the Commodity Board has fixed and allotted a marketing quota.</Text></Subsection><Subsection><Label>(2)</Label><Text>No person shall offer to sell or sell tobacco to any person other than the Commodity Board or a licensed buyer.</Text></Subsection></Section><Section><Label>5</Label><Text>No person shall offer to sell, sell or buy tobacco at any place other than a tobacco exchange operated by the Commodity Board.</Text></Section><Heading level="1"><TitleText>Transportation</TitleText></Heading><Section><Label>6</Label><Text>No person shall ship or transport tobacco to any place other than a tobacco exchange operated by the Commodity Board unless he has prior written consent from the Commodity Board.</Text></Section><Heading level="1"><TitleText>Marketing Quotas</TitleText></Heading><Section><Label>7</Label><Subsection><Label>(1)</Label><Text>All tobacco shall be marketed on a quota basis.</Text></Subsection><Subsection><Label>(2)</Label><Text>No person to whom a marketing quota has not been fixed and allotted or whose quota has been cancelled shall market any tobacco.</Text></Subsection><Subsection><Label>(3)</Label><Text>No person to whom a marketing quota has been fixed and allotted shall market any tobacco in excess of such marketing quota.</Text></Subsection></Section></Body></Regulation>