﻿<?xml version="1.0" encoding="utf-8"?><!DOCTYPE Regulation PUBLIC "-//Justice Canada//DTD Regulation v1.2.2//EN" "Dtd/Regulations/Version_1.2.2/regulation.dtd"><Regulation regulation-type="SOR" xml:lang="en"><Identification><InstrumentNumber>C.R.C., c. 604</InstrumentNumber><LastAmendedDate><Date><YYYY>2005</YYYY><MM>9</MM><DD>21</DD></Date></LastAmendedDate><ConsolidationDate><Date><YYYY>2018</YYYY><MM>07</MM><DD>06</DD></Date></ConsolidationDate><LastModifiedDate><Date><YYYY>2007</YYYY><MM>12</MM><DD>5</DD></Date></LastModifiedDate><EnablingAuthority><XRefExternal reference-type="act">EXPORT AND IMPORT PERMITS ACT</XRefExternal></EnablingAuthority><LongTitle>Import Control List</LongTitle></Identification><Schedule><ScheduleFormHeading><Label>IMPORT CONTROL LIST</Label></ScheduleFormHeading><RegulationPiece><Section><Label>1</Label><Text><Repealed>[Repealed, SOR/95-32, s. 1]</Repealed></Text></Section><Section><Label>2 and 3</Label><Text><Repealed>[Repealed, SOR/95-395, s. 1]</Repealed></Text></Section><Section><Label>4</Label><Text><Repealed>[Repealed, SOR/95-32, s. 2]</Repealed></Text></Section><Section><Label>5</Label><Text><Repealed>[Repealed, SOR/89-532, s. 1]</Repealed></Text></Section><Section><Label>6 to 9</Label><Text><Repealed>[Repealed, SOR/95-32, s. 3]</Repealed></Text></Section><Section><Label>10</Label><Text><Repealed>[Repealed, SOR/95-395, s. 1]</Repealed></Text></Section><Section><Label>11</Label><Text><Repealed>[Repealed, SOR/95-32, s. 4]</Repealed></Text></Section><Section><Label>12</Label><Text><Repealed>[Repealed, SOR/85-247, s. 1]</Repealed></Text></Section><Section><Label>14</Label><Text><Repealed>[Repealed, SOR/82-234, s. 1]</Repealed></Text></Section><Section><Label>15</Label><Text><Repealed>[Repealed, SOR/87-17, s. 1]</Repealed></Text></Section><Section><Label>17 to 19</Label><Text><Repealed>[Repealed, SOR/95-32, s. 5]</Repealed></Text></Section><Section><Label>20</Label><Text><Repealed>[Repealed, SOR/86-39, s. 1]</Repealed></Text></Section><Section><Label>21</Label><Text><Repealed>[Repealed, SOR/95-395, s. 1]</Repealed></Text></Section><Section><Label>22</Label><Text><Repealed>[Repealed, SOR/2005-71, s. 1]</Repealed></Text></Section><Section><Label>24 to 27</Label><Text><Repealed>[Repealed, SOR/2005-71, s. 1]</Repealed></Text></Section><Section><Label>29</Label><Text><Repealed>[Repealed, SOR/2005-71, s. 1]</Repealed></Text></Section><Section><Label>30</Label><Text><Repealed>[Repealed, SOR/97-18, s. 1]</Repealed></Text></Section><Section><Label>31</Label><Text><Repealed>[Repealed, SOR/2005-71, s. 1]</Repealed></Text></Section><Section><Label>31.1</Label><Text><Repealed>[Repealed, SOR/82-234, s. 5]</Repealed></Text></Section><Section><Label>32</Label><Text><Repealed>[Repealed, SOR/2005-71, s. 1]</Repealed></Text></Section><Section><Label>32.1</Label><Text><Repealed>[Repealed, SOR/82-234, s. 5]</Repealed></Text></Section><Section><Label>34</Label><Text><Repealed>[Repealed, SOR/2005-71, s. 1]</Repealed></Text></Section><Section><Label>35 and 36</Label><Text><Repealed>[Repealed, SOR/82-234, s. 7]</Repealed></Text></Section><Section><Label>37</Label><Text><Repealed>[Repealed, SOR/2005-71, s. 1]</Repealed></Text></Section><Section><Label>38</Label><Text><Repealed>[Repealed, SOR/82-234, s. 9]</Repealed></Text></Section><Section><Label>39 to 47</Label><Text><Repealed>[Repealed, SOR/2005-71, s. 1]</Repealed></Text></Section><Section><Label>48</Label><Text><Repealed>[Repealed, SOR/82-234, s. 11]</Repealed></Text></Section><Section><Label>49 to 52</Label><Text><Repealed>[Repealed, SOR/2005-71, s. 1]</Repealed></Text></Section><Section><Label>56</Label><Text><Repealed>[Repealed, SOR/97-18, s. 2]</Repealed></Text></Section><Section><Label>57 and 58</Label><Text><Repealed>[Repealed, SOR/2005-71, s. 1]</Repealed></Text></Section><Section><Label>59</Label><Text><Repealed>[Repealed, SOR/88-187, s. 1]</Repealed></Text></Section><Section><Label>60 and 61</Label><Text><Repealed>[Repealed, SOR/2005-71, s. 1]</Repealed></Text></Section><Section><Label>62 to 65</Label><Text><Repealed>[Repealed, SOR/87-17, s. 12]</Repealed></Text></Section><Section><Label>66</Label><Text><Repealed>[Repealed, SOR/82-667, s. 1]</Repealed></Text></Section><Section><Label>67</Label><Text><Repealed>[Repealed, SOR/2005-71, s. 1]</Repealed></Text></Section><Section><Label>68</Label><Text><Repealed>[Repealed, SOR/93-489, s. 1]</Repealed></Text></Section><Section><Label>70</Label><Subsection><Label>(1)</Label><Text>Small arms that are</Text><Paragraph><Label>(a)</Label><Text>rifles;</Text></Paragraph><Paragraph><Label>(b)</Label><Text>carbines;</Text></Paragraph><Paragraph><Label>(c)</Label><Text>revolvers;</Text></Paragraph><Paragraph><Label>(d)</Label><Text>pistols;</Text></Paragraph><Paragraph><Label>(e)</Label><Text>machine pistols; or</Text></Paragraph><Paragraph><Label>(f)</Label><Text>machine guns.</Text></Paragraph></Subsection><Subsection><Label>(2)</Label><Text>All components and parts specifically designed for the goods set out in subsection (1).</Text></Subsection></Section><Section><Label>71</Label><Subsection><Label>(1)</Label><Text>Large-calibre armaments or weapons and projectors that are</Text><Paragraph><Label>(a)</Label><Text>guns;</Text></Paragraph><Paragraph><Label>(b)</Label><Text>howitzers;</Text></Paragraph><Paragraph><Label>(c)</Label><Text>cannons;</Text></Paragraph><Paragraph><Label>(d)</Label><Text>mortars;</Text></Paragraph><Paragraph><Label>(e)</Label><Text>tank destroyers;</Text></Paragraph><Paragraph><Label>(f)</Label><Text>rocket or missile launchers;</Text></Paragraph><Paragraph><Label>(g)</Label><Text>military flame-throwers;</Text></Paragraph><Paragraph><Label>(h)</Label><Text>recoilless rifles; or</Text></Paragraph><Paragraph><Label>(i)</Label><Text>military smoke, gas and pyrotechnic projectors.</Text></Paragraph></Subsection><Subsection><Label>(2)</Label><Text>All components and parts specifically designed for the goods set out in subsection (1).</Text></Subsection></Section><Section><Label>72</Label><Text>Tanks and self-propelled guns and all components and parts specifically designed therefor.</Text></Section><Section><Label>73</Label><Text>Bombs, torpedos, rockets and guided or unguided missiles and all components and parts specifically designed therefor, and any other ammunition for the goods set out in items 70 to 72.</Text></Section><Section><Label>74</Label><Subsection><Label>(1)</Label><Text>The following CWC Schedule 1 A toxic chemicals:</Text><Paragraph><Label>(a)</Label><Text>O-Alkyl (equal to or less than C10, including cycloalkyl) alkyl (Methyl, Ethyl, n-Propyl or Isopropyl) - phosphonofluoridates, e.g., Sarin:O-Isopropyl methylphosphonofluoridate, (CAS 107-44-8) and Soman:O-Pinacolyl methylphosphonofluoridate, (CAS 96-64-0);</Text></Paragraph><Paragraph><Label>(b)</Label><Text>O-Alkyl (equal to or less than C10, including cycloalkyl) N,N-dialkyl (Methyl, Ethyl, n-Propyl or Isopropyl) phosphoramidocyanidates, e.g., Tabun: O-Ethyl N,N-dimethyl phosphoramidocyanidate, (CAS 77-81-6);</Text></Paragraph><Paragraph><Label>(c)</Label><Text>O-Alkyl (H or equal to or less than C10, including cycloalkyl) S-2-dialkyl (Methyl, Ethyl, n-Propyl or Isopropyl)-aminoethyl alkyl (Methyl, Ethyl, n-Propyl or Isopropyl) phosphonothiolates and corresponding alkylated or protonated salts, e.g., VX: O-Ethyl S-2-diisopropylaminoethyl methyl phosphonothiolate, (CAS 50782-69-9);</Text></Paragraph><Paragraph><Label>(d)</Label><Text>the following sulphur mustards:</Text><Subparagraph><Label>(i)</Label><Text>2-Chloroethylchloromethylsulphide, (CAS 2625-76-5),</Text></Subparagraph><Subparagraph><Label>(ii)</Label><Text>Mustard gas: Bis(2-chloroethyl) sulphide, (CAS 505-60-2),</Text></Subparagraph><Subparagraph><Label>(iii)</Label><Text>Bis(2-chloroethylthio) methane, (CAS 63869-13-6),</Text></Subparagraph><Subparagraph><Label>(iv)</Label><Text>Sesquimustard: 1,2-Bis(2-chloroethylthio)ethane, (CAS 3563-36-8),</Text></Subparagraph><Subparagraph><Label>(v)</Label><Text>1,3-Bis(2-chloroethylthio)-n-propane, (CAS 63905-10-2),</Text></Subparagraph><Subparagraph><Label>(vi)</Label><Text>1,4-Bis(2-chloroethylthio)-n-butane, (CAS 142868-93-7),</Text></Subparagraph><Subparagraph><Label>(vii)</Label><Text>1,5-Bis(2-chloroethylthio)-n-pentane, (CAS 142868-94-8),</Text></Subparagraph><Subparagraph><Label>(viii)</Label><Text>Bis(2-chloroethylthiomethyl)ether; (CAS 63918-90-1), and</Text></Subparagraph><Subparagraph><Label>(ix)</Label><Text>O-Mustard: Bis(2-chloroethylthioethyl)ether, (CAS 63918-89-8);</Text></Subparagraph></Paragraph><Paragraph><Label>(e)</Label><Text>the following lewisites:</Text><Subparagraph><Label>(i)</Label><Text>Lewisite 1: 2-Chlorovinyldichloroarsine, (CAS 541-25-3),</Text></Subparagraph><Subparagraph><Label>(ii)</Label><Text>Lewisite 2: Bis(2-chlorovinyl)chloroarsine, (CAS 40334-69-8), and</Text></Subparagraph><Subparagraph><Label>(iii)</Label><Text>Lewisite 3: Tris(2-chlorovinyl)arsine, (CAS 40334-70-1);</Text></Subparagraph></Paragraph><Paragraph><Label>(f)</Label><Text>the following nitrogen mustards:</Text><Subparagraph><Label>(i)</Label><Text>HN1: Bis(2-chloroethyl)ethylamine, (CAS 538-07-8),</Text></Subparagraph><Subparagraph><Label>(ii)</Label><Text>HN2: Bis(2-chloroethyl)methylamine, (CAS 51-75-2), and</Text></Subparagraph><Subparagraph><Label>(iii)</Label><Text>HN3: Tris(2-chloroethyl)amine, (CAS 555-77-1);</Text></Subparagraph></Paragraph><Paragraph><Label>(g)</Label><Text>Saxitoxin, (CAS 35523-89-8); and</Text></Paragraph><Paragraph><Label>(h)</Label><Text>Ricin, (CAS 9009-86-3).</Text></Paragraph></Subsection><Subsection><Label>(2)</Label><Text>The following CWC Schedule 1 B precursors:</Text><Paragraph><Label>(a)</Label><Text>Alkyl (Me, Et, n-Pr or i-Pr) phosphonyldifluorides, e.g., DF: Methylphosphonyldifluoride, (CAS 676-99-3);</Text></Paragraph><Paragraph><Label>(b)</Label><Text>O-Alkyl (H equal to or less than C10, including cycloalkyl) O-2-dialkyl (Me, Et, n-Pr or i-Pr)-aminoethyl alkyl (Me, Et, n-Pr or i-Pr) phosphonites and corresponding alkylated or protonated salts, e.g., QL: O-Ethyl O-2-diisopropylaminoethyl methylphosphonite, (CAS 57856-11-8);</Text></Paragraph><Paragraph><Label>(c)</Label><Text>Chlorosarin: O-Isopropyl methylphosphonochloridate, (CAS 1445-76-7); and</Text></Paragraph><Paragraph><Label>(d)</Label><Text>Chlorosoman: O-Pinacolyl methylphosphonochloridate, (CAS 7040-57-5).</Text></Paragraph></Subsection><Subsection><Label>(3)</Label><Text>The following CWC Schedule 2 A toxic chemicals:</Text><Paragraph><Label>(a)</Label><Text>Amiton: O,O-Diethyl S-[2-(diethylamino)ethyl] phosphorothiolate, (CAS 78-53-5) and corresponding alkylated or protonated salts;</Text></Paragraph><Paragraph><Label>(b)</Label><Text>PFIB: 1,1,3,3,3-Pentafluoro-2-(trifluoromethyl)-1-propene, (CAS 382-21-8); and</Text></Paragraph><Paragraph><Label>(c)</Label><Text>BZ: 3-Quinuclidinyl benzilate, (CAS 6581-06-2).</Text></Paragraph></Subsection><Subsection><Label>(4)</Label><Text>The following CWC Schedule 2 B precursors:</Text><Paragraph><Label>(a)</Label><Text>Chemicals, except for those listed in subsection (1) or (2), containing a phosphorus atom to which is bonded one methyl, ethyl or propyl (normal or iso) group but not further carbon atoms, such as: Dimethyl methylphosphonate, (CAS 756-79-6) or Methylphosphonyl dichloride, (CAS 676-97-1); Note: This paragraph does not include Fonofos: 0-Ethyl S-phenyl ethylphosphonothiolothionate, (CAS 944-22-9);</Text></Paragraph><Paragraph><Label>(b)</Label><Text>N,N-Dialkyl (Me, Et, n-Pr or i-Pr) phosphoramidic dihalides;</Text></Paragraph><Paragraph><Label>(c)</Label><Text>Dialkyl (Me, Et, n-Pr or i-Pr) N,N-Dialkyl (Me, Et, n-Pr or i-Pr)-phosphoramidates;</Text></Paragraph><Paragraph><Label>(d)</Label><Text>Arsenic trichloride, (CAS 7784-34-1);</Text></Paragraph><Paragraph><Label>(e)</Label><Text>2,2-diphenyl-2-hydroxyacetic acid, (CAS 76-93-7);</Text></Paragraph><Paragraph><Label>(f)</Label><Text>Quinuclidin-3-ol, (CAS 1619-34-7);</Text></Paragraph><Paragraph><Label>(g)</Label><Text>N,N-Dialkyl (Me, Et, n-Pr or i-Pr) aminoethyl-2-chlorides and corresponding protonated salts;</Text></Paragraph><Paragraph><Label>(h)</Label><Text>N,N-Dialkyl (Me, Et, n-Pr or i-Pr) aminoethane-2-ols and corresponding protonated salts, but not including</Text><Subparagraph><Label>(i)</Label><Text>N,N-Dimethylaminoethanol, (CAS 108-01-0) and corresponding protonated salts, or</Text></Subparagraph><Subparagraph><Label>(ii)</Label><Text>N,N-Diethylaminoethanol, (CAS 100-37-8) and corresponding protonated salts;</Text></Subparagraph></Paragraph><Paragraph><Label>(i)</Label><Text>N,N-Dialkyl (Me, Et, n-Pr or i-Pr)aminoethane-2-thiols and corresponding protonated salts;</Text></Paragraph><Paragraph><Label>(j)</Label><Text>Thiodiglycol: Bis(2-hydroxyethyl)sulfide, (CAS 111-48-8); and</Text></Paragraph><Paragraph><Label>(k)</Label><Text>Pinacolyl alcohol: 3,3-Dimethylbutan-2-ol, (CAS 464-07-3).</Text></Paragraph></Subsection><Subsection><Label>(5)</Label><Text>The following CWC Schedule 3 A toxic chemicals:</Text><Paragraph><Label>(a)</Label><Text>Phosgene: Carbonyl dichloride, (CAS 75-44-5);</Text></Paragraph><Paragraph><Label>(b)</Label><Text>Cyanogen chloride, (CAS 506-77-4);</Text></Paragraph><Paragraph><Label>(c)</Label><Text>Hydrogen cyanide, (CAS 74-90-8);</Text></Paragraph><Paragraph><Label>(d)</Label><Text>Chloropicrin: Trichloronitromethane, (CAS 76-06-2).</Text></Paragraph></Subsection><Subsection><Label>(6)</Label><Text>The following CWC Schedule 3 B precursors:</Text><Paragraph><Label>(a)</Label><Text>Phosphorus oxychloride, (CAS 10025-87-3);</Text></Paragraph><Paragraph><Label>(b)</Label><Text>Phosphorus trichloride, (CAS 7719-12-2);</Text></Paragraph><Paragraph><Label>(c)</Label><Text>Phosphorus pentachloride, (CAS 10026-13-8);</Text></Paragraph><Paragraph><Label>(d)</Label><Text>Trimethyl phosphite, (CAS 121-45-9);</Text></Paragraph><Paragraph><Label>(e)</Label><Text>Triethyl phosphite, (CAS 122-52-1);</Text></Paragraph><Paragraph><Label>(f)</Label><Text>Dimethyl phosphite, (CAS 868-85-9);</Text></Paragraph><Paragraph><Label>(g)</Label><Text>Diethyl phosphite, (CAS 762-04-9);</Text></Paragraph><Paragraph><Label>(h)</Label><Text>Sulfur monochloride, (CAS 10025-67-9);</Text></Paragraph><Paragraph><Label>(i)</Label><Text>Sulfur dichloride, (CAS 10545-99-0);</Text></Paragraph><Paragraph><Label>(j)</Label><Text>Thionyl chloride, (CAS 7719-09-7);</Text></Paragraph><Paragraph><Label>(k)</Label><Text>Ethyldiethanolamine, (CAS 139-87-7);</Text></Paragraph><Paragraph><Label>(l)</Label><Text>Methyldiethanolamine, (CAS 105-59-9); and</Text></Paragraph><Paragraph><Label>(m)</Label><Text>Triethanolamine, (CAS 102-71-6).</Text></Paragraph></Subsection><Subsection><Label>(7)</Label><Text>Mixtures containing any quantity of toxic chemicals or precursors listed in subsections (1) and (2).</Text></Subsection><Subsection><Label>(8)</Label><Text>Mixtures containing any quantity of toxic chemicals or precursors listed in subsections (3) to (6), unless the listed chemical or precursor is an ingredient in a product identified as a consumer good packaged for retail sale to be used for personal purposes.</Text></Subsection><Subsection><Label>(9)</Label><Text>In this section, <DefinedTermEn>CWC</DefinedTermEn> means the Convention on the Prohibition of the Development, Production, Stockpiling and Use of Chemical Weapons and on their Destruction, adopted in Geneva on September 3, 1992 by the Organisation for the Prohibition of Chemical Weapons (known as the Chemical Weapons Convention).</Text></Subsection><Subsection><Label>(10)</Label><Text>For the purposes of this section, the acronym “CAS” refers to the Chemical Abstracts Service Registry number for a chemical as listed in the Chemical Abstracts Service Registry Handbook published by the American Chemical Society, Washington, D.C.</Text></Subsection></Section><Section><Label>80</Label><Text>Carbon steel products including semi-finished products (ingots, blooms, billets, slabs and sheet bars), plate, sheet and strip, wire rods, wire and wire products, railway-type products, bars, structural shapes and units, pipes and tubes, but excluding the specialty steel products referred to in item 81.</Text></Section><Section><Label>81</Label><Text>Specialty steel products: stainless steel flat-rolled products (sheet, strip and plate), stainless steel bar, stainless steel pipe and tube, stainless steel wire and wire products, alloy tool steel, mold steel and high-speed steel.</Text></Section><Section><Label>83 and 84</Label><Text><Repealed>[Repealed, SOR/95-32, s. 6]</Repealed></Text></Section><Section><Label>85</Label><Subsection><Label>(1)</Label><Text>Apparel goods that</Text><Paragraph><Label>(a)</Label><Text>are both cut or knit to shape and sewn or otherwise assembled in Mexico or the United States from fabric or yarn produced or obtained outside the free trade area;</Text></Paragraph><Paragraph><Label>(b)</Label><Text>are not included in another item</Text><Provision format-ref="indent-1-1" language-align="no" list-item="no"><Text>in this List; and</Text></Provision></Paragraph><Paragraph><Label>(c)</Label><Text>are eligible for a tariff preference level benefit established in Part B of Appendix 6 of Annex 300 B of NAFTA.</Text></Paragraph></Subsection><Subsection><Label>(2)</Label><Text>The definitions in this subitem apply in this item.</Text><Definition generate-in-text="no"><Text><DefinedTermEn>apparel goods</DefinedTermEn> means goods provided for in Chapters 61 and 62 in the List of Tariff Provisions set out in the schedule to the <XRefExternal reference-type="act">Customs Tariff</XRefExternal>. (<DefinedTermFr>vêtements</DefinedTermFr>)</Text></Definition><Definition generate-in-text="no"><Text><DefinedTermEn>Canada</DefinedTermEn> means the land mass of Canada, the internal waters and the territorial sea. (<DefinedTermFr>Canada</DefinedTermFr>)</Text></Definition><Definition generate-in-text="no"><Text><DefinedTermEn>free-trade area</DefinedTermEn> means the area comprising Canada, Mexico and the United States. (<DefinedTermFr>zone de libre-échange</DefinedTermFr>)</Text></Definition><Definition generate-in-text="no"><Text><DefinedTermEn>Mexico</DefinedTermEn> has the same meaning as in subsection 2(1) of the <XRefExternal reference-type="act">Customs Tariff</XRefExternal>. (<DefinedTermFr>Mexique</DefinedTermFr>)</Text></Definition><Definition generate-in-text="no"><Text><DefinedTermEn>United States</DefinedTermEn> has the same meaning as in subsection 2(1) of the <XRefExternal reference-type="act">Customs Tariff</XRefExternal>. (<DefinedTermFr>États-Unis</DefinedTermFr>)</Text></Definition></Subsection></Section><Section><Label>86</Label><Text><Repealed>[Repealed, SOR/2005-71, s. 1]</Repealed></Text></Section><Section><Label>86.1</Label><Subsection><Label>(1)</Label><Text>Cotton or man-made fibre yarn that is classified under heading Nos. 52.05 to 52.07 or 55.09 to 55.11 in the List of Tariff Provisions set out in the schedule to the <XRefExternal reference-type="act">Customs Tariff</XRefExternal> that</Text><Paragraph><Label>(a)</Label><Text>is spun in Mexico or the United States from fibre classified under heading Nos. 52.01 to 52.03 or 55.01 to 55.07 in the List of Tariff Provisions set out in the schedule to the <XRefExternal reference-type="act">Customs Tariff</XRefExternal> and produced or obtained outside the free trade area;</Text></Paragraph><Paragraph><Label>(b)</Label><Text>is not included in another item in this List; and</Text></Paragraph><Paragraph><Label>(c)</Label><Text>are eligible for a tariff preference level benefit established in Part B of Appendix 6 of Annex 300 B of NAFTA.</Text></Paragraph></Subsection><Subsection><Label>(2)</Label><Text>In this item, <DefinedTermEn>free trade area</DefinedTermEn>, <DefinedTermEn>Mexico</DefinedTermEn> and <DefinedTermEn>United States</DefinedTermEn> have the same meaning as in subitem 85(2).</Text></Subsection></Section><Section><Label>86.2</Label><Subsection><Label>(1)</Label><Text>Cotton or man-made fibre fabric and cotton or man-made fibre made-up textile goods provided for in Chapters 52 to 55, excluding goods containing 36% or more by weight of wool or fine animal hair, and in Chapters 58, 60 and 63 in the List of Tariff Provisions set out in the schedule to the <XRefExternal reference-type="act">Customs Tariff</XRefExternal> that</Text><Paragraph><Label>(a)</Label><Text>are woven or knit in Mexico or the United States from yarn produced or obtained outside the free trade area, or knit in Mexico or the United States from yarn spun in the free trade area from fibre produced or obtained outside the free trade area;</Text></Paragraph><Paragraph><Label>(b)</Label><Text>are not included in another item in this List; and</Text></Paragraph><Paragraph><Label>(c)</Label><Text>are eligible for a tariff preference level benefit established in Part B of Appendix 6 of Annex 300 B of NAFTA.</Text></Paragraph></Subsection><Subsection><Label>(2)</Label><Text>In this item, <DefinedTermEn>free trade area</DefinedTermEn>, <DefinedTermEn>Mexico</DefinedTermEn> and <DefinedTermEn>United States</DefinedTermEn> have the same meaning as in subitem 85(2).</Text></Subsection></Section><Section><Label>86.3</Label><Subsection><Label>(1)</Label><Text>Goods provided for in subheading 9404.90 in the List of Tariff Provisions set out in the schedule to the <XRefExternal reference-type="act">Customs Tariff</XRefExternal> that</Text><Paragraph><Label>(a)</Label><Text>are finished and cut and sewn or otherwise assembled in Mexico or the United States from fabrics of subheadings 5208.11 to 5208.29, 5209.11 to 5209.29, 5210.11 to 5210.29, 5211.11 to 5211.29, 5212.11, 5212.12, 5212.21, 5212.22, 5407.41, 5407.51, 5407.71, 5407.81, 5407.91, 5408.21, 5408.31, 5512.11, 5512.21, 5512.91, 5513.11 to 5513.19, 5514.11 to 5514.19, 5516.11, 5516.21, 5516.31, 5516.41 or 5516.91 in the List of Tariff Provisions set out in the schedule to the <XRefExternal reference-type="act">Customs Tariff</XRefExternal> that are produced or obtained outside the free trade area;</Text></Paragraph><Paragraph><Label>(b)</Label><Text>are not included in another item in this List; and</Text></Paragraph><Paragraph><Label>(c)</Label><Text>are eligible for a tariff preference level benefit established in Part B of Appendix 6 of Annex 300 B of NAFTA.</Text></Paragraph></Subsection><Subsection><Label>(2)</Label><Text>In this item, <DefinedTermEn>free trade area</DefinedTermEn>, <DefinedTermEn>Mexico</DefinedTermEn> and <DefinedTermEn>United States</DefinedTermEn> have the same meaning as in subitem 85(2).</Text></Subsection></Section><Section><Label>86.4</Label><Subsection><Label>(1)</Label><Text>Apparel goods that</Text><Paragraph><Label>(a)</Label><Text>are both cut or knit to shape and sewn or otherwise assembled in Chile from fabric or yarn produced or obtained outside Chile and Canada;</Text></Paragraph><Paragraph><Label>(b)</Label><Text>are not included in another item in this List; and</Text></Paragraph><Paragraph><Label>(c)</Label><Text>are eligible for a tariff preference level benefit established in Appendix 5.1 of Annex C 00 B of CCFTA.</Text></Paragraph></Subsection><Subsection><Label>(2)</Label><Text>The definition in this subitem applies in this item.</Text><Definition generate-in-text="no"><Text><DefinedTermEn>apparel goods</DefinedTermEn> means goods provided for in Chapters 61 and 62 in the List of Tariff Provisions set out in the schedule to the <XRefExternal reference-type="act">Customs Tariff</XRefExternal>. (<DefinedTermFr>vêtements</DefinedTermFr>)</Text></Definition></Subsection></Section><Section><Label>86.5</Label><Text>Cotton or man-made fibre yarn that is classified under heading Nos. 52.05 to 52.07 or 55.09 to 55.11 in the List of Tariff Provisions set out in the schedule to the <XRefExternal reference-type="act">Customs Tariff</XRefExternal> that</Text><Paragraph><Label>(a)</Label><Text>is spun in Chile from fibre classified under heading Nos. 52.01 to 52.03 or 55.01 to 55.07 in the List of Tariff Provisions set out in the schedule to the <XRefExternal reference-type="act">Customs Tariff</XRefExternal> and produced or obtained outside Chile and Canada;</Text></Paragraph><Paragraph><Label>(b)</Label><Text>is not included in another item in this List;</Text></Paragraph><Paragraph><Label>(c)</Label><Text>are eligible for a tariff preference level benefit established in Appendix 5.1 of Annex C 00 B of CCFTA.</Text></Paragraph></Section><Section><Label>86.6</Label><Text>Cotton or man-made fibre fabric and cotton or man-made fibre made-up textile goods provided for in Chapters 52 to 55, excluding goods containing 36% or more by weight of wool or fine animal hair, and in Chapters 58, 60 and 63 in the List of Tariff Provisions set out in the schedule to the <XRefExternal reference-type="act">Customs Tariff</XRefExternal> that</Text><Paragraph><Label>(a)</Label><Text>are woven or knit in Chile from yarn produced or obtained outside Chile and Canada, or knit in Chile from yarn spun in Chile or Canada from fibre produced or obtained outside Chile and Canada;</Text></Paragraph><Paragraph><Label>(b)</Label><Text>are not included in another item in this List; and</Text></Paragraph><Paragraph><Label>(c)</Label><Text>are eligible for a tariff preference level benefit established in Appendix 5.1 of Annex C 00 B of CCFTA.</Text></Paragraph></Section><Section><Label>86.7</Label><Text>Goods provided for in subheading No. 9404.90 in the List of Tariff Provisions set out in the schedule to the <XRefExternal reference-type="act">Customs Tariff</XRefExternal> that</Text><Paragraph><Label>(a)</Label><Text>are finished and cut and sewn or otherwise assembled in Chile from fabrics of subheading Nos. 5208.11 to 5208.29, 5209.11 to 5209.29, 5210.11 to 5210.29, 5211.11 to 5211.29, 5212.11, 5212.12, 5212.21, 5212.22, 5407.41, 5407.51, 5407.71, 5407.81, 5407.91, 5408.21, 5408.31, 5512.11, 5512.21, 5512.91, 5513.11 to 5513.19, 5514.11 to 5514.19, 5516.11, 5516.21, 5516.31, 5516.41 or 5516.91 in the List of Tariff Provisions set out in the schedule to the <XRefExternal reference-type="act">Customs Tariff</XRefExternal> that are produced or obtained outside Chile and Canada;</Text></Paragraph><Paragraph><Label>(b)</Label><Text>are not included in another item in this List; and</Text></Paragraph><Paragraph><Label>(c)</Label><Text>are eligible for a tariff preference level benefit established in Appendix 5.1 of Annex C 00 B of CCFTA.</Text></Paragraph></Section><Section><Label>86.8</Label><Text>Wool fabric and wool made-up textile goods provided for in Chapters 51 to 55, containing 36% or more by weight of wool or fine animal hair, and in Chapters 58, 60 and 63 in the List of Tariff Provisions set out in the schedule to the <XRefExternal reference-type="act">Customs Tariff</XRefExternal> that</Text><Paragraph><Label>(a)</Label><Text>are woven or knit in Chile from yarn produced or obtained outside Chile and Canada, or knit in Chile from yarn spun in Chile or Canada from fibre produced or obtained outside Chile and Canada;</Text></Paragraph><Paragraph><Label>(b)</Label><Text>are not included in another item in this List; and</Text></Paragraph><Paragraph><Label>(c)</Label><Text>are eligible for a tariff preference level benefit established in Appendix 5.1 of Annex C 00 B of CCFTA.</Text></Paragraph></Section><Section><Label>86.9</Label><Subsection><Label>(1)</Label><Text>Apparel goods that</Text><Paragraph><Label>(a)</Label><Text>are both cut or knit to shape and sewn or otherwise assembled in Costa Rica from fabric or yarn produced or obtained outside Costa Rica and Canada;</Text></Paragraph><Paragraph><Label>(b)</Label><Text>are not included in another item in this List; and</Text></Paragraph><Paragraph><Label>(c)</Label><Text>are eligible for a tariff preference level benefit established in Appendix III 1.6.1 of Annex III.1 of CCRFTA.</Text></Paragraph></Subsection><Subsection><Label>(2)</Label><Text>In this item <DefinedTermEn>apparel goods</DefinedTermEn> means goods provided for in chapters 61 and 62 in the list of Tariff provisions set out in the schedule to the <XRefExternal reference-type="act">Customs Tariff</XRefExternal>.</Text></Subsection></Section><Section><Label>86.91</Label><Text>Cotton or man-made fibre yarn that is classified under heading Nos. 52.05 to 52.07 or 55.09 to 55.11 in the List of Tariff Provisions set out in the schedule to the <XRefExternal reference-type="act">Customs Tariff</XRefExternal> that</Text><Paragraph><Label>(a)</Label><Text>is spun in Costa Rica from fibre classified under heading Nos. 52.01 to 52.03 or 55.01 to 55.07 in the List of Tariff Provisions set out in the schedule to the <XRefExternal reference-type="act">Customs Tariff</XRefExternal> and produced or obtained outside Costa Rica and Canada;</Text></Paragraph><Paragraph><Label>(b)</Label><Text>is not included in another item in this List; and</Text></Paragraph><Paragraph><Label>(c)</Label><Text>are eligible for a tariff preference level benefit established in Appendix III 1.6.1 of Annex III.1 of CCRFTA.</Text></Paragraph></Section><Section><Label>86.92</Label><Text>Cotton or man-made fibre fabric and cotton or man-made fibre made-up textile goods provided for in Chapters 52 to 55, excluding goods containing 36% or more by weight of wool or fine animal hair, and in Chapters 58, 60 and 63 in the List of Tariff Provisions set out in the schedule to the <XRefExternal reference-type="act">Customs Tariff</XRefExternal> that</Text><Paragraph><Label>(a)</Label><Text>are woven or knit in Costa Rica from yarn produced or obtained outside Costa Rica and Canada, or knit in Costa Rica from yarn spun in Costa Rica or Canada from fibre produced or obtained outside Costa Rica and Canada;</Text></Paragraph><Paragraph><Label>(b)</Label><Text>are not included in another item in this List; and</Text></Paragraph><Paragraph><Label>(c)</Label><Text>are eligible for a tariff preference level benefit established in Appendix III 1.6.1 of Annex III.1 of CCRFTA.</Text></Paragraph></Section><Section><Label>86.93</Label><Text>Goods provided for in subheading No. 9404.90 in the List of Tariff Provisions set out in the schedule to the <XRefExternal reference-type="act">Customs Tariff</XRefExternal> that</Text><Paragraph><Label>(a)</Label><Text>are finished and cut and sewn or otherwise assembled in Costa Rica from fabrics of subheadings Nos. 5208.11 to 5208.29, 5209.11 to 5209.29, 5210.11 to 5210.29, 5211.11 to 5211.29, 5212.11, 5212.12, 5212.21, 5212.22, 5407.41, 5407.51, 5407.71, 5407.81, 5407.91, 5408.21, 5408.31, 5512.11, 5512.21, 5512.91, 5513.11 to 5513.19, 5514.11 to 5514.19, 5516.11, 5516.21, 5516.31, 5516.41 or 5516.91 in the List of Tariff Provisions set out in the schedule to the <XRefExternal reference-type="act">Customs Tariff</XRefExternal> that are produced or obtained outside Costa Rica and Canada;</Text></Paragraph><Paragraph><Label>(b)</Label><Text>are not included in another item in this List; and</Text></Paragraph><Paragraph><Label>(c)</Label><Text>are eligible for a tariff preference level benefit established in Appendix III 1.6.1 of Annex III.1 of CCRFTA.</Text></Paragraph></Section><Section><Label>86.94</Label><Text>Wool fabric and wool made-up textile goods provided for in Chapters 51 to 55, containing 36% or more by weight of wool or fine animal hair, and in Chapters 58, 60 and 63 in the List of Tariff Provisions set out in the schedule to the <XRefExternal reference-type="act">Customs Tariff</XRefExternal> that</Text><Paragraph><Label>(a)</Label><Text>are woven or knit in Costa Rica from yarn produced or obtained outside Costa Rica and Canada, or knit in Costa Rica from yarn spun in Costa Rica or Canada from fibre produced or obtained outside Costa Rica and Canada;</Text></Paragraph><Paragraph><Label>(b)</Label><Text>are not included in another item in this List; and</Text></Paragraph><Paragraph><Label>(c)</Label><Text>are eligible for a tariff preference level benefit established in Appendix III 1.6.1 of Annex III.1 of CCRFTA.</Text></Paragraph></Section><Section><Label>86.95</Label><Subsection><Label>(1)</Label><Text>Apparel goods that</Text><Paragraph><Label>(a)</Label><Text>are both cut or knit to shape and sewn or otherwise assembled in Honduras from fabric or yarn produced or obtained outside Honduras and Canada;</Text></Paragraph><Paragraph><Label>(b)</Label><Text>are not included in another item in this List; and</Text></Paragraph><Paragraph><Label>(c)</Label><Text>are eligible for a tariff preference level benefit established in section 5 of Annex 3.1 of CHFTA.</Text></Paragraph></Subsection><Subsection><Label>(2)</Label><Text>In this item, <DefinedTermEn>apparel goods</DefinedTermEn> means goods provided for in Chapters 61 and 62 in the List of Tariff Provisions set out in the schedule to the <XRefExternal reference-type="act">Customs Tariff</XRefExternal>.</Text></Subsection></Section><Section><Label>86.96</Label><Text>Fabric and made-up textile goods provided for in Chapters 51 to 55, 58, 60 and 63 in the List of Tariff Provisions set out in the schedule to the <XRefExternal reference-type="act">Customs Tariff</XRefExternal> that</Text><Paragraph><Label>(a)</Label><Text>are woven or knit in Honduras from yarn produced or obtained outside Honduras and Canada, or knit in Honduras from yarn spun in Honduras or Canada from fibre or filaments produced or obtained outside Honduras and Canada;</Text></Paragraph><Paragraph><Label>(b)</Label><Text>are not included in another item in this List; and</Text></Paragraph><Paragraph><Label>(c)</Label><Text>are eligible for a tariff preference level benefit established in section 5 of Annex 3.1 of CHFTA.</Text></Paragraph></Section><Section><Label>86.97</Label><Text>Goods provided for in subheading 9404.90 in the List of Tariff Provisions set out in the schedule to the <XRefExternal reference-type="act">Customs Tariff</XRefExternal> that</Text><Paragraph><Label>(a)</Label><Text>are finished and cut and sewn or otherwise assembled in Honduras from fabric or yarn produced or obtained outside Honduras and Canada;</Text></Paragraph><Paragraph><Label>(b)</Label><Text>are not included in another item in this List; and</Text></Paragraph><Paragraph><Label>(c)</Label><Text>are eligible for a tariff preference level benefit established in section 5 of Annex 3.1 of CHFTA.</Text></Paragraph></Section><Section><Label>86.98</Label><Text>Textile goods classified under headings and subheadings 5007.20, 5111.30, 51.12, 5208.39, 5401.10, 5402.11, 54.04, 54.07, 56.03, 5607.41, 5607.49, 5702.42, 5703.20, 5704.90, 59.03, 5904.10, 5910.00, 59.11, 6302.21, 6302.31 and 6302.91 in the List of Tariff Provisions set out in the schedule to the <XRefExternal reference-type="act">Customs Tariff</XRefExternal> that</Text><Paragraph><Label>(a)</Label><Text>originate in an EU country or other CETA beneficiary and comply with the product description and sufficient production criteria referred to in Table C.3 of Annex 5-A to Annex 5 of the Protocol on Rules of Origin and Origin Procedures of CETA;</Text></Paragraph><Paragraph><Label>(b)</Label><Text>are not included in another item in this List; and</Text></Paragraph><Paragraph><Label>(c)</Label><Text>are eligible for tariff elimination in accordance with the schedules set out in Annex 2-A of CETA.</Text></Paragraph></Section><Section><Label>86.99</Label><Text>Apparel goods classified under headings and subheadings 6105.10, 61.06, 61.09, 61.10, 61.14, 61.15, 6202.11, 6202.93, 6203.11, 6203.12 to 6203.49, 62.04, 6205.20, 62.10, 62.11 and 62.12 in the List of Tariff Provisions set out in the schedule to the <XRefExternal reference-type="act">Customs Tariff</XRefExternal> that</Text><Paragraph><Label>(a)</Label><Text>originate in an EU country or other CETA beneficiary and comply with the product description and sufficient production criteria referred to in Table C.4 of Annex 5-A to Annex 5 of the Protocol on Rules of Origin and Origin Procedures of CETA;</Text></Paragraph><Paragraph><Label>(b)</Label><Text>are not included in another item in this List; and</Text></Paragraph><Paragraph><Label>(c)</Label><Text>are eligible for tariff elimination in accordance with the schedules set out in Annex 2-A of CETA.</Text></Paragraph></Section><Section><Label>87 and 88</Label><Text><Repealed>[Repealed, SOR/95-32, s. 7]</Repealed></Text></Section><Section><Label>89</Label><Text><Repealed>[Repealed, SOR/91-97, s. 2]</Repealed></Text></Section><Section><Label>90</Label><Text><Repealed>[Repealed, SOR/2012-258, s. 2]</Repealed></Text></Section><Section><Label>91</Label><Subsection><Label>(1)</Label><Text>Firearms and devices that are</Text><Paragraph><Label>(a)</Label><Text>prohibited firearms described in paragraph (c) or (d) of the definition <DefinedTermEn>prohibited firearm</DefinedTermEn> in subsection 84(1) of the <XRefExternal reference-type="act">Criminal Code</XRefExternal>; and</Text></Paragraph><Paragraph><Label>(b)</Label><Text>prohibited devices described in paragraph (b) of the definition <DefinedTermEn>prohibited device</DefinedTermEn> in subsection 84(1) of the <XRefExternal reference-type="act">Criminal Code</XRefExternal>.</Text></Paragraph></Subsection><Subsection><Label>(2)</Label><Text>Any part that is a piece of the action of a prohibited firearm referred to in paragraph (1)(a), including the bolt or bolt-carrier, that is designed to enable a prohibited firearm to discharge bullets in rapid succession during one pressure of the trigger, whether or not the part permits the discharge to be limited to a single bullet for each such pressure, and any assembly or sub-assembly that contains one or more of those parts.</Text></Subsection></Section><Section><Label>92</Label><Text><Repealed>[Repealed, SOR/94-647, s. 1]</Repealed></Text></Section><Section><Label>93</Label><Text><Repealed>[Repealed, SOR/2005-71, s. 1]</Repealed></Text></Section><Section><Label>94</Label><Text>Live broilers for domestic production, being fowls of the species <Language xml:lang="la">Gallus domesticus</Language>, and weighing not more than 185 g, that are classified under tariff item No. 0105.11.21 or 0105.11.22 in the List of Tariff Provisions set out in the schedule to the <XRefExternal reference-type="act">Customs Tariff</XRefExternal>.</Text></Section><Section><Label>95</Label><Text>Hatching eggs, for broilers, of fowls of the species <Language xml:lang="la">Gallus domesticus</Language>, that are classified under tariff item No. 0407.11.11 or 0407.11.12 in the List of Tariff Provisions set out in the schedule to the <XRefExternal reference-type="act">Customs Tariff</XRefExternal>.</Text></Section><Section><Label>96</Label><Text>Live fowls of the species <Language xml:lang="la">Gallus domesticus</Language> (other than those for breeding purposes and other than started pullets and spent fowls), weighing more than 185 g, that are classified under tariff item No. 0105.94.91 or 0105.94.92, in the List of Tariff Provisions set out in the schedule to the <XRefExternal reference-type="act">Customs Tariff</XRefExternal>.</Text></Section><Section><Label>97</Label><Text>Meat and edible offal of fowls of the species <Language xml:lang="la">Gallus Domesticus</Language>, fresh, chilled or frozen, not cut in pieces (other than spent fowls), that are classified under tariff item No. 0207.11.91, 0207.11.92, 0207.12.91 or 0207.12.92 in the List of Tariff Provisions set out in the schedule to the <XRefExternal reference-type="act">Customs Tariff</XRefExternal>.</Text></Section><Section><Label>98</Label><Text>Cuts of meat and edible offal, including livers, of fowls of the species <Language xml:lang="la">Gallus Domesticus</Language>, fresh, chilled or frozen (other than spent fowls), that are classified under tariff item No. 0207.13.91, 0207.13.92 (bone in), 0207.13.93 (boneless), 0207.14.21, 0207.14.22, 0207.14.91, 0207.14.92 (bone in) or 0207.14.93 (boneless) in the List of Tariff Provisions set out in the schedule to the <XRefExternal reference-type="act">Customs Tariff</XRefExternal>.</Text></Section><Section><Label>99</Label><Text>Fat of fowls (not rendered or otherwise extracted) of the species <Language xml:lang="la">Gallus domesticus</Language>, fresh, chilled or frozen, salted, in brine, dried or smoked, that is classified under tariff item No. 0209.90.10 or 0209.90.20 in the List of Tariff Provisions set out in the schedule to the <XRefExternal reference-type="act">Customs Tariff</XRefExternal>.</Text></Section><Section><Label>100</Label><Text>Meat of fowls of the species <Language xml:lang="la">Gallus Domesticus</Language>, salted, in brine, dried or smoked, that is classified under tariff item No. 0210.99.11, 0210.99.12 (bone in) or 0210.99.13 (boneless) in the List of Tariff Provisions set out in the schedule to the <XRefExternal reference-type="act">Customs Tariff</XRefExternal>.</Text></Section><Section><Label>101</Label><Text>Sausages and similar products, made from meat, meat offal or blood of fowls of the species <Language xml:lang="la">Gallus Domesticus</Language>, and food preparations based on those products (other than in cans or glass jars or made from spent fowls), that are classified under tariff item No. 1601.00.21 or 1601.00.22 in the List of Tariff Provisions set out in the schedule to the <XRefExternal reference-type="act">Customs Tariff</XRefExternal>.</Text></Section><Section><Label>102</Label><Text>Prepared or preserved liver paste, made from fowls of the species <Language xml:lang="la">Gallus Domesticus</Language> (other than in cans or glass jars), that is classified under tariff item No. 1602.20.21 or 1602.20.22 in the List of Tariff Provisions set out in the schedule to the <XRefExternal reference-type="act">Customs Tariff</XRefExternal>.</Text></Section><Section><Label>103</Label><Text>Prepared meals, made from fowls of the species <Language xml:lang="la">Gallus Domesticus</Language> (other than specially defined mixtures and meals made from spent fowls), that are classified under tariff item No. 1602.32.12, 1602.32.13 (bone in) or 1602.32.14 (boneless) in the List of Tariff Provisions set out in the schedule to the <XRefExternal reference-type="act">Customs Tariff</XRefExternal>.</Text></Section><Section><Label>104</Label><Text>Prepared or preserved meat or meat offal of fowls of the species <Language xml:lang="la">Gallus Domesticus</Language> (other than prepared meals, fowls of the species <Language xml:lang="la">Gallus Domesticus</Language> in cans or glass jars, specially defined mixtures and products made from spent fowls) that is classified under tariff item No. 1602.32.93, 1602.32.94 (bone in) or 1602.32.95 (boneless) in the List of Tariff Provisions set out in the schedule to the <XRefExternal reference-type="act">Customs Tariff</XRefExternal>.</Text></Section><Section><Label>105</Label><Text>Live turkeys, weighing more than 185 g, that are classified under tariff item No. 0105.99.11 or 0105.99.12 in the List of Tariff Provisions set out in the schedule to the <XRefExternal reference-type="act">Customs Tariff</XRefExternal>.</Text></Section><Section><Label>106</Label><Text>Meat and edible offal of turkeys, fresh, chilled or frozen, not cut in pieces, that are classified under tariff item No. 0207.24.11, 0207.24.12, 0207.24.91, 0207.24.92, 0207.25.11, 0207.25.12, 0207.25.91 or 0207.25.92 in the List of Tariff Provisions set out in the schedule to the <XRefExternal reference-type="act">Customs Tariff</XRefExternal>.</Text></Section><Section><Label>107</Label><Text>Cuts of meat and edible offal, including livers, of turkeys, fresh, chilled or frozen, that are classified under tariff item No. 0207.26.10, 0207.26.20 (bone in), 0207.26.30 (boneless), 0207.27.11, 0207.27.12, 0207.27.91, 0207.27.92 (bone in) or 0207.27.93 (boneless) in the List of Tariff Provisions set out in the schedule to the <XRefExternal reference-type="act">Customs Tariff</XRefExternal>.</Text></Section><Section><Label>108</Label><Text>Turkey fat (not rendered or otherwise extracted), fresh, chilled or frozen, salted, in brine, dried or smoked, that is classified under tariff item No. 0209.90.30 or 0209.90.40 in the List of Tariff Provisions set out in the schedule to the <XRefExternal reference-type="act">Customs Tariff</XRefExternal>.</Text></Section><Section><Label>109</Label><Text>Meat of turkeys, salted, in brine, dried or smoked, that is classified under tariff item No. 0210.99.14, 0210.99.15 (bone in) or 0210.99.16 (boneless) in the List of Tariff Provisions set out in the schedule to the <XRefExternal reference-type="act">Customs Tariff</XRefExternal>.</Text></Section><Section><Label>110</Label><Text>Sausages and similar products, made from meat, meat offal or blood of turkeys, and food preparations based on those products (other than in cans or glass jars), that are classified under tariff item No. 1601.00.31 or 1601.00.32 in the List of Tariff Provisions set out in the schedule to the <XRefExternal reference-type="act">Customs Tariff</XRefExternal>.</Text></Section><Section><Label>111</Label><Text>Prepared or preserved liver paste, made from turkeys (other than in cans or glass jars), that is classified under tariff item No. 1602.20.31 or 1602.20.32 in the List of Tariff Provisions set out in the schedule to the <XRefExternal reference-type="act">Customs Tariff</XRefExternal>.</Text></Section><Section><Label>112</Label><Text>Prepared meals, made from turkeys (other than specially defined mixtures), that are classified under tariff item No. 1602.31.12, 1602.31.13 (bone in) or 1602.31.14 (boneless) in the List of Tariff Provisions set out in the schedule to the <XRefExternal reference-type="act">Customs Tariff</XRefExternal>.</Text></Section><Section><Label>113</Label><Text>Prepared or preserved meat or meat offal of turkeys (other than prepared meals and specially defined mixtures and other than in cans or glass jars) that is classified under tariff item No. 1602.31.93, 1602.31.94 (bone in) or 1602.31.95 (boneless) in the List of Tariff Provisions set out in the schedule to the <XRefExternal reference-type="act">Customs Tariff</XRefExternal>.</Text></Section><Section><Label>114</Label><Text>Carcasses and half-carcasses of bovine animals, fresh, chilled or frozen, that do not originate in Chile, a NAFTA country or an EU country or other CETA beneficiary and are classified under tariff item No. 0201.10.10, 0201.10.20, 0202.10.10 or 0202.10.20 in the List of Tariff Provisions set out in the schedule to the <XRefExternal reference-type="act">Customs Tariff</XRefExternal>.</Text></Section><Section><Label>115</Label><Text>Cuts of meat of bovine animals, fresh, chilled or frozen, with bone in, that do not originate in Chile, a NAFTA country or an EU country or other CETA beneficiary and are classified under tariff item No. 0201.20.10, 0201.20.20, 0202.20.10 or 0202.20.20 in the List of Tariff Provisions set out in the schedule to the <XRefExternal reference-type="act">Customs Tariff</XRefExternal>.</Text></Section><Section><Label>116</Label><Text>Boneless meat of bovine animals, fresh, chilled or frozen, that does not originate in Chile, a NAFTA country or an EU country or other CETA beneficiary and is classified under tariff item No. 0201.30.10, 0201.30.20, 0202.30.10 or 0202.30.20 in the List of Tariff Provisions set out in the schedule to the <XRefExternal reference-type="act">Customs Tariff</XRefExternal>.</Text></Section><Section><Label>117</Label><Text>Milk and cream, neither concentrated nor containing added sugar or other sweetening matter, of a fat content, by weight, not exceeding 6 per cent, that are classified under tariff item No. 0401.10.10, 0401.10.20, 0401.20.10 or 0401.20.20 in the List of Tariff Provisions set out in the schedule to the <XRefExternal reference-type="act">Customs Tariff</XRefExternal>.</Text></Section><Section><Label>117.1</Label><Text>Cream, neither concentrated nor containing added sugar or other sweetening matter, of a fat content, by weight, exceeding 6 per cent, that is classified under tariff item No. 0401.40.10, 0401.40.20, 0401.50.10 or 0401.50.20 in the List of Tariff Provisions set out in the schedule to the <XRefExternal reference-type="act">Customs Tariff</XRefExternal>.</Text></Section><Section><Label>118</Label><Text>Milk and cream, containing added sugar or other sweetening matter, in powder, granules or other solid forms, of a fat content, by weight, not exceeding 1.5 per cent, classified under tariff item No. 0402.10.10 or 0402.10.20 in the List of Tariff Provisions set out in the schedule to the <XRefExternal reference-type="act">Customs Tariff</XRefExternal>.</Text></Section><Section><Label>119</Label><Text>Milk and cream, in powder, granules or other solid forms, of a fat content, by weight, exceeding 1.5 per cent, not containing added sugar or other sweetening matter, classified under tariff item No. 0402.21.11, 0402.21.12, 0402.21.21, or 0402.21.22 in the List of Tariff Provisions set out in the schedule to the <XRefExternal reference-type="act">Customs Tariff</XRefExternal>.</Text></Section><Section><Label>120</Label><Text>Milk and cream, in powder, granules or other solid forms, of a fat content, by weight, exceeding 1.5 per cent, containing added sugar or other sweetening matter, classified under tariff item No. 0402.29.11, 0402.29.12, 0402.29.21 or 0402.29.22 in the List of Tariff Provisions set out in the schedule to the <XRefExternal reference-type="act">Customs Tariff</XRefExternal>.</Text></Section><Section><Label>121</Label><Text>Preparations (other than preparations classified under tariff item No. 2106.90.31 or 2106.90.32 in the List of Tariff Provisions set out in the schedule to the <XRefExternal reference-type="act">Customs Tariff</XRefExternal>) containing more than 15 per cent by weight of milk fat, but less than 50 per cent by weight of dairy content, and suitable for use as butter substitutes, not elsewhere specified or included, that are classified under tariff item No. 2106.90.33 or 2106.90.34 in the List of Tariff Provisions set out in the schedule to the <XRefExternal reference-type="act">Customs Tariff</XRefExternal>.</Text></Section><Section><Label>122</Label><Text>Milk and cream, not in powder, granules or other solid forms, concentrated (whether or not containing added sugar or other sweetening matter) or not concentrated (containing added sugar or other sweetening matter), that are classified under tariff item No. 0402.91.10, 0402.91.20, 0402.99.10 or 0402.99.20 in the List of Tariff Provisions set out in the schedule to the <XRefExternal reference-type="act">Customs Tariff</XRefExternal>.</Text></Section><Section><Label>123</Label><Text>Powdered buttermilk, whether or not containing added sugar or other sweetening matter or flavoured or containing added fruit, nuts or cocoa, that is classified under tariff item No. 0403.90.11 or 0403.90.12 in the List of Tariff Provisions set out in the schedule to the <XRefExternal reference-type="act">Customs Tariff</XRefExternal>.</Text></Section><Section><Label>124</Label><Text>Buttermilk (other than powdered buttermilk), curdled milk and cream, kephir and other fermented or acidified milk and cream, whether or not concentrated or containing added sugar or other sweetening matter or flavoured or containing added fruit, nuts or cocoa, that are classified under tariff item No. 0403.90.91 or 0403.90.92 in the List of Tariff Provisions set out in the schedule to the <XRefExternal reference-type="act">Customs Tariff</XRefExternal>.</Text></Section><Section><Label>125</Label><Text>Products consisting of natural milk constituents, whether or not containing added sugar or other sweetening matter, not elsewhere specified or included, that are classified under tariff item No. 0404.90.10 or 0404.90.20 in the List of Tariff Provisions set out in the schedule to the <XRefExternal reference-type="act">Customs Tariff</XRefExternal>.</Text></Section><Section><Label>125.1</Label><Text>Powdered whey, whether or not containing added sugar or other sweetening matter, that is classified under tariff item No. 0404.10.21 or 0404.10.22 in the List of Tariff Provisions set out in the schedule to the <XRefExternal reference-type="act">Customs Tariff</XRefExternal>.</Text></Section><Section><Label>125.2</Label><Text>Milk protein substances with a milk protein content of 85% or more by weight, calculated on a dry matter basis, that do not originate in a NAFTA country, an EU country or other CETA beneficiary or Chile, Costa Rica or Israel and that are the subject of two commitments signed by the Government of Canada on June 12, 2008, one with the European Communities and the other with the Government of Switzerland, relating to the modification, in Canada’s schedule of concessions pursuant to the Agreement Establishing the World Trade Organization, to Canada’s concession on tariff item No. 3504.00.00 in the List of Tariff Provisions set out in the schedule to the <XRefExternal reference-type="act">Customs Tariff</XRefExternal> with regard to those substances.</Text></Section><Section><Label>126</Label><Text>Mixes and doughs, for the preparation of bread, pastry, cakes, biscuits and other bakers’ wares classified under heading No. 19.05 in the List of Tariff Provisions set out in the schedule to the <XRefExternal reference-type="act">Customs Tariff</XRefExternal>, containing more than 25 per cent by weight of butterfat and not put up for retail sale, that are classified under tariff item No. 1901.20.11, 1901.20.12, 1901.20.21 or 1901.20.22 in the List of Tariff Provisions set out in the schedule to the <XRefExternal reference-type="act">Customs Tariff</XRefExternal>.</Text></Section><Section><Label>127</Label><Text>Milk, cream or butter substitutes containing 50 per cent or more by weight of dairy content, not elsewhere specified or included, that are classified under tariff item No. 2106.90.31 or 2106.90.32 in the List of Tariff Provisions set out in the schedule to the <XRefExternal reference-type="act">Customs Tariff</XRefExternal>.</Text></Section><Section><Label>128</Label><Text>Food preparations of goods of heading Nos. 04.01 to 04.04 in the List of Tariff Provisions set out in the schedule to the <XRefExternal reference-type="act">Customs Tariff</XRefExternal> (other than ice cream mixes or ice milk mixes), containing more than 10 per cent but less than 50 per cent on a dry weight basis of milk solids, not in retail packaging, that are classified under tariff item No. 1901.90.33 or 1901.90.34 in the List of Tariff Provisions set out in the schedule to the <XRefExternal reference-type="act">Customs Tariff</XRefExternal>.</Text></Section><Section><Label>128.1</Label><Text>Food preparations of goods of heading Nos. 04.01 to 04.04 in the List of Tariff Provisions set out in the schedule to the <XRefExternal reference-type="act">Customs Tariff</XRefExternal> (other than ice cream mixes or ice milk mixes), containing 50 per cent or more on a dry weight basis of milk solids, not in retail packaging, that are classified under tariff item No. 1901.90.53 or 1901.90.54 in the List of Tariff Provisions set out in the schedule to the <XRefExternal reference-type="act">Customs Tariff</XRefExternal>.</Text></Section><Section><Label>129</Label><Text>Food preparations, not elsewhere specified or included, containing 50 per cent or more by weight of dairy content, that are classified under tariff item No. 2106.90.93 or 2106.90.94 in the List of Tariff Provisions set out in the schedule to the <XRefExternal reference-type="act">Customs Tariff</XRefExternal>.</Text></Section><Section><Label>130</Label><Text>Non-alcoholic beverages containing milk (other than chocolate milk) and containing 50% or more by weight of dairy content and not put up for retail sale, that are classified under tariff item No. 2202.99.32 or 2202.99.33 in the List of Tariff Provisions set out in the schedule to the <XRefExternal reference-type="act">Customs Tariff</XRefExternal>.</Text></Section><Section><Label>131</Label><Text>Complete feeds and feed supplements, including concentrates, containing 50 per cent or more by weight, in the dry state, of non-fat milk solids (other than preparations classified under tariff item No. 2309.10.00, 2309.90.10 or 2309.90.20 in the List of Tariff Provisions set out in the schedule to the <XRefExternal reference-type="act">Customs Tariff</XRefExternal>), not elsewhere specified or included, that are classified under tariff item No. 2309.90.31 or 2309.90.32 in the List of Tariff Provisions set out in the schedule to the <XRefExternal reference-type="act">Customs Tariff</XRefExternal>.</Text></Section><Section><Label>132</Label><Text>Chocolate ice cream mix and ice milk mix that are classified under tariff item No. 1806.20.21, 1806.20.22, 1806.90.11 or 1806.90.12 in the List of Tariff Provisions set out in the schedule to the <XRefExternal reference-type="act">Customs Tariff</XRefExternal>.</Text></Section><Section><Label>133</Label><Text>Ice cream mixes and ice milk mixes, being food preparations of goods of heading Nos. 04.01 to 04.04 in the List of Tariff Provisions set out in the schedule to the <XRefExternal reference-type="act">Customs Tariff</XRefExternal>, containing more than 10 per cent but less than 50 per cent on a dry weight basis of milk solids, that are classified under tariff item No. 1901.90.31 or 1901.90.32 in the List of Tariff Provisions set out in the schedule to the <XRefExternal reference-type="act">Customs Tariff</XRefExternal>.</Text></Section><Section><Label>133.1</Label><Text>Ice cream mixes and ice milk mixes, being food preparations of goods of heading Nos. 04.01 to 04.04 in the List of Tariff Provisions set out in the schedule to the <XRefExternal reference-type="act">Customs Tariff</XRefExternal>, containing 50 per cent or more on a dry weight basis of milk solids, that are classified under tariff item No. 1901.90.51 or 1901.90.52 in the List of Tariff Provisions set out in the schedule to the <XRefExternal reference-type="act">Customs Tariff</XRefExternal>.</Text></Section><Section><Label>134</Label><Text>Ice cream and other edible ice, whether or not containing cocoa, other than flavoured ice and ice sherbets, that are classified under tariff item No. 2105.00.91 or 2105.00.92 in the List of Tariff Provisions set out in the schedule to the <XRefExternal reference-type="act">Customs Tariff</XRefExternal>.</Text></Section><Section><Label>135</Label><Text>Eggs of fowls of the species <Language xml:lang="la">Gallus domesticus</Language>, in the shell, fresh, preserved or cooked (other than hatching eggs for broilers), that are classified under tariff item No. 0407.11.91, 0407.11.92, 0407.21.10, 0407.21.20, 0407.90.11 or 0407.90.12 in the List of Tariff Provisions set out in the schedule to the <XRefExternal reference-type="act">Customs Tariff</XRefExternal>.</Text></Section><Section><Label>136</Label><Text>Egg yolks, fresh, dried, cooked by steaming or by boiling in water, moulded, frozen or otherwise preserved, whether or not containing added sugar or other sweetening matter, that are classified under tariff item No. 0408.11.10, 0408.11.20, 0408.19.10 or 0408.19.20 in the List of Tariff Provisions set out in the schedule to the <XRefExternal reference-type="act">Customs Tariff</XRefExternal>.</Text></Section><Section><Label>137</Label><Text>Birds’ eggs, not in the shell, fresh, dried, cooked by steaming or by boiling in water, moulded, frozen or otherwise preserved, whether or not containing added sugar or other sweetening matter, that are classified under tariff item No. 0408.91.10, 0408.91.20, 0408.99.10 or 0408.99.20 in the List of Tariff Provisions set out in the schedule to the <XRefExternal reference-type="act">Customs Tariff</XRefExternal>.</Text></Section><Section><Label>138</Label><Text>Egg preparations, not elsewhere specified or included, that are classified under tariff item No. 2106.90.51 or 2106.90.52 in the List of Tariff Provisions set out in the schedule to the <XRefExternal reference-type="act">Customs Tariff</XRefExternal>.</Text></Section><Section><Label>139</Label><Text>Egg albumin that is classified under tariff item No. 3502.11.10, 3502.11.20, 3502.19.10 or 3502.19.20 in the List of Tariff Provisions set out in the schedule to the <XRefExternal reference-type="act">Customs Tariff</XRefExternal>.</Text></Section><Section><Label>140</Label><Text>Margarine (excluding liquid margarine) and substitutes for butter, that are classified under tariff item No. 1517.10.10, 1517.10.20, 1517.90.21 or 1517.90.22 in the List of Tariff Provisions set out in the schedule to the <XRefExternal reference-type="act">Customs Tariff</XRefExternal>.</Text></Section><Section><Label>141</Label><Text>Fresh (unripened or uncured) cheese, including whey cheese and curd, that is classified under tariff item No. 0406.10.10 or 0406.10.20 in the List of Tariff Provisions set out in the schedule to the <XRefExternal reference-type="act">Customs Tariff</XRefExternal>.</Text></Section><Section><Label>142</Label><Text>Cheddar cheese and Cheddar types of cheese, grated or powdered, that are classified under tariff item No. 0406.20.11 or 0406.20.12 in the List of Tariff Provisions set out in the schedule to the <XRefExternal reference-type="act">Customs Tariff</XRefExternal>.</Text></Section><Section><Label>143</Label><Text>Grated or powdered cheese of all kinds, other than Cheddar and Cheddar types, that is classified under tariff item No. 0406.20.91 or 0406.20.92 in the List of Tariff Provisions set out in the schedule to the <XRefExternal reference-type="act">Customs Tariff</XRefExternal>.</Text></Section><Section><Label>144</Label><Text>Processed cheese, not grated or powdered, that is classified under tariff item No. 0406.30.10 or 0406.30.20 in the List of Tariff Provisions set out in the schedule to the <XRefExternal reference-type="act">Customs Tariff</XRefExternal>.</Text></Section><Section><Label>145</Label><Text>Blue-veined cheese that is classified under tariff item No. 0406.40.10 or 0406.40.20 in the List of Tariff Provisions set out in the schedule to the <XRefExternal reference-type="act">Customs Tariff</XRefExternal>.</Text></Section><Section><Label>146</Label><Text>Cheddar cheese and Cheddar types of cheese that are classified under tariff item No. 0406.90.11 or 0406.90.12 in the List of Tariff Provisions set out in the schedule to the <XRefExternal reference-type="act">Customs Tariff</XRefExternal>.</Text></Section><Section><Label>147</Label><Text>Camembert cheese and Camembert types of cheese that are classified under tariff item No. 0406.90.21 or 0406.90.22 in the List of Tariff Provisions set out in the schedule to the <XRefExternal reference-type="act">Customs Tariff</XRefExternal>.</Text></Section><Section><Label>148</Label><Text>Brie cheese and Brie types of cheese that are classified under tariff item No. 0406.90.31 or 0406.90.32 in the List of Tariff Provisions set out in the schedule to the <XRefExternal reference-type="act">Customs Tariff</XRefExternal>.</Text></Section><Section><Label>149</Label><Text>Gouda cheese and Gouda types of cheese that are classified under tariff item No. 0406.90.41 or 0406.90.42 in the List of Tariff Provisions set out in the schedule to the <XRefExternal reference-type="act">Customs Tariff</XRefExternal>.</Text></Section><Section><Label>150</Label><Text>Provolone cheese and Provolone types of cheese that are classified under tariff item No. 0406.90.51 or 0406.90.52 in the List of Tariff Provisions set out in the schedule to the <XRefExternal reference-type="act">Customs Tariff</XRefExternal>.</Text></Section><Section><Label>151</Label><Text>Mozzarella cheese and Mozzarella types of cheese that are classified under tariff item No. 0406.90.61 or 0406.90.62 in the List of Tariff Provisions set out in the schedule to the <XRefExternal reference-type="act">Customs Tariff</XRefExternal>.</Text></Section><Section><Label>152</Label><Text>Swiss/Emmental cheese and Swiss/Emmental types of cheese that are classified under tariff item No. 0406.90.71 or 0406.90.72 in the List of Tariff Provisions set out in the schedule to the <XRefExternal reference-type="act">Customs Tariff</XRefExternal>.</Text></Section><Section><Label>153</Label><Text>Gruyère cheese and Gruyère types of cheese that are classified under tariff item No. 0406.90.81 or 0406.90.82 in the List of Tariff Provisions set out in the schedule to the <XRefExternal reference-type="act">Customs Tariff</XRefExternal>.</Text></Section><Section><Label>154</Label><Text>Havarti cheese and Havarti types of cheese that are classified under tariff item No. 0406.90.91 or 0406.90.92 in the List of Tariff Provisions set out in the schedule to the <XRefExternal reference-type="act">Customs Tariff</XRefExternal>.</Text></Section><Section><Label>155</Label><Text>Parmesan cheese and Parmesan types of cheese that are classified under tariff item No. 0406.90.93 or 0406.90.94 in the List of Tariff Provisions set out in the schedule to the <XRefExternal reference-type="act">Customs Tariff</XRefExternal>.</Text></Section><Section><Label>156</Label><Text>Romano cheese and Romano types of cheese that are classified under tariff item No. 0406.90.95 or 0406.90.96 in the List of Tariff Provisions set out in the schedule to the <XRefExternal reference-type="act">Customs Tariff</XRefExternal>.</Text></Section><Section><Label>157</Label><Text>All other cheeses that are classified under tariff item No. 0406.90.98 or 0406.90.99 in the List of Tariff Provisions set out in the schedule to the <XRefExternal reference-type="act">Customs Tariff</XRefExternal>.</Text></Section><Section><Label>158</Label><Text>Yogurt, whether or not concentrated or containing added sugar or other sweetening matter or flavoured or containing added fruit, nuts or cocoa, that is classified under tariff item No. 0403.10.10 or 0403.10.20 in the List of Tariff Provisions set out in the schedule to the <XRefExternal reference-type="act">Customs Tariff</XRefExternal>.</Text></Section><Section><Label>159</Label><Text>Butter that is classified under tariff item No. 0405.10.10 or 0405.10.20 in the List of Tariff Provisions set out in the schedule to the <XRefExternal reference-type="act">Customs Tariff</XRefExternal>.</Text></Section><Section><Label>159.1</Label><Text>Dairy spreads that are classified under tariff item No. 0405.20.10 or 0405.20.20 in the List of Tariff Provisions set out in the schedule to the <XRefExternal reference-type="act">Customs Tariff</XRefExternal>.</Text></Section><Section><Label>160</Label><Text>Fats and oils derived from milk, other than butter or dairy spreads, that are classified under tariff item No. 0405.90.10 or 0405.90.20 in the List of Tariff Provisions set out in the schedule to the <XRefExternal reference-type="act">Customs Tariff</XRefExternal>.</Text></Section><Section><Label>161</Label><Text>Wheat and meslin that are classified under tariff item No. 1001.11.10, 1001.11.20, 1001.19.10, 1001.19.20, 1001.91.10, 1001.91.20, 1001.99.10 or 1001.99.20 in the List of Tariff Provisions set out in the schedule to the <XRefExternal reference-type="act">Customs Tariff</XRefExternal>.</Text></Section><Section><Label>162</Label><Text>Wheat or meslin flour that is classified under tariff item No. 1101.00.10 or 1101.00.20 in the List of Tariff Provisions set out in the schedule to the <XRefExternal reference-type="act">Customs Tariff</XRefExternal>.</Text></Section><Section><Label>163</Label><Text>Wheat groats, meal and pellets, that are classified under tariff item No. 1103.11.10, 1103.11.20, 1103.20.11 or 1103.20.12 in the List of Tariff Provisions set out in the schedule to the <XRefExternal reference-type="act">Customs Tariff</XRefExternal>.</Text></Section><Section><Label>164</Label><Text>Wheat grains otherwise worked (for example, hulled, rolled, flaked, pearled, sliced or kibbled) that are classified under tariff item No. 1104.19.11, 1104.19.12, 1104.29.11 or 1104.29.12 in the List of Tariff Provisions set out in the schedule to the <XRefExternal reference-type="act">Customs Tariff</XRefExternal>.</Text></Section><Section><Label>165</Label><Text>Wheat germ, whole, rolled, flaked or ground, that is classified under tariff item No. 1104.30.11 or 1104.30.12 in the List of Tariff Provisions set out in the schedule to the <XRefExternal reference-type="act">Customs Tariff</XRefExternal>.</Text></Section><Section><Label>166</Label><Text>Wheat starch that is classified under tariff item No. 1108.11.10 or 1108.11.20 in the List of Tariff Provisions set out in the schedule to the <XRefExternal reference-type="act">Customs Tariff</XRefExternal>.</Text></Section><Section><Label>167</Label><Text>Wheat gluten, whether or not dried, that is classified under tariff item No. 1109.00.10 or 1109.00.20 in the List of Tariff Provisions set out in the schedule to the <XRefExternal reference-type="act">Customs Tariff</XRefExternal>.</Text></Section><Section><Label>168</Label><Text>Mixes and doughs, for the preparation of bread, pastry, cakes, biscuits and other bakers’ wares classified under heading No. 19.05 in the List of Tariff Provisions set out in the schedule to the <XRefExternal reference-type="act">Customs Tariff</XRefExternal>, containing 25 per cent or more by weight of wheat, that are classified under tariff item No. 1901.20.13, 1901.20.14, 1901.20.15, 1901.20.23 or 1901.20.24 in the List of Tariff Provisions set out in the schedule to the <XRefExternal reference-type="act">Customs Tariff</XRefExternal>.</Text></Section><Section><Label>169</Label><Text>Uncooked pasta, containing 25 per cent or more by weight of wheat, not stuffed or otherwise prepared, containing eggs, that is classified under tariff item No. 1902.11.10, 1902.11.21 or 1902.11.29 in the List of Tariff Provisions set out in the schedule to the <XRefExternal reference-type="act">Customs Tariff</XRefExternal>.</Text></Section><Section><Label>170</Label><Text>Uncooked pasta, containing flour and water only (where the flour content is 25 per cent or more by weight of wheat), that is classified under tariff item No. 1902.19.21, 1902.19.22 or 1902.19.23 in the List of Tariff Provisions set out in the schedule to the <XRefExternal reference-type="act">Customs Tariff</XRefExternal>.</Text></Section><Section><Label>171</Label><Text>Uncooked pasta, containing 25 per cent or more by weight of wheat, not stuffed or otherwise prepared, that is classified under tariff item No. 1902.19.11, 1902.19.12, 1902.19.91, 1902.19.92 or 1902.19.93 in the List of Tariff Provisions set out in the schedule to the <XRefExternal reference-type="act">Customs Tariff</XRefExternal>.</Text></Section><Section><Label>172</Label><Text>Cooked or pre-cooked pasta, containing 25 per cent or more by weight of wheat, not stuffed and without meat, that is classified under tariff item No. 1902.30.11, 1902.30.12, 1902.30.20, 1902.30.31 or 1902.30.39 in the List of Tariff Provisions set out in the schedule to the <XRefExternal reference-type="act">Customs Tariff</XRefExternal>.</Text></Section><Section><Label>173</Label><Text>Prepared foods, containing 25 per cent or more by weight of wheat, obtained by the swelling or roasting of cereals or cereal products, that are classified under tariff item No. 1904.10.10, 1904.10.21 or 1904.10.29 in the List of Tariff Provisions set out in the schedule to the <XRefExternal reference-type="act">Customs Tariff</XRefExternal>.</Text></Section><Section><Label>173.1</Label><Text>Prepared foods, containing 25 per cent or more by weight of wheat, obtained from unroasted cereal flakes or from mixtures of unroasted cereal flakes and roasted cereal flakes or swelled cereals, that are classified under tariff item No. 1904.20.10, 1904.20.21, 1904.20.29, 1904.20.61 or 1904.20.62 in the List of Tariff Provisions set out in the schedule to the <XRefExternal reference-type="act">Customs Tariff</XRefExternal>.</Text></Section><Section><Label>174</Label><Text>Cereals, containing 25 per cent or more by weight of wheat, in grain form or in the form of flakes or other worked grains (except flour and meal), pre-cooked or otherwise prepared, not elsewhere specified or included, that are classified under tariff item No. 1904.30.10, 1904.30.21, 1904.30.61, 1904.30.62, 1904.90.10, 1904.90.21, 1904.90.29, 1904.90.61 or 1904.90.62 in the List of Tariff Provisions set out in the schedule to the <XRefExternal reference-type="act">Customs Tariff</XRefExternal>.</Text></Section><Section><Label>175</Label><Text>Crispbread, containing 25 per cent or more by weight of wheat, that is classified under tariff item No. 1905.10.10, 1905.10.21, 1905.10.29, 1905.10.40, 1905.10.51, 1905.10.59, 1905.10.71 or 1905.10.72 in the List of Tariff Provisions set out in the schedule to the <XRefExternal reference-type="act">Customs Tariff</XRefExternal>.</Text></Section><Section><Label>176</Label><Text>Sweet biscuits, waffles and wafers, containing 25 per cent or more by weight of wheat, that are classified under tariff item No. 1905.31.21, 1905.31.22, 1905.31.23, 1905.31.91, 1905.31.92, 1905.31.93, 1905.32.91 or 1905.32.93 in the List of Tariff Provisions set out in the schedule to the <XRefExternal reference-type="act">Customs Tariff</XRefExternal>.</Text></Section><Section><Label>177</Label><Text>Rusks, toasted bread and similar toasted products, containing 25 per cent or more by weight of wheat, that are classified under tariff item No. 1905.40.20, 1905.40.31, 1905.40.39, 1905.40.50, 1905.40.61 or 1905.40.69 in the List of Tariff Provisions set out in the schedule to the <XRefExternal reference-type="act">Customs Tariff</XRefExternal>.</Text></Section><Section><Label>178</Label><Text>Bread (other than bread leavened with yeast and unleavened bread for sacramental purposes), containing 25 per cent or more by weight of wheat, that is classified under tariff item No. 1905.90.31, 1905.90.32, 1905.90.33, 1905.90.34 or 1905.90.35 in the List of Tariff Provisions set out in the schedule to the <XRefExternal reference-type="act">Customs Tariff</XRefExternal>.</Text></Section><Section><Label>179</Label><Text>Biscuits, containing 25 per cent or more by weight of wheat, that are classified under tariff item No. 1905.90.41, 1905.90.42, 1905.90.43, 1905.90.44 or 1905.90.45 in the List of Tariff Provisions set out in the schedule to the <XRefExternal reference-type="act">Customs Tariff</XRefExternal>.</Text></Section><Section><Label>180</Label><Text>Pretzels, containing 25 per cent or more by weight of wheat, that are classified under tariff item No. 1905.90.61, 1905.90.62 or 1905.90.63 in the List of Tariff Provisions set out in the schedule to the <XRefExternal reference-type="act">Customs Tariff</XRefExternal>.</Text></Section><Section><Label>181</Label><Text>Wheat bran, sharps and other residues, whether or not in the form of pellets, derived from the sifting, milling or other working of wheat, that are classified under tariff item No. 2302.30.10 or 2302.30.20 in the List of Tariff Provisions set out in the schedule to the <XRefExternal reference-type="act">Customs Tariff</XRefExternal>.</Text></Section><Section><Label>182</Label><Text>Barley that is classified under tariff item No. 1003.10.11, 1003.10.12, 1003.10.91, 1003.10.92, 1003.90.11, 1003.90.12, 1003.90.91 or 1003.90.92 in the List of Tariff Provisions set out in the schedule to the <XRefExternal reference-type="act">Customs Tariff</XRefExternal>.</Text></Section><Section><Label>183</Label><Text>Barley flour that is classified under tariff item No. 1102.90.11 or 1102.90.12 in the List of Tariff Provisions set out in the schedule to the <XRefExternal reference-type="act">Customs Tariff</XRefExternal>.</Text></Section><Section><Label>184</Label><Text>Barley groats, meal and pellets, that are classified under tariff item No. 1103.19.11, 1103.19.12, 1103.20.21 or 1103.20.22 in the List of Tariff Provisions set out in the schedule to the <XRefExternal reference-type="act">Customs Tariff</XRefExternal>.</Text></Section><Section><Label>185</Label><Text>Barley grains otherwise worked (for example, hulled, rolled, flaked, pearled, sliced or kibbled) that are classified under tariff item No. 1104.19.21, 1104.19.22, 1104.29.21 or 1104.29.22 in the List of Tariff Provisions set out in the schedule to the <XRefExternal reference-type="act">Customs Tariff</XRefExternal>.</Text></Section><Section><Label>186</Label><Text>Malt, whether or not roasted, that is classified under tariff item No. 1107.10.11, 1107.10.12, 1107.10.91, 1107.10.92, 1107.20.11, 1107.20.12, 1107.20.91 or 1107.20.92 in the List of Tariff Provisions set out in the schedule to the <XRefExternal reference-type="act">Customs Tariff</XRefExternal>.</Text></Section><Section><Label>187</Label><Text>Barley starch that is classified under tariff item No. 1108.19.11 or 1108.19.12 in the List of Tariff Provisions set out in the schedule to the <XRefExternal reference-type="act">Customs Tariff</XRefExternal>.</Text></Section><Section><Label>188</Label><Text>Malt extract that is classified under tariff item No. 1901.90.11 or 1901.90.12 in the List of Tariff Provisions set out in the schedule to the <XRefExternal reference-type="act">Customs Tariff</XRefExternal>.</Text></Section><Section><Label>189</Label><Text>Prepared foods obtained by the swelling or roasting of barley that are classified under tariff item No. 1904.10.30, 1904.10.41 or 1904.10.49 in the List of Tariff Provisions set out in the schedule to the <XRefExternal reference-type="act">Customs Tariff</XRefExternal>.</Text></Section><Section><Label>189.1</Label><Text>Prepared foods, of barley, obtained from unroasted cereal flakes or from mixtures of unroasted cereal flakes and roasted cereal flakes or swelled cereals, that are classified under tariff item No. 1904.20.30, 1904.20.41, 1904.20.49, 1904.20.63 or 1904.20.64 in the List of Tariff Provisions set out in the schedule to the <XRefExternal reference-type="act">Customs Tariff</XRefExternal>.</Text></Section><Section><Label>190</Label><Text>Barley cereals, in grain form or in the form of flakes or other worked grains (except flour and meal), pre-cooked or otherwise prepared, not elsewhere specified or included, that are classified under tariff item No. 1904.90.30, 1904.90.40, 1904.90.63 or 1904.90.64 in the List of Tariff Provisions set out in the schedule to the <XRefExternal reference-type="act">Customs Tariff</XRefExternal>.</Text></Section><Section><Label>191</Label><Text>Barley bran, sharps and other residues, whether or not in the form of pellets, derived from the sifting, milling or other working of barley, that are classified under tariff item No. 2302.40.11 or 2302.40.12 in the List of Tariff Provisions set out in the schedule to the <XRefExternal reference-type="act">Customs Tariff</XRefExternal>.</Text></Section><Section><Label>192</Label><Text>Goods that are classified under heading No. 98.04 or 98.26 in the List of Tariff Provisions set out in the schedule to the <XRefExternal reference-type="act">Customs Tariff</XRefExternal> and that are otherwise classifiable under a tariff item referred to in any of items 94 to 191 of this List.</Text></Section><Section><Label>193</Label><Subsection><Label>(1)</Label><Text>In this item, <DefinedTermEn>imported from Israel or another CIFTA beneficiary</DefinedTermEn> has the meaning assigned by <XRefExternal reference-type="regulation">Regulations Defining Certain Expressions for the Purposes of the Customs Tariff</XRefExternal>.</Text></Subsection><Subsection><Label>(2)</Label><Text>Cut roses and rose buds, fresh, suitable for bouquets or for ornamental purposes, that are imported from Israel or another CIFTA beneficiary and that are classified under tariff item No. 0603.10.11 or under heading No. 98.04 or 98.26 of the List of Tariff Provisions set out in the schedule to the <XRefExternal reference-type="act">Customs Tariff</XRefExternal>.</Text></Subsection></Section><Section><Label>194</Label><Text><Repealed>[Repealed, SOR/2011-157, s. 1]</Repealed></Text></Section></RegulationPiece><HistoricalNote>SOR/78-23, s. 1; SOR/78-129, s. 1; SOR/78-130, s. 1; SOR/78-202, s. 1; SOR/78-330, s. 1; SOR/78-346, s. 1; SOR/78-683, s. 1; SOR/79-70, s. 1; SOR/79-256, ss. 1 to 5; SOR/79-380, ss. 1 to 5; SOR/80-31, s. 1; SOR/80-207, s. 1; SOR/80-339, s. 1; SOR/80-624, s. 1; SOR/80-625, s. 1; SOR/80-657, s. 1; SOR/80-689, s. 1; SOR/80-773, s. 1; SOR/81-58, s. 1; SOR/81-857, s. 1; SOR/81-978, s. 1; SOR/81-1027, s. 1; SOR/82-233, ss. 1 to 10; SOR/82-234, ss. 1 to 14; SOR/82-442, s. 1; SOR/82-667, s. 1; SOR/82-679, ss. 1, 2; SOR/82-781, s. 1(F); SOR/82-905, s. 1; SOR/83-53, s. 1; SOR/83-251, ss. 1, 2; SOR/83-252, s. 1; SOR/83-667, s. 1; SOR/84-94, s. 1; SOR/84-938, ss. 1, 2; SOR/85-49, s. 1; SOR/85-247, s. 1; SOR/85-1093, ss. 1, 2; SOR/85-1163, s. 1; SOR/86-39, s. 1; SOR/86-646, s. 1; SOR/86-860, s. 1; SOR/86-986, s. 1; SOR/86-1068, s. 1; SOR/87-17, ss. 1 to 12; SOR/87-298, s. 1; SOR/87-557, ss. 1 to 6; SOR/88-117, ss. 1 to 4; SOR/88-187, s. 1; SOR/89-44, s. 1; SOR/89-46, s. 1; SOR/89-101, s. 1(F); SOR/89-251, ss. 1(F), 2; SOR/89-363, ss. 1, 2; SOR/89-430, ss. 1 to 4; SOR/89-431, s. 1; SOR/89-532, s. 1; SOR/90-222, s. 1; SOR/90-316, s. 1; SOR/91-97, ss. 1, 2; SOR/91-108, s. 1(F); SOR/91-574, s. 1; SOR/91-610, s. 1; SOR/91-663, s. 1; SOR/92-510, ss. 1, 2; SOR/92-565, s. 1; SOR/92-656, s. 1; SOR/93-489, s. 1; SOR/93-588, s. 1; SOR/93-613, ss. 1, 2; SOR/94-551, s. 1; SOR/94-647, s. 1; SOR/95-32, ss. 1 to 8; SOR/95-235, s. 1; SOR/95-395, ss. 1 to 10; SOR/96-47, ss. 1 to 10; SOR/96-408, s. 1; SOR/97-18, ss. 1 to 7; SOR/97-59, ss. 1 to 3; SOR/97-317, s. 1; SOR/97-318, s. 1; SOR/98-24, ss. 1 to 11; SOR/98-249, s. 1; SOR/99-317, s. 5; SOR/99-319, s. 1; SOR/2002-84, ss. 1 to 6; SOR/2002-85, s. 1; SOR/2002-213, s. 1; SOR/2003-269, s. 1; SOR/2005-71, ss. 1 to 15; SOR/2005-239, s. 1; SOR/2007-261, s. 1; SOR/2008-203, s. 1; SOR/2008-282, s. 1; SOR/2011-157, s. 1; SOR/2011-171, s. 1; SOR/2011-321, ss. 1 to 7; SOR/2012-258, ss. 1, 2; SOR/2014-224, s. 1; SOR/2014-247, s. 1; SOR/2017-171, ss. 1 to 4, 5(F); SOR/2017-230, s. 1.</HistoricalNote></Schedule><Schedule spanlanguages="no" bilingual="no"><ScheduleFormHeading><Label>APPENDICES I, II AND III</Label></ScheduleFormHeading><Repealed>[Repealed, SOR/89-363, s. 3]</Repealed></Schedule></Regulation>