﻿<?xml version="1.0" encoding="utf-8"?><!DOCTYPE Regulation PUBLIC "-//Justice Canada//DTD Regulation v1.2.2//EN" "Dtd/Regulations/Version_1.2.2/regulation.dtd"><Regulation regulation-type="SOR" xml:lang="en"><Identification><InstrumentNumber>C.R.C., c. 446</InstrumentNumber><ConsolidationDate><Date><YYYY>2018</YYYY><MM>07</MM><DD>06</DD></Date></ConsolidationDate><LastModifiedDate><Date><YYYY>2005</YYYY><MM>6</MM><DD>13</DD></Date></LastModifiedDate><EnablingAuthority><XRefExternal reference-type="act">ADVANCE PAYMENTS FOR CROPS ACT</XRefExternal></EnablingAuthority><ShortTitle>Advance Payments for Crops Regulations</ShortTitle><LongTitle>Regulations Under the Advance Payments for Crops Act</LongTitle></Identification><Repealed>[Repealed by operation of law, 1997, c. 20, s. 45</Repealed><Body><Heading level="1"><TitleText>Short Title</TitleText><Note>[Repealed by operation of law, 1997, c. 20, s. 45</Note></Heading><Section><Label>1</Label><Text><Repealed>[Repealed by operation of law, 1997, c. 20, s. 45</Repealed></Text></Section><Heading level="1"><TitleText>Interpretation</TitleText><Note>[Repealed by operation of law, 1997, c. 20, s. 45</Note></Heading><Section><Label>2</Label><Text><Repealed>[Repealed by operation of law, 1997, c. 20, s. 45</Repealed></Text></Section><Section><Label>2.1</Label><Text><Repealed>[Repealed by operation of law, 1997, c. 20, s. 45</Repealed></Text></Section><Heading level="1"><TitleText>Application</TitleText><Note>[Repealed by operation of law, 1997, c. 20, s. 45</Note></Heading><Section><Label>3</Label><Text><Repealed>[Repealed by operation of law, 1997, c. 20, s. 45</Repealed></Text></Section><Section><Label>4</Label><Text><Repealed>[Repealed by operation of law, 1997, c. 20, s. 45</Repealed></Text></Section><Section><Label>5</Label><Text><Repealed>[Repealed by operation of law, 1997, c. 20, s. 45</Repealed></Text></Section><Heading level="1"><TitleText>Rates</TitleText><Note>[Repealed by operation of law, 1997, c. 20, s. 45</Note></Heading><Section><Label>6</Label><Text><Repealed>[Repealed by operation of law, 1997, c. 20, s. 45</Repealed></Text></Section><Heading level="1"><TitleText>Collection Attempts</TitleText><Note>[Repealed by operation of law, 1997, c. 20, s. 45</Note></Heading><Section><Label>7</Label><Text><Repealed>[Repealed by operation of law, 1997, c. 20, s. 45</Repealed></Text></Section><Heading level="1"><TitleText>Guarantee Terms and Conditions</TitleText><Note>[Repealed by operation of law, 1997, c. 20, s. 45</Note></Heading><Section><Label>8</Label><Text><Repealed>[Repealed by operation of law, 1997, c. 20, s. 45</Repealed></Text></Section></Body><Schedule spanlanguages="yes" bilingual="no"><ScheduleFormHeading><Label>SCHEDULE</Label><OriginatingRef>(Section 6)</OriginatingRef></ScheduleFormHeading><Repealed>[Repealed by operation of law, 1997, c. 20, s. 45</Repealed></Schedule></Regulation>