﻿<?xml version="1.0" encoding="utf-8"?><!DOCTYPE Regulation PUBLIC "-//Justice Canada//DTD Regulation v1.2.2//EN" "Dtd/Regulations/Version_1.2.2/regulation.dtd"><Regulation regulation-type="SOR" xml:lang="en"><Identification><InstrumentNumber>C.R.C., c. 786</InstrumentNumber><ConsolidationDate><Date><YYYY>2018</YYYY><MM>07</MM><DD>06</DD></Date></ConsolidationDate><LastModifiedDate><Date><YYYY>2005</YYYY><MM>7</MM><DD>11</DD></Date></LastModifiedDate><EnablingAuthority><XRefExternal reference-type="act">FINANCIAL ADMINISTRATION ACT</XRefExternal></EnablingAuthority><ShortTitle>Samples of Negligible Value Remission Order</ShortTitle><LongTitle>Order Respecting the Remission of Taxes Paid or Payable Under Division III of Part IX and Under any Other Part of the Excise Tax Act and Customs Duties Paid or Payable Under Section 21 of the Customs Tariff on Samples of Negligible Value</LongTitle></Identification><Body><Heading level="1"><TitleText>Short Title</TitleText></Heading><Section><Label>1</Label><Text>This Order may be cited as the <XRefExternal reference-type="regulation">Samples of Negligible Value Remission Order</XRefExternal>.</Text></Section><Heading level="1"><TitleText>Interpretation</TitleText></Heading><Section><Label>2</Label><Text>In this Order,</Text><Definition generate-in-text="no"><Text><DefinedTermEn>chief officer of customs</DefinedTermEn>, with respect to an area or place, means the manager of the customs office or customs offices that serve that area or place; (<DefinedTermFr>agent en chef des douanes</DefinedTermFr>)</Text></Definition><Definition generate-in-text="no"><Text><DefinedTermEn>sample</DefinedTermEn> means an article that is representative of a particular category of goods that have been produced or an article for which production is contemplated, and includes any package, case, binder or other article attached to or imported as an integral part of the article. (<DefinedTermFr>échantillon</DefinedTermFr>) </Text></Definition><HistoricalNote>SI/88-18, s. 2.</HistoricalNote></Section><Heading level="1"><TitleText>Remission</TitleText></Heading><Section><Label>3</Label><Subsection><Label>(1)</Label><Text>Remission is hereby granted of taxes paid or payable under Division III of Part IX and under any other Part of the <XRefExternal reference-type="act">Excise Tax Act</XRefExternal> and customs duties paid or payable under section 21 of the <XRefExternal reference-type="act">Customs Tariff</XRefExternal> in respect of consignments of imported samples of goods of all kinds where</Text><Paragraph><Label>(a)</Label><Text>the samples are of negligible value;</Text></Paragraph><Paragraph><Label>(b)</Label><Text>the samples will be used only in soliciting orders for goods of the kind represented by the sample;</Text></Paragraph><Paragraph><Label>(c)</Label><Text>subject to section 4, there is not more than one sample of each kind or quality in a consignment; and</Text></Paragraph><Paragraph><Label>(d)</Label><Text>the goods referred to in paragraph (b) will be supplied direct from abroad.</Text></Paragraph></Subsection><Subsection><Label>(2)</Label><Text>For the purpose of paragraph (1)(a), a sample in a consignment shall be deemed to be of negligible value where the taxes imposed under Division III of Part IX and under any other Part of the <XRefExternal reference-type="act">Excise Tax Act</XRefExternal> and the customs duties imposed under section 21 of the <XRefExternal reference-type="act">Customs Tariff</XRefExternal> payable on the sample would not exceed two dollars if this Order did not apply.</Text></Subsection><HistoricalNote>SI/88-18, s. 2; SI/91-8, s. 2; SI/98-18, s. 2.</HistoricalNote></Section><Section><Label>4</Label><Text>Consignments of foodstuffs, non-alcoholic beverages, perfumes and chemical products that will be consumed or destroyed during demonstration may consist of more than one sample of each kind or quality when the quantity and the manner in which they are packaged preclude their being used otherwise than as samples.</Text></Section><Section><Label>5</Label><Text>A chief officer of customs may require that a sample be made useless as merchandise by marking, tearing, perforating, gluing or otherwise altering it, but not in such a manner as to destroy its usefulness as a sample.</Text><HistoricalNote>SI/88-18, s. 2.</HistoricalNote></Section></Body></Regulation>