﻿<?xml version="1.0" encoding="utf-8"?><!DOCTYPE Regulation PUBLIC "-//Justice Canada//DTD Regulation v1.2.2//EN" "Dtd/Regulations/Version_1.2.2/regulation.dtd"><Regulation regulation-type="SOR" xml:lang="en"><Identification><InstrumentNumber>C.R.C., c. 1305</InstrumentNumber><ConsolidationDate><Date><YYYY>2018</YYYY><MM>07</MM><DD>06</DD></Date></ConsolidationDate><LastModifiedDate><Date><YYYY>2005</YYYY><MM>7</MM><DD>25</DD></Date></LastModifiedDate><EnablingAuthority><XRefExternal reference-type="act">FOREIGN MISSIONS AND INTERNATIONAL ORGANIZATIONS ACT</XRefExternal></EnablingAuthority><ShortTitle>Asian Development Bank Privileges and Immunities Order</ShortTitle><LongTitle>Order Respecting the Privileges and Immunities of the Asian Development Bank in Canada</LongTitle></Identification><Body><Heading level="1"><TitleText>Short Title</TitleText></Heading><Section><Label>1</Label><Text>This Order may be cited as the <XRefExternal reference-type="regulation">Asian Development Bank Privileges and Immunities Order</XRefExternal>.</Text></Section><Heading level="1"><TitleText>Interpretation</TitleText></Heading><Section><Label>2</Label><Text>In this Order,</Text><Definition generate-in-text="no"><Text><DefinedTermEn>Convention</DefinedTermEn> means the Convention on the Privileges and Immunities of the United Nations; (<DefinedTermFr>Convention</DefinedTermFr>)</Text></Definition><Definition generate-in-text="no"><Text><DefinedTermEn>Organization</DefinedTermEn> means the Asian Development Bank. (<DefinedTermFr>Organisation</DefinedTermFr>)</Text></Definition></Section><Heading level="1"><TitleText>Privileges and Immunities</TitleText></Heading><Section><Label>3</Label><Subsection><Label>(1)</Label><Text>The Organization shall have in Canada the legal capacities of a body corporate and shall, to such extent as it may require, have the privileges and immunities set forth in Articles II and III of the Convention.</Text></Subsection><Subsection><Label>(2)</Label><Text>Representatives of states and governments that are members of the Organization shall, to such extent as may be required for the performance of their functions, have the privileges and immunities set forth in Article IV of the Convention for representatives of Members.</Text></Subsection><Subsection><Label>(3)</Label><Text>All officials of the Organization in Canada shall, to such extent as may be required for the performance of their functions, have the privileges and immunities set forth in Article V of the Convention for officials of the United Nations.</Text></Subsection><Subsection><Label>(4)</Label><Text>All experts performing missions for the Organization in Canada shall, to such extent as may be required for the performance of their functions, have the privileges and immunities set forth in Article VI of the Convention for experts on missions for the United Nations.</Text></Subsection></Section><Section><Label>4</Label><Text>Nothing in this Order exempts any person who is a Canadian citizen resident or ordinarily resident in Canada from any taxes or duties imposed by any law in Canada.</Text></Section></Body></Regulation>