﻿<?xml version="1.0" encoding="utf-8"?><!DOCTYPE Regulation PUBLIC "-//Justice Canada//DTD Regulation v1.2.2//EN" "Dtd/Regulations/Version_1.2.2/regulation.dtd"><Regulation regulation-type="SOR" xml:lang="en"><Identification><InstrumentNumber>C.R.C., c. 1394</InstrumentNumber><ConsolidationDate><Date><YYYY>2018</YYYY><MM>07</MM><DD>06</DD></Date></ConsolidationDate><LastModifiedDate><Date><YYYY>2005</YYYY><MM>8</MM><DD>2</DD></Date></LastModifiedDate><EnablingAuthority><XRefExternal reference-type="act">ROYAL CANADIAN MOUNTED POLICE SUPERANNUATION ACT</XRefExternal><XRefExternal reference-type="act">FINANCIAL ADMINISTRATION ACT</XRefExternal></EnablingAuthority><ShortTitle>Counting of Service by Former Members of the Senate or House of Commons Regulations, No. 2</ShortTitle><LongTitle>Regulations Respecting the Counting of Service by Former Members of the Senate or House Of Commons, No. 2</LongTitle></Identification><Repealed>[Repealed, SOR/2016-76, s. 22]</Repealed><Body><Heading level="1"><TitleText>Short Title</TitleText><Note>[Repealed, SOR/2016-76, s. 22]</Note></Heading><Section><Label>1</Label><Text><Repealed>[Repealed, SOR/2016-76, s. 22]</Repealed></Text></Section><Heading level="1"><TitleText>Interpretation</TitleText><Note>[Repealed, SOR/2016-76, s. 22]</Note></Heading><Section><Label>2</Label><Text><Repealed>[Repealed, SOR/2016-76, s. 22]</Repealed></Text></Section><Heading level="1"><TitleText>Election</TitleText><Note>[Repealed, SOR/2016-76, s. 22]</Note></Heading><Section><Label>3</Label><Text><Repealed>[Repealed, SOR/2016-76, s. 22]</Repealed></Text></Section><Section><Label>4</Label><Text><Repealed>[Repealed, SOR/2016-76, s. 22]</Repealed></Text></Section><Heading level="1"><TitleText>Medical Examination</TitleText><Note>[Repealed, SOR/2016-76, s. 22]</Note></Heading><Section><Label>5</Label><Text><Repealed>[Repealed, SOR/2016-76, s. 22]</Repealed></Text></Section><Section><Label>6</Label><Text><Repealed>[Repealed, SOR/2016-76, s. 22]</Repealed></Text></Section><Section><Label>7</Label><Text><Repealed>[Repealed, SOR/2016-76, s. 22]</Repealed></Text></Section><Heading level="1"><TitleText>Payments to the Superannuation Account</TitleText><Note>[Repealed, SOR/2016-76, s. 22]</Note></Heading><Section><Label>8</Label><Text><Repealed>[Repealed, SOR/2016-76, s. 22]</Repealed></Text></Section><Section><Label>9</Label><Text><Repealed>[Repealed, SOR/2016-76, s. 22]</Repealed></Text></Section><Section><Label>10</Label><Text><Repealed>[Repealed, SOR/2016-76, s. 22]</Repealed></Text></Section><Section><Label>11</Label><Text><Repealed>[Repealed, SOR/2016-76, s. 22]</Repealed></Text></Section></Body></Regulation>