﻿<?xml version="1.0" encoding="utf-8"?><!DOCTYPE Regulation PUBLIC "-//Justice Canada//DTD Regulation v1.2.2//EN" "Dtd/Regulations/Version_1.2.2/regulation.dtd"><Regulation regulation-type="SOR" xml:lang="en"><Identification><InstrumentNumber>C.R.C., c. 277</InstrumentNumber><ConsolidationDate><Date><YYYY>2018</YYYY><MM>07</MM><DD>06</DD></Date></ConsolidationDate><LastModifiedDate><Date><YYYY>2005</YYYY><MM>6</MM><DD>27</DD></Date></LastModifiedDate><EnablingAuthority><XRefExternal reference-type="act">AGRICULTURAL PRODUCTS MARKETING ACT</XRefExternal></EnablingAuthority><ShortTitle>Saskatchewan Hog Marketing Levies Order</ShortTitle><LongTitle>An Order Providing For the Fixing, Imposing and Collecting of Levies From Certain Hog Producers in Saskatchewan</LongTitle></Identification><Body><Heading level="1"><TitleText>Short Title</TitleText></Heading><Section><Label>1</Label><Text>This Order may be cited as the <XRefExternal reference-type="regulation">Saskatchewan Hog Marketing Levies Order</XRefExternal>.</Text></Section><Heading level="1"><TitleText>Interpretation</TitleText></Heading><Section><Label>2</Label><Text>In this Order,</Text><Definition generate-in-text="no"><Text><DefinedTermEn>Act</DefinedTermEn> means <XRefExternal reference-type="act">The Natural Products Marketing Act, 1972</XRefExternal> of Saskatchewan; (<DefinedTermFr>Loi</DefinedTermFr>)</Text></Definition><Definition generate-in-text="no"><Text><DefinedTermEn>assembly yard</DefinedTermEn> means premises to which producers may deliver their hogs; (<DefinedTermFr>parc de groupage</DefinedTermFr>)</Text></Definition><Definition generate-in-text="no"><Text><DefinedTermEn>assembly yard operator</DefinedTermEn> means the owner or operator of an assembly yard; (<DefinedTermFr>exploitant d’un parc de groupage</DefinedTermFr>)</Text></Definition><Definition generate-in-text="no"><Text><DefinedTermEn>Commission</DefinedTermEn> means the Saskatchewan Hog Marketing Commission established pursuant to the Act and the Plan; (<DefinedTermFr>Commission</DefinedTermFr>)</Text></Definition><Definition generate-in-text="no"><Text><DefinedTermEn>hog</DefinedTermEn> means any member of the species <Language xml:lang="la">Sus Scrofa L.</Language> (domestic pig) produced in Saskatchewan; (<DefinedTermFr>porc</DefinedTermFr>)</Text></Definition><Definition generate-in-text="no"><Text><DefinedTermEn>Plan</DefinedTermEn> means the Saskatchewan Hog Marketing Plan established and amended from time to time pursuant to the Act; (<DefinedTermFr>Plan</DefinedTermFr>)</Text></Definition><Definition generate-in-text="no"><Text><DefinedTermEn>processor</DefinedTermEn> means any person engaged in the business of processing hogs or using hogs in manufacturing; (<DefinedTermFr>transformateur</DefinedTermFr>)</Text></Definition><Definition generate-in-text="no"><Text><DefinedTermEn>producer</DefinedTermEn> means</Text><Paragraph><Label>(a)</Label><Text>any person engaged in producing or feeding hogs and making them available for slaughter and includes the employer of any such person,</Text></Paragraph><Paragraph><Label>(b)</Label><Text>any person who, under any lease or agreement, is entitled to a share of the hogs produced or fed by a person referred to in paragraph (a), and</Text></Paragraph><Paragraph><Label>(c)</Label><Text>any person who takes possession of any hogs from any person under any form of security for a debt; (<DefinedTermFr>producteur</DefinedTermFr>)</Text></Paragraph></Definition><Definition generate-in-text="no"><Text><DefinedTermEn>small processor</DefinedTermEn> means a processor who, in the previous calendar year, processed less than two per cent of all hogs slaughtered in Saskatchewan according to the reports published by the Department of Agriculture of Canada. (<DefinedTermFr>petit transformateur</DefinedTermFr>)</Text></Definition></Section><Heading level="1"><TitleText>Levies</TitleText></Heading><Section><Label>3</Label><Text>Subject to section 5, every producer shall pay to the Commission, in addition to the service charges set out under the Plan, levies at the rate of $0.80 per hog marketed for slaughter.</Text></Section><Heading level="1"><TitleText>Payment</TitleText></Heading><Section><Label>4</Label><Subsection><Label>(1)</Label><Text>The levies payable by a producer shall be deducted from the moneys payable to the producer by the Commission.</Text></Subsection><Subsection><Label>(2)</Label><Text>Every small processor who purchases hogs directly from a producer shall deduct the levies payable in respect of those hogs from the moneys payable to the producer and remit it on a monthly basis to the Commission.</Text></Subsection><Subsection><Label>(3)</Label><Text>Every assembly yard operator who conducts an auction of sows shall deduct the levies payable in respect of those sows from the proceeds payable to the producer and remit it on a monthly basis to the Commission.</Text></Subsection></Section><Heading level="1"><TitleText>Exemptions</TitleText></Heading><Section><Label>5</Label><Text>This Order does not apply to a producer who</Text><Paragraph><Label>(a)</Label><Text>holds a dispensation certificate issued pursuant to section 8 of the <XRefExternal reference-type="regulation">Saskatchewan Hog Marketing (Interprovincial and Export) Regulations</XRefExternal>;</Text></Paragraph><Paragraph><Label>(b)</Label><Text>has a hog slaughtered for his own consumption;</Text></Paragraph><Paragraph><Label>(c)</Label><Text>sells a hog to a consumer for consumption by the consumer;</Text></Paragraph><Paragraph><Label>(d)</Label><Text>sells a hog to a processor designated by the Commission to provide specific research data; or</Text></Paragraph><Paragraph><Label>(e)</Label><Text>markets any of the following classes of hogs:</Text><Subparagraph><Label>(i)</Label><Text>breeding stock,</Text></Subparagraph><Subparagraph><Label>(ii)</Label><Text>weanling pigs,</Text></Subparagraph><Subparagraph><Label>(iii)</Label><Text>feeder pigs, or</Text></Subparagraph><Subparagraph><Label>(iv)</Label><Text>boars.</Text></Subparagraph></Paragraph></Section></Body></Regulation>