﻿<?xml version="1.0" encoding="utf-8"?><!DOCTYPE Regulation PUBLIC "-//Justice Canada//DTD Regulation v1.2.2//EN" "Dtd/Regulations/Version_1.2.2/regulation.dtd"><Regulation regulation-type="SOR" xml:lang="en"><Identification><InstrumentNumber>C.R.C., c. 933</InstrumentNumber><ConsolidationDate><Date><YYYY>2018</YYYY><MM>07</MM><DD>06</DD></Date></ConsolidationDate><LastModifiedDate><Date><YYYY>2006</YYYY><MM>4</MM><DD>26</DD></Date></LastModifiedDate><EnablingAuthority><XRefExternal reference-type="act">HAZARDOUS PRODUCTS ACT</XRefExternal></EnablingAuthority><ShortTitle>Safety Glass Regulations</ShortTitle><LongTitle>Regulations Defining “Safety Glass” for The Purpose of Item 17 of Part I of Schedule I to the Hazardous Products Act</LongTitle></Identification><Repealed>[Repealed, SOR/2009-110, s. 5]</Repealed><Body><Heading level="1"><TitleText>Short Title</TitleText><Note>[Repealed, SOR/2009-110, s. 5]</Note></Heading><Section><Label>1</Label><Text><Repealed>[Repealed, SOR/2009-110, s. 5]</Repealed></Text></Section><Heading level="1"><TitleText>Interpretation</TitleText><Note>[Repealed, SOR/2009-110, s. 5]</Note></Heading><Section><Label>2</Label><Text><Repealed>[Repealed, SOR/2009-110, s. 5]</Repealed></Text></Section><Heading level="1"><TitleText>General</TitleText><Note>[Repealed, SOR/2009-110, s. 5]</Note></Heading><Section><Label>3</Label><Text><Repealed>[Repealed, SOR/2009-110, s. 5]</Repealed></Text></Section></Body></Regulation>