﻿<?xml version="1.0" encoding="utf-8"?><!DOCTYPE Regulation PUBLIC "-//Justice Canada//DTD Regulation v1.2.2//EN" "Dtd/Regulations/Version_1.2.2/regulation.dtd"><Regulation regulation-type="SOR" xml:lang="en"><Identification><InstrumentNumber>C.R.C., c. 1467</InstrumentNumber><ConsolidationDate><Date><YYYY>2018</YYYY><MM>07</MM><DD>06</DD></Date></ConsolidationDate><LastModifiedDate><Date><YYYY>2005</YYYY><MM>8</MM><DD>4</DD></Date></LastModifiedDate><EnablingAuthority><XRefExternal reference-type="act">CANADA SHIPPING ACT, 2001</XRefExternal></EnablingAuthority><ShortTitle>Safe Working Practices Regulations</ShortTitle><LongTitle>Regulations Respecting Safe Working Practices for the Protection of Persons Employed on Ships</LongTitle></Identification><Body><Heading level="1"><TitleText>Short Title</TitleText></Heading><Section><Label>1</Label><Text>These Regulations may be cited as the <XRefExternal reference-type="regulation">Safe Working Practices Regulations</XRefExternal>.</Text></Section><Heading level="1"><TitleText>Interpretation</TitleText></Heading><Section><Label>2</Label><Text>In these Regulations,</Text><Definition generate-in-text="no"><Text><DefinedTermEn>Act</DefinedTermEn> means the <XRefExternal reference-type="act">Canada Shipping Act</XRefExternal>; (<DefinedTermFr>Loi</DefinedTermFr>)</Text></Definition><Definition generate-in-text="no"><Text><DefinedTermEn>Board</DefinedTermEn> means the Board of Steamship Inspection established pursuant to section 369 of the Act; (<DefinedTermFr>Bureau</DefinedTermFr>)</Text></Definition><Definition generate-in-text="no"><Text><DefinedTermEn>hot work</DefinedTermEn> means welding, burning, rivetting, drilling, grinding, chipping or any other work where flame is used or sparks are produced; (<DefinedTermFr>travail à chaud</DefinedTermFr>)</Text></Definition><Definition generate-in-text="no"><Text><DefinedTermEn>inspector</DefinedTermEn> means</Text><Paragraph><Label>(a)</Label><Text>a steamship inspector appointed under the Act, or</Text></Paragraph><Paragraph><Label>(b)</Label><Text>a person designated as an inspector pursuant to section 91; (<DefinedTermFr>inspecteur</DefinedTermFr>)</Text></Paragraph></Definition><Definition generate-in-text="no"><Text><DefinedTermEn>marine chemist</DefinedTermEn> means a person who</Text><Paragraph><Label>(a)</Label><Text>has graduated from an educational institution approved by the Board and has completed</Text><Subparagraph><Label>(i)</Label><Text>courses in chemical engineering, or</Text></Subparagraph><Subparagraph><Label>(ii)</Label><Text>a general course with a major in chemistry, or</Text></Subparagraph></Paragraph><Paragraph><Label>(b)</Label><Text>has obtained a fellowship in the Chemical Institute of Canada,</Text></Paragraph><ContinuedDefinition><Text>and thereafter has had at least three years experience in chemical or engineering work, of which a minimum of 150 working hours has been gained under proper supervision in ship board work involving the testing and inspection of tank vessels and other vessels in the application of gas hazard control standards prescribed by the Board; (<DefinedTermFr>chimiste de la marine</DefinedTermFr>)</Text></ContinuedDefinition></Definition><Definition generate-in-text="no"><Text><DefinedTermEn>owner</DefinedTermEn> includes, in respect of any working area, structure, machinery or equipment, the person who has the general management and control thereof; (<DefinedTermFr>propriétaire</DefinedTermFr>)</Text></Definition><Definition generate-in-text="no"><Text><DefinedTermEn>qualified person</DefinedTermEn> means,</Text><Paragraph><Label>(a)</Label><Text>in respect of work that is required by law to be performed by the holder of a licence, certificate or other authority, a person who is the holder of such licence, certificate or other authority, and</Text></Paragraph><Paragraph><Label>(b)</Label><Text>in respect of work that is not required by law to be performed by the holder of a licence, certificate or other authority, a person who, in the opinion of his employer, possesses the knowledge and experience necessary to perform the work safely and competently; (<DefinedTermFr>personne compétente</DefinedTermFr>)</Text></Paragraph></Definition><Definition generate-in-text="no"><Text><DefinedTermEn>scaffold</DefinedTermEn> means a working platform supported from below; (<DefinedTermFr>échafaud</DefinedTermFr>)</Text></Definition><Definition generate-in-text="no"><Text><DefinedTermEn>scaffolding</DefinedTermEn> means the structure that supports a scaffold; (<DefinedTermFr>échafaudage</DefinedTermFr>)</Text></Definition><Definition generate-in-text="no"><Text><DefinedTermEn>stage</DefinedTermEn> means a working platform supported from above; (<DefinedTermFr>plate-forme volante</DefinedTermFr>)</Text></Definition><Definition generate-in-text="no"><Text><DefinedTermEn>working area</DefinedTermEn> means</Text><Paragraph><Label>(a)</Label><Text>any area in which work is being performed on board a ship,</Text></Paragraph><Paragraph><Label>(b)</Label><Text>with respect to persons employed in the maintenance or repair of a ship, any area immediately adjacent to the ship, and</Text></Paragraph><Paragraph><Label>(c)</Label><Text>with respect to persons employed in the loading or unloading of a ship, any area on shore that is within the reach of any derrick, crane or other hoisting equipment employed in loading or unloading the ship and the immediate approaches to such an area, but does not include any sheds, warehouses or any part of a wharf forward or aft of the ship’s mooring lines. (<DefinedTermFr>lieu de travail</DefinedTermFr>)</Text></Paragraph></Definition><HistoricalNote>1987, c. 7, s. 84(F).</HistoricalNote></Section><Heading level="1"><TitleText>Application</TitleText></Heading><Section><Label>3</Label><Text>These Regulations apply to and in respect of the employment of persons in any working area associated with any ship in Canada or on any Canadian ship outside Canada.</Text></Section><Heading level="1"><TitleText>General</TitleText></Heading><Section><Label>4</Label><Text>Every employer shall</Text><Paragraph><Label>(a)</Label><Text>arrange that work in a working area is carried out in a manner that does not endanger the safety or health of any person employed in the work or in connection therewith;</Text></Paragraph><Paragraph><Label>(b)</Label><Text>adopt and carry out reasonable procedures and techniques designed or intended to prevent or reduce the risk of employment injury in the operation or carrying out of the work; and</Text></Paragraph><Paragraph><Label>(c)</Label><Text>without limiting the generality of paragraphs (a) and (b), arrange that the safe working practices set out in these Regulations will be complied with.</Text></Paragraph></Section><Section><Label>5</Label><Text>Every owner of any working area, structure, machinery or equipment used in the operation, maintenance or repair of a ship, or in the loading or unloading of a ship, shall ensure that the working area, structure, machinery or equipment is maintained in a safe condition and complies with these Regulations.</Text></Section><Section><Label>6</Label><Text>Every employer or owner shall ensure that a qualified person</Text><Paragraph><Label>(a)</Label><Text>is in charge in every working area; and</Text></Paragraph><Paragraph><Label>(b)</Label><Text>makes periodic inspections of every working area or structure and every item of machinery or equipment to ascertain that safe working conditions are maintained.</Text></Paragraph></Section><Section><Label>7</Label><Subsection><Label>(1)</Label><Text>Every person engaged in any employment to which these Regulations apply shall, in the course of his employment,</Text><Paragraph><Label>(a)</Label><Text>take all reasonable and necessary precautions to ensure his own safety and the safety of his fellow employees; and</Text></Paragraph><Paragraph><Label>(b)</Label><Text>at all appropriate times use such devices and wear such articles of clothing or equipment as are intended for his protection and furnished to him by his employer, or required pursuant to these Regulations to be used or worn by him.</Text></Paragraph></Subsection><Subsection><Label>(2)</Label><Text>Nothing in subsection (1) relieves an employer from any duty imposed upon him by section 4.</Text></Subsection></Section><Section><Label>8</Label><Subsection><Label>(1)</Label><Text>No person shall use any working area, structure, machinery or equipment for any purpose other than the purpose for which it is intended to be used.</Text></Subsection><Subsection><Label>(2)</Label><Text>No person shall use any structure, machinery or equipment that has been re-assembled after being dismantled, in whole or in part, until it has been examined by a qualified person and found to be in a safe condition.</Text></Subsection></Section><Section><Label>9</Label><Text>No person shall tamper with, or make ineffective, any safeguard or safety device that is intended to maintain the safe condition of any working area, structure, machinery or equipment.</Text></Section><Section><Label>10</Label><Text>No person shall cause an emergency exit to be obstructed or otherwise made ineffective.</Text></Section><Section><Label>11</Label><Subsection><Label>(1)</Label><Text>Any person who observes in a working area an unsafe condition or situation shall immediately report that condition or situation to the person in charge of the working area.</Text></Subsection><Subsection><Label>(2)</Label><Text>The correction of an unsafe condition or situation referred to in subsection (1) shall be made only by a qualified person.</Text></Subsection><Subsection><Label>(3)</Label><Text>Notwithstanding subsections (1) and (2), in an emergency any person may take whatever measures are necessary to prevent loss of human life or injury to persons.</Text></Subsection></Section><Section><Label>12</Label><Text>Where a person is employed in an isolated working area, the employer of that person shall make arrangements to verify at reasonable intervals that the person has not been involved in an accident in that working area.</Text></Section><Section><Label>13</Label><Text>Any person who becomes aware of an accident or an injury to a person in a working area shall immediately report the accident or injury to the person in charge of the working area.</Text></Section><Section><Label>14</Label><Text>No person shall be permitted in any working area whose ability to work is, in the opinion of the person in charge of the area, impaired by alcohol or a drug.</Text></Section><Section><Label>15</Label><Text>No person with a disability shall be assigned to any work of any kind when, owing to the nature or location of the work, the disability is likely to endanger that person or any other person.</Text></Section><Heading level="1"><TitleText>Lifting Appliances and other Equipment</TitleText></Heading><Section><Label>16</Label><Text>Any person operating any lifting appliance or powered mobile equipment in a working area shall</Text><Paragraph><Label>(a)</Label><Text>be a qualified person;</Text></Paragraph><Paragraph><Label>(b)</Label><Text>comply with the traffic laws applicable in the working area; and</Text></Paragraph><Paragraph><Label>(c)</Label><Text>comply with every notice and sign applicable to the operation of the appliance or equipment placed in the working area by the owner of the working area or by the employer of the operator of the appliance or equipment.</Text></Paragraph></Section><Section><Label>17</Label><Text>The owner of a lifting appliance shall ensure that a notice is permanently affixed to the appliance showing its safe working load.</Text></Section><Section><Label>18</Label><Text>No person shall be permitted on any part of any lifting appliance or power operated equipment while it is in operation except</Text><Paragraph><Label>(a)</Label><Text>where safe accommodation is available thereon for that person; or</Text></Paragraph><Paragraph><Label>(b)</Label><Text>where essential for the maintenance or repair of the appliance or equipment and safe access is provided for that person to perform such maintenance or repair.</Text></Paragraph></Section><Section><Label>19</Label><Subsection><Label>(1)</Label><Text>Mobile equipment shall be fitted with guards to protect the operator of the equipment from falling objects or shifting loads, unless the nature of the operation of the equipment makes the fitting of such guards impracticable.</Text></Subsection><Subsection><Label>(2)</Label><Text>No person shall leave mobile equipment unattended unless the equipment has been properly secured to prevent its movement.</Text></Subsection></Section><Section><Label>20</Label><Text>The moving parts of the machinery of power operated equipment shall be fitted with guards where such parts constitute a hazard.</Text></Section><Section><Label>21</Label><Text>Every deck of a ship, every wharf and every other elevated working area on which mobile equipment is used shall be fitted with guards that will prevent the equipment from falling over the sides of the working area.</Text></Section><Section><Label>22</Label><Subsection><Label>(1)</Label><Text>Every enclosed working area in which equipment powered by an internal combustion engine is used shall be ventilated to ensure that the carbon monoxide concentration in the atmosphere of the working area does not exceed 50 parts per million.</Text></Subsection><Subsection><Label>(2)</Label><Text>No person shall operate equipment powered by an internal combustion engine in an enclosed working area unless there is at least one other person in attendance at the entrance to that working area.</Text></Subsection></Section><Section><Label>23</Label><Subsection><Label>(1)</Label><Text>Subject to subsection (2), no person shall refuel equipment</Text><Paragraph><Label>(a)</Label><Text>in the hold of a ship;</Text></Paragraph><Paragraph><Label>(b)</Label><Text>when its engine is running; or</Text></Paragraph><Paragraph><Label>(c)</Label><Text>when there is any source of ignition in the vicinity of the equipment.</Text></Paragraph></Subsection><Subsection><Label>(2)</Label><Text>Equipment in a hold or an enclosed space of a ship may be refuelled if</Text><Paragraph><Label>(a)</Label><Text>only those persons engaged in the refuelling are in the hold or space;</Text></Paragraph><Paragraph><Label>(b)</Label><Text>one person in attendance has a suitable fire extinguisher ready for use;</Text></Paragraph><Paragraph><Label>(c)</Label><Text>only the minimum quantity of fuel needed to operate each unit is taken into the hold or space at one time;</Text></Paragraph><Paragraph><Label>(d)</Label><Text>in the case of liquefied gas, refuelling of the equipment is to be achieved only by the replacement of spent cylinders; and</Text></Paragraph><Paragraph><Label>(e)</Label><Text>fuel is not transferred into containers other than the fuel tank.</Text></Paragraph></Subsection></Section><Section><Label>24</Label><Text>Powered mobile equipment shall be fitted with</Text><Paragraph><Label>(a)</Label><Text>an effective audible warning device; and</Text></Paragraph><Paragraph><Label>(b)</Label><Text>sufficient lights to maintain safe working conditions when operated in darkness or a dimly lighted working area.</Text></Paragraph></Section><Heading level="1"><TitleText>Holds, Tanks and other Compartments</TitleText></Heading><Section><Label>25</Label><Subsection><Label>(1)</Label><Text>When not in use, every hatch or other opening that leads to a hold, tank or other compartment exceeding 1.5 m in depth shall be securely covered or fenced to a height of 900 mm unless the opening is fitted with a coaming of not less than 760 mm in height.</Text></Subsection><Subsection><Label>(2)</Label><Text>Every opening in a deck or tank top that leads to a hold, tank or other compartment not exceeding 1.5 m in depth shall be covered, fenced or marked in such manner as necessary to prevent loss of life or injury to persons.</Text></Subsection><HistoricalNote>SOR/79-632, s. 1.</HistoricalNote></Section><Section><Label>26</Label><Subsection><Label>(1)</Label><Text>Hatch beams, covers and plugs shall be permanently marked to indicate the deck, hatch and hatch section to which they belong, unless the interchangeability of the beams, covers or plugs makes the application of such markings unnecessary.</Text></Subsection><Subsection><Label>(2)</Label><Text>Where a hatch beam, cover or plug is marked as required by subsection (1), it shall only be fitted in the deck, hatch and hatch section as indicated by the markings thereon.</Text></Subsection></Section><Section><Label>27</Label><Subsection><Label>(1)</Label><Text>When a hatch beam, cover or plug is removed from a hatch it shall be placed clear of all working areas and securely stowed.</Text></Subsection><Subsection><Label>(2)</Label><Text>Any hatch beam, cover or plug that cannot be securely stowed between decks shall be taken to the upper deck, placed clear of all working areas and securely stowed.</Text></Subsection></Section><Section><Label>28</Label><Text>Any person who is between decks shall stand clear of an overhead opening when a hatch beam, cover or plug is being removed or replaced at the hatch.</Text></Section><Section><Label>29</Label><Text>A tarpaulin or similar hatch covering shall not be spread over a hatch opening unless all hatch beams, covers and plugs for the hatch are securely fitted in place.</Text></Section><Section><Label>30</Label><Subsection><Label>(1)</Label><Text>No person shall enter a pump room, cofferdam, ballast tank, oil tank or similar compartment unless he is wearing a breathing apparatus.</Text></Subsection><Subsection><Label>(2)</Label><Text>Subsection (1) does not apply</Text><Paragraph><Label>(a)</Label><Text>where a compartment referred to in subsection (1) has not contained a substance that vaporizes to produce a hazardous or dangerous gas and the compartment has been ventilated to the satisfaction of a qualified person, or</Text></Paragraph><Paragraph><Label>(b)</Label><Text>where the compartment has contained a substance that vaporizes to produce a hazardous or dangerous gas and the compartment has been gas freed and has, subsequently, been tested</Text><Subparagraph><Label>(i)</Label><Text>by a marine chemist, or</Text></Subparagraph><Subparagraph><Label>(ii)</Label><Text>where a marine chemist is not available, by a qualified person, trained in the use of gas testing equipment, who has at least three years experience of which a minimum of 150 working hours has been gained under proper supervision in the testing and inspection of tanks,</Text></Subparagraph><ContinuedParagraph><Text>and found safe for persons to enter and for the work to be performed therein.</Text></ContinuedParagraph></Paragraph></Subsection><Subsection><Label>(3)</Label><Text>A certificate or statement shall be completed for every compartment that has been ventilated or tested as required by subsection (2), and such certificate or statement shall</Text><Paragraph><Label>(a)</Label><Text>be available for the information of any person entering the compartment;</Text></Paragraph><Paragraph><Label>(b)</Label><Text>indicate</Text><Subparagraph><Label>(i)</Label><Text>the name of the ship in which the compartment is located,</Text></Subparagraph><Subparagraph><Label>(ii)</Label><Text>any special precaution that is to be observed, and</Text></Subparagraph><Subparagraph><Label>(iii)</Label><Text>any subsequent tests that are, in the opinion of the marine chemist or qualified person, required to maintain the safe condition of the compartment; and</Text></Subparagraph></Paragraph><Paragraph><Label>(c)</Label><Text>be signed by the person responsible for the ventilation or testing of the compartment.</Text></Paragraph></Subsection><Subsection><Label>(4)</Label><Text>Where a compartment has been ventilated or gas freed as required by subsection (2), effective ventilation shall be continued in order to maintain the safe condition for the period that persons are to be inside the compartment.</Text></Subsection><HistoricalNote>1987, c. 7, s. 84(F).</HistoricalNote></Section><Section><Label>31</Label><Subsection><Label>(1)</Label><Text>No person shall enter or remain in a cofferdam, ballast tank, oil tank or any similar compartment unless there is another person in attendance at the compartment entrance.</Text></Subsection><Subsection><Label>(2)</Label><Text>Every person who is in attendance at an entrance to a compartment referred to in subsection (1) shall, except where an emergency occurs with respect to the person inside the compartment, remain in attendance until the person inside leaves the compartment.</Text></Subsection></Section><Section><Label>32</Label><Text>Before a hold, tank or other compartment is sealed, the person in charge of the working area shall ascertain that no person is inside the compartment.</Text></Section><Heading level="1"><TitleText>Fire Prevention and Protection</TitleText></Heading><Section><Label>33</Label><Subsection><Label>(1)</Label><Text>In any working area where flammable gas, vapour or dust is present in the atmosphere, no person shall use</Text><Paragraph><Label>(a)</Label><Text>any electrical equipment or fittings that are not gas-tight; or</Text></Paragraph><Paragraph><Label>(b)</Label><Text>any equipment or materials that are spark-producing.</Text></Paragraph></Subsection><Subsection><Label>(2)</Label><Text>No person shall take spark-producing materials into a hold, tank or other compartment that contains flammable gas, vapour or dust.</Text></Subsection></Section><Section><Label>34</Label><Text>Whenever hot work is to be performed in a working area</Text><Paragraph><Label>(a)</Label><Text>a qualified person shall be assigned to patrol the working area and adjoining areas and maintain therein a fire protection watch for the duration of the work and for a period of 30 minutes thereafter; and</Text></Paragraph><Paragraph><Label>(b)</Label><Text>sufficient fire extinguishers shall be provided in the working area and adjoining areas.</Text></Paragraph></Section><Section><Label>35</Label><Text>Oxygen shall not be used</Text><Paragraph><Label>(a)</Label><Text>for ventilation purposes;</Text></Paragraph><Paragraph><Label>(b)</Label><Text>as a pressure testing medium;</Text></Paragraph><Paragraph><Label>(c)</Label><Text>to blow out pipelines;</Text></Paragraph><Paragraph><Label>(d)</Label><Text>to operate pneumatic equipment;</Text></Paragraph><Paragraph><Label>(e)</Label><Text>to start internal combustion engines; or</Text></Paragraph><Paragraph><Label>(f)</Label><Text>to clean working areas, equipment or other articles.</Text></Paragraph></Section><Section><Label>36</Label><Text>Every galley range and the exhaust hood and duct thereof shall be kept free from accumulated grease and other waste deposits.</Text></Section><Section><Label>37</Label><Subsection><Label>(1)</Label><Text>Space heaters shall not be fitted on board a ship without the permission of the owner of the ship.</Text></Subsection><Subsection><Label>(2)</Label><Text>When space heaters are fitted on board a ship, they shall be safely located and securely fastened in place.</Text></Subsection></Section><Section><Label>38</Label><Text>When a ship’s fire pumps are inoperative and the ship is in dry dock or moored alongside a wharf,</Text><Paragraph><Label>(a)</Label><Text>sufficient fire hydrants and hoses shall be available, adjacent to the ship, for use in extinguishing a fire on board the ship; or</Text></Paragraph><Paragraph><Label>(b)</Label><Text>a water supply, sufficient to fight a fire on board the ship, shall be connected to the ship’s fire main.</Text></Paragraph></Section><Section><Label>39</Label><Subsection><Label>(1)</Label><Text>Fire alarms, fire hydrants, sprinkler and smothering system control valves, fire extinguishers and other fire extinguishing equipment shall be accessible at all times.</Text></Subsection><Subsection><Label>(2)</Label><Text>Tools and fittings for use with fire hydrants and hoses or with sprinkler and smothering systems shall be located alongside the fire extinguishing equipment and secured by means of light chains or suitable fixtures.</Text></Subsection></Section><Section><Label>40</Label><Subsection><Label>(1)</Label><Text>Whenever a fire extinguisher is discharged or emptied, it shall be recharged as soon as possible and returned to its proper location.</Text></Subsection><Subsection><Label>(2)</Label><Text>When a fire extinguisher is removed from a ship for service or overhaul, an equivalent means of fire protection shall be provided for the area from which the extinguisher was taken.</Text></Subsection><Subsection><Label>(3)</Label><Text>This section does not apply in respect of a ship that is laid up when fire extinguishers have been emptied or removed and alternative arrangements have been made for fire protection.</Text></Subsection></Section><Section><Label>41</Label><Text>No person shall overhaul or repair a smothering gas system unless the gas bottles thereof have been disconnected or otherwise rendered inoperative.</Text></Section><Heading level="1"><TitleText>Hot Work Operations</TitleText></Heading><Section><Label>42</Label><Subsection><Label>(1)</Label><Text>Hot work shall not be performed in a working area</Text><Paragraph><Label>(a)</Label><Text>where inflammable gas, vapour or dust may be present in the atmosphere, unless the area has been freed of gas, tested by a marine chemist and found to be safe for that work to be performed therein;</Text></Paragraph><Paragraph><Label>(b)</Label><Text>where an explosive or inflammable substance may be present in the working area, unless a qualified person has ensured that adequate protection exists to permit that work to be safely performed therein; and</Text></Paragraph><Paragraph><Label>(c)</Label><Text>where the area is a tank that has previously contained petroleum or petroleum products, until the tank is found to be safe for the work to be performed therein by a qualified person who has had at least three years experience of which a minimum of 150 working hours has been gained under proper supervision in the testing and inspection of such tanks.</Text></Paragraph></Subsection><Subsection><Label>(2)</Label><Text>Where a marine chemist finds the atmosphere in a working area to be safe as described in paragraph (1)(a) or where a qualified person has ensured that adequate protection exists in a working area as described in paragraph (1)(b), he shall complete and sign a certificate or statement to that effect.</Text></Subsection><Subsection><Label>(3)</Label><Text>The certificate or statement referred to in subsection (2) shall</Text><Paragraph><Label>(a)</Label><Text>be available for the information of any person entering the working area; and</Text></Paragraph><Paragraph><Label>(b)</Label><Text>indicate</Text><Subparagraph><Label>(i)</Label><Text>the location of the working area,</Text></Subparagraph><Subparagraph><Label>(ii)</Label><Text>any special precaution that is to be observed, and</Text></Subparagraph><Subparagraph><Label>(iii)</Label><Text>any subsequent tests that are, in the opinion of the marine chemist or qualified person, required to maintain the safe condition.</Text></Subparagraph></Paragraph></Subsection><HistoricalNote>1987, c. 7, s. 84(F).</HistoricalNote></Section><Section><Label>43</Label><Text>When harmful fumes, gas or vapour are liable to be produced by hot work and to affect an enclosed working area,</Text><Paragraph><Label>(a)</Label><Text>the working area shall be well ventilated; or</Text></Paragraph><Paragraph><Label>(b)</Label><Text>any person in the working area shall wear a breathing apparatus.</Text></Paragraph></Section><Section><Label>44</Label><Text>Cables of electric welding equipment, and cylinders and pipes of gas welding or burning equipment, shall be placed clear of areas used for vehicles unless adequate protection for the cables, cylinders and pipes is provided.</Text></Section><Section><Label>45</Label><Text>Gas cylinders of welding and burning equipment shall be placed securely in an upright position when in use.</Text></Section><Section><Label>46</Label><Text>When equipment used for hot work is left unattended, the person in charge of the working area shall ensure that the equipment is in a safe condition.</Text></Section><Heading level="1"><TitleText>Scaffolding, Scaffolds and Stages</TitleText></Heading><Section><Label>47</Label><Text>Scaffolding, scaffolds and stages shall be constructed by qualified persons.</Text></Section><Section><Label>48</Label><Text>Scaffolding shall be placed on firm footings and where it is built on an uneven surface, substantial base plates shall be fitted to the scaffolding to maintain its stability.</Text></Section><Section><Label>49</Label><Subsection><Label>(1)</Label><Text>Subject to subsection (3), every scaffold shall</Text><Paragraph><Label>(a)</Label><Text>be made with planks that</Text><Subparagraph><Label>(i)</Label><Text>are not less than 50 mm thick by 250 mm wide,</Text></Subparagraph><Subparagraph><Label>(ii)</Label><Text>are supported not less than 150 mm and not more than 300 mm from each end by plank supports spaced not more than 3 m apart, and</Text></Subparagraph><Subparagraph><Label>(iii)</Label><Text>are of the same thickness;</Text></Subparagraph></Paragraph><Paragraph><Label>(b)</Label><Text>have no significant openings between adjoining planks;</Text></Paragraph><Paragraph><Label>(c)</Label><Text>have a width of not less than 500 mm;</Text></Paragraph><Paragraph><Label>(d)</Label><Text>have a flat and horizontal working surface; and</Text></Paragraph><Paragraph><Label>(e)</Label><Text>be fitted with guard rails at a height of 900 mm above the scaffold except on the side thereof where the work to be performed would be hindered by the guard rails.</Text></Paragraph></Subsection><Subsection><Label>(2)</Label><Text>A safe means of access, secured to prevent its accidental movement, shall be provided to and from the working level of every scaffold.</Text></Subsection><Subsection><Label>(3)</Label><Text>A scaffold may be constructed of materials other than wood if the strength and safety features of the scaffold when so constructed are not less than those of a wooden scaffold.</Text></Subsection><HistoricalNote>SOR/79-632, s. 2.</HistoricalNote></Section><Section><Label>50</Label><Text>Subject to section 51, every stage shall be made with planks that are, in the opinion of a qualified person having regard to the distance between the plank supports, of sufficient strength to carry the load the stage is intended to support.</Text></Section><Section><Label>51</Label><Subsection><Label>(1)</Label><Text>Every stage shall</Text><Paragraph><Label>(a)</Label><Text>be made with planks that are not less than 50 mm thick by 250 mm wide;</Text></Paragraph><Paragraph><Label>(b)</Label><Text>be not more than 3.6 m in length where the stage is made of planks not more than 50 mm thick;</Text></Paragraph><Paragraph><Label>(c)</Label><Text>have a flat and horizontal working surface;</Text></Paragraph><Paragraph><Label>(d)</Label><Text>be fitted with guard lines, where the stage is to be used at a height greater than 3 m; and</Text></Paragraph><Paragraph><Label>(e)</Label><Text>be fitted with effective means for holding the stage away from the working area.</Text></Paragraph></Subsection><Subsection><Label>(2)</Label><Text>Where a stage is more than one plank in width,</Text><Paragraph><Label>(a)</Label><Text>the planks shall be of the same thickness;</Text></Paragraph><Paragraph><Label>(b)</Label><Text>there shall be no significant openings between adjoining planks; and</Text></Paragraph><Paragraph><Label>(c)</Label><Text>the planks shall be secured together on the underside with cleats not less than 25 mm thick and 150 mm wide that are securely nailed to the planks and spaced at intervals of not more than 1.2 m.</Text></Paragraph></Subsection><Subsection><Label>(3)</Label><Text>Stage supports shall be placed not less than 150 mm and not more than 300 mm from the plank ends.</Text></Subsection><HistoricalNote>SOR/79-632, s. 3.</HistoricalNote></Section><Section><Label>52</Label><Text>The supports and ropes or tackle carrying a stage shall have a factor of safety of not less than six.</Text></Section><Section><Label>53</Label><Text>Every person who is required to work on a stage at a height greater than 3 m shall wear a safety belt fitted with a safety line that is rigged to a life line so as to limit the free fall of a person from the stage to not more than 1.2 m.</Text><HistoricalNote>SOR/79-632, s. 4.</HistoricalNote></Section><Heading level="1"><TitleText>Ladders and Gangways</TitleText></Heading><Section><Label>54</Label><Subsection><Label>(1)</Label><Text>Every access ladder or gangway between a ship and the shore or between one ship and another ship shall provide a safe means of access between the ship and shore or between the ships, as the case may be.</Text></Subsection><Subsection><Label>(2)</Label><Text>Every ship that is in dry dock or moored alongside a wharf or other ship shall be fitted with at least one access ladder or gangway that, in the opinion of a qualified person, complies with subsection (1).</Text></Subsection><Subsection><Label>(3)</Label><Text>Where an access ladder or gangway leads to a location on board a ship at a height of more than 1 m above the deck, safe access to the deck shall be provided by means of a series of steps or some similar structure.</Text></Subsection><Subsection><Label>(4)</Label><Text>Where a bulwark ladder is used to provide the safe access to the deck of a ship required by subsection (3), it shall be firmly secured to the bulwark so as to prevent its shifting, slipping or pivoting and shall be equipped with two handhold stanchions</Text><Paragraph><Label>(a)</Label><Text>each not less than 40 mm in diameter;</Text></Paragraph><Paragraph><Label>(b)</Label><Text>each extending not less than 1.2 m above the top of the bulwark;</Text></Paragraph><Paragraph><Label>(c)</Label><Text>fitted at the point of boarding or leaving the ship not less than 0.7 m and not more than 0.8 m apart; and</Text></Paragraph><Paragraph><Label>(d)</Label><Text>firmly secured to the ship’s structure at or near the base of the ladder and at a higher point.</Text></Paragraph></Subsection><HistoricalNote>SOR/78-480, s. 1; SOR/79-632, s. 5.</HistoricalNote></Section><Section><Label>55</Label><Subsection><Label>(1)</Label><Text>Every access ladder and gangway shall</Text><Paragraph><Label>(a)</Label><Text>be maintained in a safe condition;</Text></Paragraph><Paragraph><Label>(b)</Label><Text>be secured to prevent its shifting and slipping;</Text></Paragraph><Paragraph><Label>(c)</Label><Text>be suitably rigged and maintained to compensate for the movement of the ship;</Text></Paragraph><Paragraph><Label>(d)</Label><Text>be adequately lighted; and</Text></Paragraph><Paragraph><Label>(e)</Label><Text>have a lifebuoy with line, strategically placed and ready for immediate use.</Text></Paragraph></Subsection><Subsection><Label>(2)</Label><Text>When an access ladder is being used by a person to board or disembark from a ship, at least one end of the ladder shall be fastened securely and, if necessary to ensure safety, a person, other than a person engaged in manoeuvring the ship, shall be stationed at the ladder to assist the person using it.</Text></Subsection></Section><Section><Label>56</Label><Subsection><Label>(1)</Label><Text>Safety nets shall be fitted under every part of an access ladder and gangway except where, in the opinion of a qualified person,</Text><Paragraph><Label>(a)</Label><Text>the ladder or gangway and the approaches thereto are constructed in a manner that makes the fitting of a safety net unnecessary; or</Text></Paragraph><Paragraph><Label>(b)</Label><Text>the fitting of a safety net is impracticable.</Text></Paragraph></Subsection><Subsection><Label>(2)</Label><Text>Safety nets shall</Text><Paragraph><Label>(a)</Label><Text>extend on both sides of an access ladder or a gangway for a distance of 1.8 m; and</Text></Paragraph><Paragraph><Label>(b)</Label><Text>be kept taut at all times.</Text></Paragraph></Subsection><HistoricalNote>SOR/79-632, s. 6.</HistoricalNote></Section><Section><Label>57</Label><Text>Where a platform is provided at the bottom of an access ladder or gangway, the platform shall be flat and horizontal.</Text></Section><Section><Label>58</Label><Text>Every Jacob’s ladder shall be of sufficient length to reach the intended landing point and the means of attachment thereof to the ship shall be effective and maintained in a safe and good condition.</Text></Section><Section><Label>59</Label><Text>Every portable ladder shall be maintained in a safe and good condition and shall be secured to prevent its shifting and slipping when in use.</Text></Section><Section><Label>60</Label><Text>Every ladder, whether portable or permanently secured, shall be positioned in such a manner that it is not necessary for a person to use the underside of the ladder.</Text></Section><Heading level="1"><TitleText>Electrical</TitleText></Heading><Section><Label>61</Label><Text>No person other than a qualified person shall work on the installation, maintenance and repair of electrical equipment.</Text></Section><Section><Label>62</Label><Text>The person in charge of a working area in which work is being performed on electrical equipment that is isolated from its power supply shall, where the power supply could be accidentally reconnected to the electrical equipment, ensure that</Text><Paragraph><Label>(a)</Label><Text>locking devices are fitted to the circuit breakers or control switches for the isolated electrical equipment;</Text></Paragraph><Paragraph><Label>(b)</Label><Text>a person is in attendance at the position where the electrical equipment is isolated;</Text></Paragraph><Paragraph><Label>(c)</Label><Text>effective warning notices are placed at the position where the electrical equipment is isolated; or</Text></Paragraph><Paragraph><Label>(d)</Label><Text>when fuses are removed to isolate electrical equipment, the fuses are kept in the possession of a qualified person.</Text></Paragraph></Section><Section><Label>63</Label><Text>No person shall work on an electrical circuit that has not been isolated from the power supply unless he is protected by a rubber mat, rubber boots, rubber gloves or insulated tools or any combination thereof.</Text></Section><Section><Label>64</Label><Text>Defective electrical equipment shall be disconnected from its power supply by a means other than the control switch, and notices shall be placed on the equipment and at the control switch to indicate that the equipment is defective.</Text></Section><Section><Label>65</Label><Subsection><Label>(1)</Label><Text>Electrical fuses shall be of the correct ampere rating and fault capacity rating for the circuit in which they are installed.</Text></Subsection><Subsection><Label>(2)</Label><Text>No person shall replace missing or burnt-out fuses without the permission of a qualified person.</Text></Subsection></Section><Section><Label>66</Label><Text>Control switches for all electrically operated machinery shall clearly indicate the “ON” and “OFF” switch positions.</Text></Section><Section><Label>67</Label><Text>Where necessary, electrical equipment shall be grounded and all electrical connections shall be properly insulated or covered to protect persons from electrical shock.</Text></Section><Section><Label>68</Label><Subsection><Label>(1)</Label><Text>Grounded electrical equipment and appliances shall be used only when connected into a matching grounded electrical outlet fitting.</Text></Subsection><Subsection><Label>(2)</Label><Text>A three wire power supply cable on electrical equipment or appliances shall not be altered or changed for the purpose of using the equipment or appliances on a two wire power supply.</Text></Subsection></Section><Section><Label>69</Label><Text>Power supply cables for portable electrical equipment shall be placed clear of areas used for vehicles unless adequate protection for the cables is provided.</Text></Section><Section><Label>70</Label><Text>Electrical appliances and tools shall be constructed and used in accordance with the Canadian Standards Association specifications or with any other specifications acceptable to the Board.</Text></Section><Heading level="1"><TitleText>Personal Protective Equipment</TitleText></Heading><Section><Label>71</Label><Text>The personal protective equipment referred to in sections 72 to 74 shall comply with the Canadian Standards Association specifications for that equipment or, where a higher standard is required by a provincial authority having jurisdiction over the use of that equipment, the higher standard required by that authority.</Text></Section><Section><Label>72</Label><Text>Every person employed in an area where there is danger of injury to the feet from falling or moving objects shall wear safety shoes or boots, which shall be made available by his employer.</Text></Section><Section><Label>73</Label><Text>Every person employed in an area where there is danger of injury to the head from falling or moving objects shall wear a safety hat or helmet fitted with a chin strap.</Text></Section><Section><Label>74</Label><Text>Every person shall wear a buoyancy aid that is not dependent upon manual control to produce its buoyancy when</Text><Paragraph><Label>(a)</Label><Text>required to work over water; or</Text></Paragraph><Paragraph><Label>(b)</Label><Text>transferring between a ship and a tow.</Text></Paragraph></Section><Section><Label>75</Label><Text>Except as provided in section 74, every person shall wear a life jacket</Text><Paragraph><Label>(a)</Label><Text>when crossing between a ship and the shore during the berthing or docking of the ship; and</Text></Paragraph><Paragraph><Label>(b)</Label><Text>when crossing between one ship and another ship, where one or both of the ships are not moored.</Text></Paragraph></Section><Section><Label>76</Label><Text>Every person who is required to work on unmanned barges shall have two strips of reflective tape, each of which is not less than 19 mm wide by 230 mm long, attached to both front and back of his exterior jacket or coat when darkness or a dimly lighted condition exists in the working area.</Text><HistoricalNote>SOR/79-632, s. 7.</HistoricalNote></Section><Section><Label>77</Label><Subsection><Label>(1)</Label><Text>A person employed in welding or burning operations shall wear eye protection designed to protect his eyes from the glare of the operations.</Text></Subsection><Subsection><Label>(2)</Label><Text>A person employed in rivetting, drilling, grinding or chipping operations shall wear eye protection designed to protect his eyes from flying particles.</Text></Subsection><Subsection><Label>(3)</Label><Text>Every person exposed to a threat of danger to his eyes from flying grit, chips or excessive heat or light shall wear suitable eye protection.</Text></Subsection></Section><Section><Label>78</Label><Text>Every employer shall provide the appropriate protective clothing and respiratory equipment to an employee required to work with a substance or in an atmosphere that may adversely affect the employee’s health.</Text></Section><Section><Label>79</Label><Text>Every person who is required to work at a height greater than 3 m, on a mast or at the edge of any other structure that is not provided with guard rails, shall wear a safety belt fitted with a safety line that is rigged so as to limit the free fall of a person to not more than 1.2 m.</Text><HistoricalNote>SOR/79-632, s. 8.</HistoricalNote></Section><Section><Label>80</Label><Subsection><Label>(1)</Label><Text>Safety belts, safety lines and life lines shall be of sufficient strength to support a load of 1 134 kg</Text></Subsection><Subsection><Label>(2)</Label><Text>Where a safety line or life line is subject to chafing, it shall be made of wire rope or wire core fibre rope.</Text></Subsection><HistoricalNote>SOR/79-632, s. 9.</HistoricalNote></Section><Heading level="1"><TitleText>Pressure Vessels</TitleText></Heading><Section><Label>81</Label><Subsection><Label>(1)</Label><Text>No person shall enter or remain in a boiler unless</Text><Paragraph><Label>(a)</Label><Text>a qualified person has ascertained that the boiler is isolated from every other steaming boiler; and</Text></Paragraph><Paragraph><Label>(b)</Label><Text>there is another person in attendance at a manhole opening of the boiler.</Text></Paragraph></Subsection><Subsection><Label>(2)</Label><Text>The qualified person referred to in paragraph (1)(a) shall ensure that</Text><Paragraph><Label>(a)</Label><Text>locking devices are fitted to the boiler isolating valves;</Text></Paragraph><Paragraph><Label>(b)</Label><Text>a person is in attendance at the position where the boiler is isolated;</Text></Paragraph><Paragraph><Label>(c)</Label><Text>effective warning notices are placed at the position where the boiler is isolated; or</Text></Paragraph><Paragraph><Label>(d)</Label><Text>blank flanges are fitted between the boiler and every other steaming boiler.</Text></Paragraph></Subsection><Subsection><Label>(3)</Label><Text>Every person who is in attendance at a manhole opening of a boiler shall, except where an emergency occurs with respect to the person inside the boiler, remain in attendance until the person inside leaves the boiler.</Text></Subsection><Subsection><Label>(4)</Label><Text>No person shall enter the furnace side of any boiler that contains</Text><Paragraph><Label>(a)</Label><Text>hot water at a temperature in excess of 55°C; or</Text></Paragraph><Paragraph><Label>(b)</Label><Text>steam under pressure.</Text></Paragraph></Subsection><HistoricalNote>SOR/79-632, s. 10.</HistoricalNote></Section><Section><Label>82</Label><Text>Before a pressure vessel is sealed, the person in charge of the working area in which the pressure vessel is located shall ascertain that no person is inside the pressure vessel.</Text></Section><Section><Label>83</Label><Text>When manhole covers are to be removed from a boiler, the uppermost manhole cover shall be removed first.</Text></Section><Section><Label>84</Label><Subsection><Label>(1)</Label><Text>Subject to subsection (2), no person, other than a person appointed by an authority acceptable to the Board, shall alter or deal with a safety or relief valve of a boiler or other pressure vessel.</Text></Subsection><Subsection><Label>(2)</Label><Text>A qualified person may</Text><Paragraph><Label>(a)</Label><Text>in a case of emergency, adjust a valve referred to in subsection (1); and</Text></Paragraph><Paragraph><Label>(b)</Label><Text>overhaul a valve referred to in subsection (1), prior to its inspection by a person appointed by an authority acceptable to the Board.</Text></Paragraph></Subsection></Section><Heading level="1"><TitleText>General Requirements and Working Practices</TitleText></Heading><Section><Label>85</Label><Text>Every person in charge of a working area that is in darkness or in which a dimly lighted condition exists shall ensure that portable lights are provided to any person required to enter that working area.</Text></Section><Section><Label>86</Label><Text>Every person on board a towed ship for the purpose of handling the mooring lines of that ship shall maintain visible or audible contact with the operator of the towing ship either directly or with the assistance of other persons.</Text></Section><Section><Label>87</Label><Subsection><Label>(1)</Label><Text>Subject to subsection (2), no person shall use as a walkway the top of any rail car that is being carried on a barge.</Text></Subsection><Subsection><Label>(2)</Label><Text>A person may ascend to the top of any rail car that is being carried on a barge and proceed along the top of that rail car for the purpose of placing or attending to navigation lights.</Text></Subsection></Section><Section><Label>88</Label><Text>No person shall, while a ship is underway, go over the side of the ship to carry out routine maintenance thereof.</Text></Section><Section><Label>89</Label><Text>No person shall go between a ship’s side and a dock facing or between one ship and another ship, unless there is an adequate fender secured to the ship’s side or the dock facing, or to the side of one of the ships, as the case may be.</Text></Section><Section><Label>90</Label><Subsection><Label>(1)</Label><Text>No person shall</Text><Paragraph><Label>(a)</Label><Text>manually lift or carry, or</Text></Paragraph><Paragraph><Label>(b)</Label><Text>require any other person to manually lift or carry</Text></Paragraph><ContinuedSectionSubsection><Text>a weight that is likely to jeopardize the health or safety of any person.</Text></ContinuedSectionSubsection></Subsection><Subsection><Label>(2)</Label><Text>No person shall handle, except by mechanical means, any material or object, the shape, size, toxicity or other characteristic of which is likely to jeopardize his health or safety.</Text></Subsection></Section><Heading level="1"><TitleText>Enforcement</TitleText></Heading><Section><Label>91</Label><Text>The Minister of Transport may designate as an inspector any person in the public service of Canada who, in his opinion, is qualified to be so designated.</Text></Section><Section><Label>92</Label><Subsection><Label>(1)</Label><Text>An inspector may at any reasonable time go on board any ship, visit any working area, or examine any structure, machinery or equipment, in or in respect of which he has reason to believe that any provision of these Regulations has been contravened.</Text></Subsection><Subsection><Label>(2)</Label><Text>Where</Text><Paragraph><Label>(a)</Label><Text>the owner of any working area, structure, machinery or equipment,</Text></Paragraph><Paragraph><Label>(b)</Label><Text>any person employed in the operation, maintenance or repair of a ship, or in the loading or unloading of a ship, or</Text></Paragraph><Paragraph><Label>(c)</Label><Text>an officer of an organization that represents the owner or a person described in paragraph (b),</Text></Paragraph><ContinuedSectionSubsection><Text>complains that a contravention of these Regulations has taken place, an inspector shall investigate the circumstances giving rise to the complaint.</Text></ContinuedSectionSubsection></Subsection><Subsection><Label>(3)</Label><Text>Every complaint described in subsection (2), shall, where required by an inspector, be made in writing and signed by the person making the complaint.</Text></Subsection><Subsection><Label>(4)</Label><Text>Where an investigation is made pursuant to this section, any person in possession of any records relating to a ship or any working area, structure, machinery or equipment, shall, when requested to do so by an inspector, produce such records and furnish a true copy thereof.</Text></Subsection><Subsection><Label>(5)</Label><Text>No person shall obstruct or hinder an inspector in the exercise of his powers or the carrying out of his duties under these Regulations.</Text></Subsection><Subsection><Label>(6)</Label><Text>Any person, when requested to do so by an inspector, shall give the inspector all reasonable assistance in his power to enable the inspector to carry out his duties under this section and shall furnish the inspector with such information as he may reasonably require.</Text></Subsection></Section></Body></Regulation>