﻿<?xml version="1.0" encoding="utf-8"?><!DOCTYPE Regulation PUBLIC "-//Justice Canada//DTD Regulation v1.2.2//EN" "Dtd/Regulations/Version_1.2.2/regulation.dtd"><Regulation regulation-type="SOR" xml:lang="en"><Identification><InstrumentNumber>C.R.C., c. 212</InstrumentNumber><ConsolidationDate><Date><YYYY>2018</YYYY><MM>07</MM><DD>06</DD></Date></ConsolidationDate><LastModifiedDate><Date><YYYY>2005</YYYY><MM>05</MM><DD>30</DD></Date></LastModifiedDate><EnablingAuthority><XRefExternal reference-type="act">AGRICULTURAL PRODUCTS MARKETING ACT</XRefExternal></EnablingAuthority><ShortTitle>Ontario Greenhouse Vegetable Handling (Interprovincial and Export) Regulations</ShortTitle><LongTitle>Regulations Respecting the Handling and Shipping in Interprovincial and Export Trade of Greenhouse Vegetables Produced in Ontario</LongTitle></Identification><Body><Heading level="1"><TitleText>Short Title</TitleText></Heading><Section><Label>1</Label><Text>These Regulations may be cited as the <XRefExternal reference-type="regulation">Ontario Greenhouse Vegetable Handling (Interprovincial and Export) Regulations.</XRefExternal></Text></Section><Heading level="1"><TitleText>Interpretation</TitleText></Heading><Section><Label>2</Label><Text>In these Regulations,</Text><Definition generate-in-text="no"><Text><DefinedTermEn>Commodity Board</DefinedTermEn> means The Ontario Greenhouse Vegetable Producers’ Marketing Board; (<DefinedTermFr>Office de commercialisation</DefinedTermFr>)</Text></Definition><Definition generate-in-text="no"><Text><DefinedTermEn>greenhouse vegetables</DefinedTermEn> means tomatoes, cucumbers and lettuce produced in the Province of Ontario in a greenhouse or any other enclosure under glass, plastic or other material used for the purpose of controlling temperature and providing protection for growing plants; (<DefinedTermFr>légumes de serre</DefinedTermFr>)</Text></Definition><Definition generate-in-text="no"><Text><DefinedTermEn>producer</DefinedTermEn> means a person engaged in the production of greenhouse vegetables; (<DefinedTermFr>producteur</DefinedTermFr>)</Text></Definition><Definition generate-in-text="no"><Text><DefinedTermEn>product</DefinedTermEn> means any quantity of greenhouse vegetables; (<DefinedTermFr>produit</DefinedTermFr>)</Text></Definition><Definition generate-in-text="no"><Text><DefinedTermEn>shipper</DefinedTermEn> means any person who offers for sale, sells, receives, assembles, packs, ships for sale or transports a product but does not include</Text><Paragraph><Label>(a)</Label><Text>a servant employed by and driving a vehicle owned by a producer or a shipper,</Text></Paragraph><Paragraph><Label>(b)</Label><Text>a railway company, or</Text></Paragraph><Paragraph><Label>(c)</Label><Text>a person who transports the product by motor vehicle as agent of the producer. (<DefinedTermFr>expéditeur</DefinedTermFr>)</Text></Paragraph></Definition></Section><Heading level="1"><TitleText>Application</TitleText></Heading><Section><Label>3</Label><Text>These Regulations apply only to the marketing of a product in interprovincial and export trade and to persons and property situated in the Province of Ontario.</Text></Section><Heading level="1"><TitleText>Handling</TitleText></Heading><Section><Label>4</Label><Subsection><Label>(1)</Label><Text>No producer shall deliver to a shipper a product that does not comply with the grades established by the <XRefExternal reference-type="act">Canada Agricultural Products Standards Act</XRefExternal>.</Text></Subsection><Subsection><Label>(2)</Label><Text>No shipper shall accept delivery of a product that does not comply with the grades established by the <XRefExternal reference-type="act">Canada Agricultural Products Standards Act</XRefExternal>.</Text></Subsection><Subsection><Label>(3)</Label><Text>Every person packing a product shall mark all containers as required by the <XRefExternal reference-type="act">Farm Products Grades and Sales Act</XRefExternal> of Ontario and the regulations made thereunder.</Text></Subsection></Section><Section><Label>5</Label><Text>Every shipper shall be responsible for making an inspection of a product received by him to insure that the product complies with the provisions of section 4.</Text></Section><Heading level="1"><TitleText>Cooling</TitleText></Heading><Section><Label>6</Label><Subsection><Label>(1)</Label><Text>Every shipper shall cool a product received by him and not shipped on the day of receipt to a temperature between 13 and 18 degrees Celsius within 12 hours of receipt of the product.</Text></Subsection><Subsection><Label>(2)</Label><Text>Every shipper shipping a product in a railway car shall load the product in accordance with the loading and refrigeration instructions recommended by the railway company and required for the safe arrival of the product at its destination.</Text></Subsection><Subsection><Label>(3)</Label><Text>Every shipper transporting or shipping a product by means of a motor vehicle to a destination beyond a radius of 100 miles shall keep such product at a temperature between 13 and 18 degrees Celsius until the safe arrival of the product at its destination.</Text></Subsection></Section><Heading level="1"><TitleText>Shipping</TitleText></Heading><Section><Label>7</Label><Text>Every shipper shall ship each variety of a product received by him in the order in which the variety is received.</Text></Section><Heading level="1"><TitleText>Delivery</TitleText></Heading><Section><Label>8</Label><Subsection><Label>(1)</Label><Text>Every shipper shall, upon the written direction of the Commodity Board, deliver to any other shipper designated in that direction such quantity of the product in his possession at the time he receives the direction as is specified in the direction.</Text></Subsection><Subsection><Label>(2)</Label><Text>Where a product is delivered by a shipper to another shipper pursuant to the direction set out in subsection (1), the shipper’s remuneration shall be divided between the shipper who delivered the product and the shipper who received the product as determined by the Commodity Board.</Text></Subsection></Section><Heading level="1"><TitleText>Inspection</TitleText></Heading><Section><Label>9</Label><Text>The platform and storage facilities of every shipper and the records of every shipment of a product shall be available for inspection by authorized representatives of the Commodity Board during normal business hours.</Text></Section></Body></Regulation>