﻿<?xml version="1.0" encoding="utf-8"?><!DOCTYPE Regulation PUBLIC "-//Justice Canada//DTD Regulation v1.2.2//EN" "Dtd/Regulations/Version_1.2.2/regulation.dtd"><Regulation gazette-part="II" regulation-type="SOR" xml:lang="en"><Identification><InstrumentNumber>C.R.C., c. 112</InstrumentNumber><ConsolidationDate><Date><YYYY>2018</YYYY><MM>07</MM><DD>06</DD></Date></ConsolidationDate><LastModifiedDate><Date><YYYY>2012</YYYY><MM>3</MM><DD>8</DD></Date></LastModifiedDate><EnablingAuthority><XRefExternal reference-type="act">AERONAUTICS ACT</XRefExternal></EnablingAuthority><ShortTitle>St. Johns (Quebec) Airport Zoning Regulations</ShortTitle><LongTitle>Regulations Respecting Zoning at St. Johns (Quebec) Airport</LongTitle></Identification><Body><Heading level="1"><TitleText>Short Title</TitleText></Heading><Section><Label>1</Label><Text>These Regulations may be cited as the <XRefExternal reference-type="regulation">St. Johns (Quebec) Airport Zoning Regulations</XRefExternal>.</Text></Section><Heading level="1"><TitleText>Interpretation</TitleText></Heading><Section><Label>2</Label><Text>In these Regulations,</Text><Definition generate-in-text="no"><Text><DefinedTermEn>airport</DefinedTermEn> means St. Johns Airport, in the town of St-Jean, in the parish of St-Jean, County of St-Jean, in the Province of Quebec; (<DefinedTermFr>aéroport</DefinedTermFr>)</Text></Definition><Definition generate-in-text="no"><Text><DefinedTermEn>airport reference point</DefinedTermEn> means the point described in Part I of the schedule; (<DefinedTermFr>point de repère de l’aéroport</DefinedTermFr>)</Text></Definition><Definition generate-in-text="no"><Text><DefinedTermEn>approach surface</DefinedTermEn> means an imaginary inclined plane extending upward and outward from each end of a strip along and at right angles to the projected centre line thereof, which approach surface is more particularly described in Part III of the schedule; (<DefinedTermFr>surface d’approche</DefinedTermFr>)</Text></Definition><Definition generate-in-text="no"><Text><DefinedTermEn>horizontal surface</DefinedTermEn> means an imaginary surface located above and in the immediate vicinity of the airport, which horizontal surface is more particularly described in Part IV of the schedule; (<DefinedTermFr>surface horizontale</DefinedTermFr>)</Text></Definition><Definition generate-in-text="no"><Text><DefinedTermEn>Minister</DefinedTermEn><Repealed>[Revoked, SOR/93-401, s. 2]</Repealed></Text></Definition><Definition generate-in-text="no"><Text><DefinedTermEn>strip</DefinedTermEn> means a rectangular portion of the landing area of the airport including the runway prepared for the take-off and landing of aircraft in a particular direction, which strip is more particularly described in Part V of the schedule; (<DefinedTermFr>bande</DefinedTermFr>)</Text></Definition><Definition generate-in-text="no"><Text><DefinedTermEn>transitional surface</DefinedTermEn> means an imaginary inclined plane extending upward from the lateral limits of a strip and its approach surfaces, which transitional surface is more particularly described in Part VI of the schedule. (<DefinedTermFr>surface de transition</DefinedTermFr>)</Text></Definition><HistoricalNote>SOR/93-401, s. 2.</HistoricalNote></Section><Section><Label>3</Label><Text>For the purposes of these Regulations, the airport reference point is deemed to be 126 feet above sea level.</Text></Section><Heading level="1"><TitleText>Application</TitleText></Heading><Section><Label>4</Label><Subsection><Label>(1)</Label><Text>Subject to subsection (2), these Regulations apply to all the lands adjacent to or in the vicinity of the airport, including public road allowances and part of the Richelieu River, the outer limits of which are described in Part II of the schedule.</Text></Subsection><Subsection><Label>(2)</Label><Text>These Regulations do not apply to such of those lands, the outer limits of which are described in item 1 of Part II of the schedule, as form part of the airport from time to time.</Text></Subsection></Section><Heading level="1"><TitleText>General</TitleText></Heading><Section><Label>5</Label><Text>No person shall erect or construct, on any land or any land under water to which these Regulations apply, any building, structure or object or any addition to any existing building, structure or object, the highest point of which will exceed in elevation at that point any of the surfaces hereinafter set out that project immediately over and above the surface of the land at that location, namely,</Text><Paragraph><Label>(a)</Label><Text>the approach surfaces;</Text></Paragraph><Paragraph><Label>(b)</Label><Text>the horizontal surface; or</Text></Paragraph><Paragraph><Label>(c)</Label><Text>the transitional surfaces.</Text></Paragraph></Section></Body><Schedule bilingual="no" spanlanguages="no"><ScheduleFormHeading><Label>SCHEDULE</Label><OriginatingRef>(Sections 2 and 4)</OriginatingRef></ScheduleFormHeading><Heading level="1"><Label>PART I</Label><TitleText>Airport Reference Point</TitleText></Heading><Provision format-ref="indent-0-0" language-align="yes" list-item="no"><Text>Premising that the bearings hereinafter mentioned are astronomical and are referred to the centre line of strip 11-29, St. Johns Airport, St-Jean, Province of Quebec, as South 89°48′ E.</Text></Provision><Provision format-ref="indent-0-0" language-align="yes" list-item="no"><Text>BEGINNING at the intersection of the centre line of strip 11-29 with the centre line of strip 06-24; THENCE, South 89°48′ East along the centre line of strip 11-29, a distance of nine hundred and fifty (950) feet to a point; THENCE, at right angle in a general Northerly direction, a distance of five hundred (500) feet to the airport reference point, said airport reference point being also two thousand nine hundred sixty-five feet and seven tenths (2,965.7) measured along a line having bearing of North 54°44′ East from a point at the intersection of the lot line between lots 117 and 118, Parish of St-Jean, and the Easterly boundary of a public road (Chemin du Grand Bernier).</Text></Provision><Heading level="1"><Label>PART II</Label><TitleText>Description of Outer Limits of Lands</TitleText></Heading><Provision format-ref="indent-0-0" language-align="yes" list-item="no"><Label>1</Label><Text>ALL AND SINGULAR those certain parcels or tracts of land and premises comprising all of the town of St-Jean and part of the Parishes of Ste-Marguerite de Blairfindie, St-Jean and St-Luc, Registration Division of St-Jean, County of St-Jean, Province of Quebec and being more particularly described as follows:</Text><Provision format-ref="indent-1-1" language-align="yes" list-item="no"><Text>COMMENCING at the intersection of the waters’ edge of Richelieu River with the lot line between lots 42 and 43, Parish of St-Jean; THENCE, following the lot line between lots 42 and 43, Parish of St-Jean, passing through Highway No. 9b and a railroad being part of lot 235, Parish of St-Jean, in a general Westerly direction to its intersection with the Easterly boundary of lot 136, Parish of St-Jean; THENCE following the last-mentioned boundary, in a general Southerly direction to its intersection with the lot line between lots 136 and 137, Parish of St-Jean; THENCE, following the last-mentioned lot line, passing through a public road (Chemin du Grand Bernier), in a general Westerly direction to the Southeasterly corner of lot 188, Parish of St-Jean; THENCE, following the Easterly boundary of lot 188, Parish of St-Jean, in a general Northerly direction, to its intersection with the lot line between lots 188 and 189, Parish of St-Jean; THENCE, following the last-mentioned lot line, in a general Westerly direction to its intersection with the Easterly boundary of a public road; THENCE, following the last-mentioned boundary, in a general Northerly direction to its intersection with the lot line between lots 190 and 191, Parish of St-Jean; THENCE, following the last-mentioned lot line, passing through a public road, in a general Westerly direction to its intersection with the Parish line between the Parishes of St-Jean and Ste-Marguerite de Blairfindie; THENCE, following the last-mentioned parish line, in a general Northerly direction to its intersection with the lot line between lots 118 and 119, Parish of Ste-Marguerite de Blairfindie; THENCE, following the last-mentioned lot line, in a general Westerly direction to its intersection with the Easterly boundary of a public road; THENCE, following the last-mentioned boundary, in a general Northeasterly direction, to its intersection with the lot line between lots 120 and 121, Parish of Ste-Marguerite de Blairfindie; THENCE, following the last-mentioned lot line, in a general Westerly direction to its intersection with the Easterly boundary of lot 289; THENCE, following the last-mentioned boundary and the Easterly boundary of lots 288, 287, 284, 283, Parish of Ste-Marguerite de Blairfindie, to its intersection with the lot line between lots 282 and 283, Parish of Ste-Marguerite de Blairfindie; THENCE, following the lot line between lots 282 and 283, Parish of Ste-Marguerite de Blairfindie, in a general Northwesterly direction, to the Southwesterly corner of lot 282, Parish of Ste-Marguerite de Blairfindie; THENCE, following the lot line between lots 281 and 282, Parish of Ste-Marguerite de Blairfindie, in a general Northeasterly direction to its intersection with a line running N. 00°12′ E., being at ten thousand (10,000) feet measured along the Westerly production of the centre line of strip 11 from the end of the said strip; THENCE N. 00°12′ E., following the last described line and its production to its intersection with the lot line between lots 274 and 275, Parish of Ste-Marguerite de Blairfindie; THENCE, following the last-mentioned lot line, in a general Easterly direction, to the Southeasterly corner of lot 274, Parish of Ste-Marguerite de Blairfindie; THENCE, following a first Easterly boundary of lot 274, Parish of Ste-Marguerite de Blairfindie, in a general Northerly direction to a point; THENCE, following the Southerly boundary of the said lot 274, in a general Easterly direction, to a point; THENCE, following a second Easterly boundary of the said lot 274 and a first Easterly boundary of lot 270, in a general Northerly direction, to a point; THENCE, following the Southerly boundary of the said lot 270, in a general Easterly direction to a point; THENCE, following a second Easterly boundary of the said lot 270, in a general Northerly direction, to its intersection with the Southerly boundary of lot 266, Parish of Ste-Marguerite de Blairfindie; THENCE, following the last-mentioned boundary, in a general Easterly direction to the Southeasterly corner of the said lot 266; THENCE, following the Easterly boundary of lots 266 and 265, Parish of Ste-Marguerite de Blairfindie, in a general Northerly direction, to a point; THENCE, following the Southerly boundary of the said lot 265, in a general Easterly direction to a point; THENCE, following the lot line between lots 265, 264, 263, 262, 259, 156, 157 and 158, Parish of Ste-Marguerite de Blairfindie, in general Northerly, Easterly, Northerly, Easterly and Northerly directions to the Southwesterly corner of lot 159, Parish of Ste-Marguerite de Blairfindie; THENCE, following the lot line between lots 158 and 159, Parish of Ste-Marguerite de Blairfindie, passing through a public road, in a general Easterly direction to its intersection with the Easterly boundary of the said public road; THENCE, following the last-mentioned boundary passing through a railroad being lot 421, Parish of Ste-Marguerite de Blairfindie, in a general Northerly direction to its intersection with the lot line between lots 164 and 165, Parish of Ste-Marguerite de Blairfindie; THENCE, following the last-mentioned lot line and its production, passing through a railroad being lot 419, Parish of Ste-Marguerite de Blairfindie, in a general Easterly direction to its intersection with the parish line between the Parishes of St-Luc and Ste-Marguerite de Blairfindie; THENCE, following the last-mentioned parish line, in a general Northwesterly direction to its intersection with the lot line between lots 120 and 121, Parish of St-Luc; THENCE, following the last-mentioned lot line, passing through a public road (Chemin du Grand Bernier), in a general Easterly direction to its intersection with the parish line between the Parishes of St-Luc and St-Jean; THENCE, following the last-mentioned parish line, in a general Northerly direction, to its intersection with the lot line between lots 81 and 82, Parish of St-Jean; THENCE, following the last-mentioned lot line and its production, passing through a public road and Chambly Canal (lot 236, Parish of St-Jean), in a general Easterly direction, to its intersection with the centre line of Richelieu River being also the county line between the counties of St-Jean and Iberville; THENCE, following the last-mentioned county line, in a general Southerly direction, to its intersection with the production of the lot line between lots 47 and 46-150, Parish of St-Jean; THENCE, following the last-mentioned production, in a general Westerly direction, to its intersection with the waters’ edge of Richelieu River; THENCE, following the last-mentioned waters’ edge, in a general Southerly direction, to the Point of Commencement, which lands and part of Richelieu River are shown on Department of Transport Plan No. M-3710, dated September 20, 1971.</Text></Provision><Provision format-ref="indent-0-0" language-align="yes" list-item="no"><Text>THE SAID parcels or tracts of land and premises, the outer limits of which are described above, being composed of lots or parts of lots, as follows:</Text></Provision></Provision><Heading level="2"><TitleText>Town of St-Jean</TitleText></Heading><Heading level="3" style="listcaption"><TitleText>Lots:</TitleText></Heading><List first-line-indent="0" subsequent-line-indent="0"><Item><Text>P. 1</Text></Item><Item><Text>1-1 to 1-7</Text></Item><Item><Text>2 to 43</Text></Item><Item><Text>P. 44</Text></Item><Item><Text>44-1 to 44-4</Text></Item><Item><Text>P. 45</Text></Item><Item><Text>45-1 to 45-4</Text></Item><Item><Text>P. 46</Text></Item><Item><Text>46-1</Text></Item><Item><Text>46-2</Text></Item><Item><Text>47 to 93</Text></Item><Item><Text>P. 94</Text></Item><Item><Text>94-1</Text></Item><Item><Text>P. 95</Text></Item><Item><Text>95-1</Text></Item><Item><Text>96</Text></Item><Item><Text>P. 97</Text></Item><Item><Text>97-1</Text></Item><Item><Text>P. 98</Text></Item><Item><Text>98-1</Text></Item><Item><Text>98-2</Text></Item><Item><Text>P. 99</Text></Item><Item><Text>99-1 to 99-4</Text></Item><Item><Text>P-100</Text></Item><Item><Text>100-1 to 100-4</Text></Item><Item><Text>P. 101</Text></Item><Item><Text>101-1</Text></Item><Item><Text>101-2</Text></Item><Item><Text>P. 102</Text></Item><Item><Text>102-1 to 102-3</Text></Item><Item><Text>P. 103</Text></Item><Item><Text>103-1 to 103-3</Text></Item><Item><Text>104 to 116</Text></Item><Item><Text>116A</Text></Item><Item><Text>117 to 128</Text></Item><Item><Text>P. 129</Text></Item><Item><Text>129-1 to 129-11</Text></Item><Item><Text>130 to 139</Text></Item><Item><Text>140-1</Text></Item><Item><Text>140-2</Text></Item><Item><Text>141 to 151</Text></Item><Item><Text>P. 152</Text></Item><Item><Text>152-1</Text></Item><Item><Text>153 to 200</Text></Item><Item><Text>P. 201</Text></Item><Item><Text>201-1</Text></Item><Item><Text>201-2</Text></Item><Item><Text>202 to 221</Text></Item><Item><Text>221A</Text></Item><Item><Text>222</Text></Item><Item><Text>223</Text></Item><Item><Text>224-1 to 224-5</Text></Item><Item><Text>225 to 228</Text></Item><Item><Text>229-1 to 229-7</Text></Item><Item><Text>230-1 to 230-7</Text></Item><Item><Text>P. 231</Text></Item><Item><Text>231-1 to 231-3</Text></Item><Item><Text>P. 232</Text></Item><Item><Text>232-1</Text></Item><Item><Text>232-2</Text></Item><Item><Text>233 to 236</Text></Item><Item><Text>P. 237</Text></Item><Item><Text>237-1</Text></Item><Item><Text>238 to 241</Text></Item><Item><Text>P. 242</Text></Item><Item><Text>242-1</Text></Item><Item><Text>243 to 299</Text></Item><Item><Text>P. 300</Text></Item><Item><Text>300-1</Text></Item><Item><Text>301</Text></Item><Item><Text>302</Text></Item><Item><Text>303-1</Text></Item><Item><Text>303-2</Text></Item><Item><Text>304-1</Text></Item><Item><Text>304-2</Text></Item><Item><Text>305</Text></Item><Item><Text>306</Text></Item><Item><Text>307-1 to 307-3</Text></Item><Item><Text>308-1</Text></Item><Item><Text>308-2</Text></Item><Item><Text>309</Text></Item><Item><Text>310</Text></Item><Item><Text>310A</Text></Item><Item><Text>311 to 315</Text></Item><Item><Text>316A</Text></Item><Item><Text>316 to 319</Text></Item><Item><Text>P. 320</Text></Item><Item><Text>320-1</Text></Item><Item><Text>321 to 327</Text></Item><Item><Text>P. 328</Text></Item><Item><Text>328-1</Text></Item><Item><Text>328-2</Text></Item><Item><Text>329-1 to 329-3</Text></Item><Item><Text>330 to 364</Text></Item><Item><Text>364A</Text></Item><Item><Text>365 to 408</Text></Item><Item><Text>P. 409</Text></Item><Item><Text>409-1</Text></Item><Item><Text>P. 410</Text></Item><Item><Text>410-1</Text></Item><Item><Text>410-2</Text></Item><Item><Text>411-1 to 411-9</Text></Item><Item><Text>412 to 428</Text></Item><Item><Text>P. 429</Text></Item><Item><Text>429-1</Text></Item><Item><Text>430-1 to 430-13</Text></Item><Item><Text>P. 431</Text></Item><Item><Text>431-1 to 431-11</Text></Item><Item><Text>431-57 to 431-67</Text></Item><Item><Text>P. 431-68</Text></Item><Item><Text>431-68-1</Text></Item><Item><Text>P. 431-69</Text></Item><Item><Text>431-69-1</Text></Item><Item><Text>P. 431-70</Text></Item><Item><Text>431-70-1</Text></Item><Item><Text>431-70-A</Text></Item><Item><Text>431-71 to 431-98</Text></Item><Item><Text>431-98-A</Text></Item><Item><Text>431-99 to 431-126</Text></Item><Item><Text>431-126-A</Text></Item><Item><Text>431-127 to 431-158</Text></Item><Item><Text>P. 432</Text></Item><Item><Text>432-1</Text></Item><Item><Text>P. 433</Text></Item><Item><Text>433-1</Text></Item><Item><Text>P. 434</Text></Item><Item><Text>434-1 to 434-8</Text></Item><Item><Text>P. 435</Text></Item><Item><Text>435-1 to 435-8</Text></Item><Item><Text>P. 436</Text></Item><Item><Text>436-1 to 436-18</Text></Item><Item><Text>P. 437</Text></Item><Item><Text>437-1 to 437-23</Text></Item><Item><Text>438-1 to 438-44</Text></Item><Item><Text>439 to 445</Text></Item><Item><Text>P. 446</Text></Item><Item><Text>446-1</Text></Item><Item><Text>P. 447</Text></Item><Item><Text>447-1</Text></Item><Item><Text>448 to 473</Text></Item><Item><Text>474-1 to 474-21</Text></Item><Item><Text>474-21A</Text></Item><Item><Text>474-22 to 474-40</Text></Item><Item><Text>P. 475</Text></Item><Item><Text>475-7 to 475-17</Text></Item><Item><Text>475-19</Text></Item><Item><Text>475-20</Text></Item><Item><Text>475-21</Text></Item><Item><Text>475-25 to 475-33</Text></Item><Item><Text>476-1 to 476-3</Text></Item><Item><Text>476-4-1</Text></Item><Item><Text>476-4-2</Text></Item><Item><Text>476-5-1</Text></Item><Item><Text>476-5-2</Text></Item><Item><Text>476-6 to 476-12</Text></Item><Item><Text>477 to 482</Text></Item><Item><Text>482A</Text></Item><Item><Text>483 to 517</Text></Item><Item><Text>518-1</Text></Item><Item><Text>518-2</Text></Item><Item><Text>519-1</Text></Item><Item><Text>519-2</Text></Item><Item><Text>520 to 532</Text></Item><Item><Text>533-1</Text></Item><Item><Text>533-2</Text></Item><Item><Text>P. 534</Text></Item><Item><Text>534-1</Text></Item><Item><Text>535 to 537</Text></Item><Item><Text>P. 538</Text></Item><Item><Text>538-1</Text></Item><Item><Text>539 to 555</Text></Item><Item><Text>P. 556</Text></Item><Item><Text>556-1 to 556-6</Text></Item><Item><Text>557</Text></Item><Item><Text>557A</Text></Item><Item><Text>558 to 593</Text></Item><Item><Text>P. 594</Text></Item><Item><Text>594-1</Text></Item><Item><Text>595 to 609</Text></Item><Item><Text>P. 610</Text></Item><Item><Text>610-1</Text></Item><Item><Text>P. 611</Text></Item><Item><Text>611-1</Text></Item><Item><Text>P. 612</Text></Item><Item><Text>612-1</Text></Item><Item><Text>P. 613</Text></Item><Item><Text>613-1</Text></Item><Item><Text>614 to 657</Text></Item><Item><Text>658-1</Text></Item><Item><Text>658-2</Text></Item><Item><Text>659 to 668</Text></Item><Item><Text>P. 669</Text></Item><Item><Text>669-1 to 669-3</Text></Item><Item><Text>670 to 691</Text></Item><Item><Text>691A</Text></Item><Item><Text>692</Text></Item><Item><Text>692A</Text></Item><Item><Text>P. 693</Text></Item><Item><Text>693-1</Text></Item><Item><Text>P. 694</Text></Item><Item><Text>694-1</Text></Item><Item><Text>694-2</Text></Item><Item><Text>P. 695</Text></Item><Item><Text>695-1</Text></Item><Item><Text>P. 696</Text></Item><Item><Text>696-1</Text></Item><Item><Text>P. 697</Text></Item><Item><Text>697-1</Text></Item><Item><Text>698 to 767</Text></Item><Item><Text>P. 768</Text></Item><Item><Text>768-1</Text></Item><Item><Text>769 to 779</Text></Item><Item><Text>780-1</Text></Item><Item><Text>780-2</Text></Item><Item><Text>781 to 853</Text></Item><Item><Text>854-1 to 854-4</Text></Item><Item><Text>855-1 to 855-3</Text></Item><Item><Text>856-1</Text></Item><Item><Text>856-2</Text></Item><Item><Text>857-1 to 857-3</Text></Item><Item><Text>858 to 923</Text></Item><Item><Text>P. 924</Text></Item><Item><Text>924-1</Text></Item><Item><Text>925-1</Text></Item><Item><Text>925-2</Text></Item><Item><Text>926 to 953</Text></Item><Item><Text>953A</Text></Item><Item><Text>953B</Text></Item><Item><Text>954</Text></Item><Item><Text>954A</Text></Item><Item><Text>955</Text></Item><Item><Text>955A</Text></Item><Item><Text>956 to 960</Text></Item><Item><Text>P. 961</Text></Item><Item><Text>961-1</Text></Item><Item><Text>962 to 984</Text></Item><Item><Text>985-1</Text></Item><Item><Text>985-2</Text></Item><Item><Text>986-1 to 986-4</Text></Item><Item><Text>P. 987</Text></Item><Item><Text>987-1 to 987-5</Text></Item><Item><Text>P. 988</Text></Item><Item><Text>988-1 to 988-6</Text></Item><Item><Text>989-1 to 989-6</Text></Item><Item><Text>P. 990</Text></Item><Item><Text>990-1</Text></Item><Item><Text>990-2</Text></Item><Item><Text>991</Text></Item><Item><Text>992-1 to 992-10</Text></Item><Item><Text>993-1 to 993-4</Text></Item><Item><Text>994-1 to 994-5</Text></Item><Item><Text>995-1 to 995-4</Text></Item><Item><Text>996-1 to 996-3</Text></Item><Item><Text>P. 997</Text></Item><Item><Text>997-1 to 997-14</Text></Item><Item><Text>998 to 1001</Text></Item><Item><Text>1002</Text></Item><Item><Text>1002A</Text></Item><Item><Text>1002B</Text></Item><Item><Text>1002C</Text></Item><Item><Text>1003 to 1011</Text></Item><Item><Text>1012-1 to 1012-3</Text></Item><Item><Text>1013 to 1047</Text></Item><Item><Text>P. 1048</Text></Item><Item><Text>1048-1</Text></Item><Item><Text>P. 1049</Text></Item><Item><Text>1049-1</Text></Item><Item><Text>P. 1050</Text></Item><Item><Text>1050-1</Text></Item><Item><Text>P. 1051</Text></Item><Item><Text>1051-1</Text></Item><Item><Text>1052 to 1055</Text></Item><Item><Text>P. 1056</Text></Item><Item><Text>1056-1</Text></Item><Item><Text>1056-2</Text></Item><Item><Text>1057-1 to 1057-3</Text></Item><Item><Text>1058 to 1064</Text></Item><Item><Text>1065</Text></Item><Item><Text>P. 1066</Text></Item><Item><Text>1066-1</Text></Item><Item><Text>P. 1067</Text></Item><Item><Text>1067-1</Text></Item><Item><Text>P. 1068</Text></Item><Item><Text>1068-1</Text></Item><Item><Text>1068-2</Text></Item><Item><Text>P. 1069</Text></Item><Item><Text>1069-1</Text></Item><Item><Text>P. 1070</Text></Item><Item><Text>1070-1</Text></Item><Item><Text>1071 to 1098</Text></Item><Item><Text>P. 1099</Text></Item><Item><Text>1099-1</Text></Item><Item><Text>P. 1100</Text></Item><Item><Text>1100-1</Text></Item><Item><Text>1100-2</Text></Item><Item><Text>P. 1101</Text></Item><Item><Text>1101-1</Text></Item><Item><Text>P. 1102</Text></Item><Item><Text>1102-1</Text></Item><Item><Text>P. 1103</Text></Item><Item><Text>1103-1</Text></Item><Item><Text>1104-1 to 1104-4</Text></Item><Item><Text>P. 1105</Text></Item><Item><Text>1105-1 to 1105-4</Text></Item><Item><Text>1106 to 1133</Text></Item><Item><Text>P. 1134</Text></Item><Item><Text>1134-1 to 1134-210</Text></Item><Item><Text>P. 1135</Text></Item><Item><Text>1135-1</Text></Item><Item><Text>1136</Text></Item><Item><Text>P. 1137</Text></Item><Item><Text>1137-1</Text></Item><Item><Text>1138-1 to 1138-22</Text></Item><Item><Text>1139-1 to 1139-51</Text></Item><Item><Text>P. 1140</Text></Item><Item><Text>1140-1</Text></Item><Item><Text>1140-3 to 1140-7</Text></Item><Item><Text>1140-9 to 1140-17</Text></Item><Item><Text>1140-18-1 to 1140-18-3</Text></Item><Item><Text>1140-19-1 to 1140-19-3</Text></Item><Item><Text>1140-20 to 1140-85</Text></Item><Item><Text>P. 1141</Text></Item><Item><Text>1141-1 to 1141-4</Text></Item><Item><Text>P. 1141-5</Text></Item><Item><Text>1141-5-1 to 1141-5-11</Text></Item><Item><Text>1141-6 to 1141-17</Text></Item><Item><Text>P. 1142</Text></Item><Item><Text>1142-1 to 1142-45</Text></Item><Item><Text>P. 1143</Text></Item><Item><Text>1143-1 to 1143-18</Text></Item><Item><Text>P. 1144</Text></Item><Item><Text>1144-1-1</Text></Item><Item><Text>1144-1-2</Text></Item><Item><Text>1144-1-3</Text></Item><Item><Text>P. 1144-2</Text></Item><Item><Text>1144-2-1</Text></Item><Item><Text>1144-2-2</Text></Item><Item><Text>P. 1144-3</Text></Item><Item><Text>1144-3-1</Text></Item><Item><Text>1144-4 to 1144-21</Text></Item><Item><Text>1145-6 to 1145-43</Text></Item><Item><Text>1145-44-1</Text></Item><Item><Text>1145-44-2</Text></Item><Item><Text>1145-45 to 1145-78</Text></Item><Item><Text>P. 1146</Text></Item><Item><Text>1146-2</Text></Item><Item><Text>1146-7 to 1146-26</Text></Item><Item><Text>1146-27-1</Text></Item><Item><Text>1146-27-2</Text></Item><Item><Text>1146-28-1 to 1146-28-3</Text></Item><Item><Text>1146-29 to 1146-77</Text></Item><Item><Text>P. 1147</Text></Item><Item><Text>1147-1 to 1147-51</Text></Item><Item><Text>P. 1148</Text></Item><Item><Text>1148-1 to 1148-124</Text></Item><Item><Text>P. 1148-125</Text></Item><Item><Text>1148-125-1</Text></Item><Item><Text>1148-126 to 1148-203</Text></Item><Item><Text>P. 1149</Text></Item><Item><Text>1149-2</Text></Item><Item><Text>1149-10</Text></Item><Item><Text>1149-10-A</Text></Item><Item><Text>1149-11 to 1149-26</Text></Item><Item><Text>1149-27-1</Text></Item><Item><Text>1149-27-2</Text></Item><Item><Text>1149-28-1</Text></Item><Item><Text>1149-28-2</Text></Item><Item><Text>1149-29 to 1149-48</Text></Item><Item><Text>1149-49-1</Text></Item><Item><Text>1149-49-2</Text></Item><Item><Text>1149-50-1</Text></Item><Item><Text>1149-50-2</Text></Item><Item><Text>1149-51 to 1149-133</Text></Item><Item><Text>P. 1150</Text></Item><Item><Text>1150-1 to 1150-64</Text></Item><Item><Text>P. 1151</Text></Item><Item><Text>1151-1 to 1151-5</Text></Item><Item><Text>P. 1151-6</Text></Item><Item><Text>1151-6-1</Text></Item><Item><Text>1151-7 to 1151-9</Text></Item><Item><Text>1152</Text></Item><Item><Text>1153</Text></Item><Item><Text>P. 1154</Text></Item><Item><Text>1154-1 to 1154-21</Text></Item><Item><Text>1155 to 1162</Text></Item><Item><Text>1163-1 to 1163-8</Text></Item><Item><Text>1164</Text></Item></List><Heading level="2"><TitleText>Parish of St-Jean</TitleText></Heading><Heading level="3" style="listcaption"><TitleText>Lots:</TitleText></Heading><List first-line-indent="0" subsequent-line-indent="0"><Item><Text>43</Text></Item><Item><Text>44</Text></Item><Item><Text>P. 45</Text></Item><Item><Text>45-1 to 45-7</Text></Item><Item><Text>45-10 to 45-15</Text></Item><Item><Text>45-19 to 45-32</Text></Item><Item><Text>P. 46</Text></Item><Item><Text>46-1 to 46-43</Text></Item><Item><Text>P. 46-44</Text></Item><Item><Text>46-44-1</Text></Item><Item><Text>P. 46-45</Text></Item><Item><Text>46-45-1</Text></Item><Item><Text>46-46</Text></Item><Item><Text>46-64 to 46-76</Text></Item><Item><Text>46-92 to 46-94</Text></Item><Item><Text>46-110 to 46-130</Text></Item><Item><Text>P. 46-131</Text></Item><Item><Text>46-131-1</Text></Item><Item><Text>P. 46-132</Text></Item><Item><Text>46-132-1</Text></Item><Item><Text>46-144 to 46-233</Text></Item><Item><Text>P. 47</Text></Item><Item><Text>P. 47-1</Text></Item><Item><Text>47-1-1</Text></Item><Item><Text>47-1-2</Text></Item><Item><Text>P. 47-2</Text></Item><Item><Text>47-2-1</Text></Item><Item><Text>47-2-2</Text></Item><Item><Text>P. 47-3</Text></Item><Item><Text>47-3-1</Text></Item><Item><Text>P. 47-4</Text></Item><Item><Text>47-4-1</Text></Item><Item><Text>47-5</Text></Item><Item><Text>P. 47-6</Text></Item><Item><Text>47-6-1 to 47-6-8</Text></Item><Item><Text>P. 47-7</Text></Item><Item><Text>47-7-1 to 47-7-9</Text></Item><Item><Text>P. 47-8</Text></Item><Item><Text>47-8-1</Text></Item><Item><Text>47-9 to 47-18</Text></Item><Item><Text>P. 47-19</Text></Item><Item><Text>47-19-1</Text></Item><Item><Text>47-20 to 47-118</Text></Item><Item><Text>P. 48</Text></Item><Item><Text>P. 48-1</Text></Item><Item><Text>48-1-1</Text></Item><Item><Text>48-1-2</Text></Item><Item><Text>P. 48-2</Text></Item><Item><Text>48-2-1</Text></Item><Item><Text>48-2-2</Text></Item><Item><Text>P. 48-3</Text></Item><Item><Text>48-3-1 to 48-3-6</Text></Item><Item><Text>48-4 to 48-224</Text></Item><Item><Text>P. 49</Text></Item><Item><Text>49-1 to 49-15</Text></Item><Item><Text>49-24 to 49-31</Text></Item><Item><Text>49-58 to 49-61</Text></Item><Item><Text>49-79</Text></Item><Item><Text>49-80</Text></Item><Item><Text>49-96</Text></Item><Item><Text>49-114 to 49-149</Text></Item><Item><Text>49-150-1 to 49-150-3</Text></Item><Item><Text>49-151-1</Text></Item><Item><Text>49-151-2</Text></Item><Item><Text>49-152 to 49-601</Text></Item><Item><Text>P. 50</Text></Item><Item><Text>50-1 to 50-183</Text></Item><Item><Text>P. 51</Text></Item><Item><Text>51-1 to 51-88</Text></Item><Item><Text>51-93 to 51-104</Text></Item><Item><Text>51-110 to 51-120</Text></Item><Item><Text>51-126 to 51-135</Text></Item><Item><Text>51-141 to 51-151</Text></Item><Item><Text>51-157 to 51-246</Text></Item><Item><Text>51-249</Text></Item><Item><Text>51-273 to 51-298</Text></Item><Item><Text>P. 52</Text></Item><Item><Text>52-1 to 52-35</Text></Item><Item><Text>52-40 to 52-45</Text></Item><Item><Text>52-49 to 52-67</Text></Item><Item><Text>53</Text></Item><Item><Text>P. 54</Text></Item><Item><Text>54-1</Text></Item><Item><Text>P. 55</Text></Item><Item><Text>55-1 to 55-22</Text></Item><Item><Text>P. 56</Text></Item><Item><Text>56-1 to 56-12</Text></Item><Item><Text>P. 56-13</Text></Item><Item><Text>56-13-1</Text></Item><Item><Text>56-14 to 56-24</Text></Item><Item><Text>P. 56-25</Text></Item><Item><Text>56-25-1</Text></Item><Item><Text>P. 56-26</Text></Item><Item><Text>56-26-1</Text></Item><Item><Text>56-27 to 56-59</Text></Item><Item><Text>P. 57</Text></Item><Item><Text>57-1 to 57-8</Text></Item><Item><Text>P. 57-9</Text></Item><Item><Text>57-9-1</Text></Item><Item><Text>P. 57-10</Text></Item><Item><Text>57-10-1</Text></Item><Item><Text>57-11 to 57-78</Text></Item><Item><Text>P. 57-79</Text></Item><Item><Text>57-79-1</Text></Item><Item><Text>P. 57-80</Text></Item><Item><Text>57-80-1</Text></Item><Item><Text>57-81 to 57-83</Text></Item><Item><Text>57-84-1</Text></Item><Item><Text>57-84-2</Text></Item><Item><Text>57-85 to 57-88</Text></Item><Item><Text>57-89-1</Text></Item><Item><Text>57-89-2</Text></Item><Item><Text>57-90 to 57-98</Text></Item><Item><Text>57-100 to 57-130</Text></Item><Item><Text>57-132 to 57-134</Text></Item><Item><Text>P. 58</Text></Item><Item><Text>58-1 to 58-6</Text></Item><Item><Text>P. 58-7</Text></Item><Item><Text>58-7-1</Text></Item><Item><Text>58-8 to 58-38</Text></Item><Item><Text>P. 58-39</Text></Item><Item><Text>58-39-1</Text></Item><Item><Text>58-40 to 58-52</Text></Item><Item><Text>P. 58-53</Text></Item><Item><Text>58-53-1</Text></Item><Item><Text>58-54 to 58-83</Text></Item><Item><Text>P. 58-84</Text></Item><Item><Text>58-84-1</Text></Item><Item><Text>58-85 to 58-100</Text></Item><Item><Text>P. 58-101</Text></Item><Item><Text>58-101-1</Text></Item><Item><Text>58-102 to 58-113</Text></Item><Item><Text>P. 58-114</Text></Item><Item><Text>58-114-1</Text></Item><Item><Text>58-115 to 58-129</Text></Item><Item><Text>P. 59</Text></Item><Item><Text>59-1 to 59-20</Text></Item><Item><Text>P. 59-21</Text></Item><Item><Text>59-21-1</Text></Item><Item><Text>P. 59-22</Text></Item><Item><Text>59-22-1</Text></Item><Item><Text>59-23</Text></Item><Item><Text>59-24</Text></Item><Item><Text>P. 59-25</Text></Item><Item><Text>59-25-1</Text></Item><Item><Text>P. 59-26</Text></Item><Item><Text>59-26-1</Text></Item><Item><Text>59-27 to 59-57</Text></Item><Item><Text>P. 60</Text></Item><Item><Text>60-1</Text></Item><Item><Text>P. 61</Text></Item><Item><Text>61-1 to 61-53</Text></Item><Item><Text>P. 62</Text></Item><Item><Text>62-1 to 62-192</Text></Item><Item><Text>P. 63</Text></Item><Item><Text>63-1 to 63-64</Text></Item><Item><Text>63-75</Text></Item><Item><Text>P. 63-78</Text></Item><Item><Text>63-79 to 63-295</Text></Item><Item><Text>63-297 to 63-337</Text></Item><Item><Text>63-350 to 63-524</Text></Item><Item><Text>64</Text></Item><Item><Text>P. 65</Text></Item><Item><Text>65-1</Text></Item><Item><Text>65-2</Text></Item><Item><Text>P. 66</Text></Item><Item><Text>66-1</Text></Item><Item><Text>66-2</Text></Item><Item><Text>P. 67</Text></Item><Item><Text>67-1</Text></Item><Item><Text>67-2</Text></Item><Item><Text>P. 68</Text></Item><Item><Text>68-1 to 68-3</Text></Item><Item><Text>P. 69</Text></Item><Item><Text>69-1</Text></Item><Item><Text>69-2</Text></Item><Item><Text>P. 70</Text></Item><Item><Text>70-1</Text></Item><Item><Text>70-2</Text></Item><Item><Text>P. 71</Text></Item><Item><Text>71-1</Text></Item><Item><Text>71-2</Text></Item><Item><Text>P. 72</Text></Item><Item><Text>72-1 to 72-84</Text></Item><Item><Text>72-85-1</Text></Item><Item><Text>72-85-2</Text></Item><Item><Text>72-86-1</Text></Item><Item><Text>72-86-2-1</Text></Item><Item><Text>72-86-2-2</Text></Item><Item><Text>72-87-1</Text></Item><Item><Text>72-87-2</Text></Item><Item><Text>72-88 to 72-204</Text></Item><Item><Text>73</Text></Item><Item><Text>P. 74</Text></Item><Item><Text>74-1 to 74-89</Text></Item><Item><Text>P. 75</Text></Item><Item><Text>75-1</Text></Item><Item><Text>P. 76</Text></Item><Item><Text>76-1</Text></Item><Item><Text>P. 77</Text></Item><Item><Text>77-1 to 77-182</Text></Item><Item><Text>P. 78</Text></Item><Item><Text>78-1</Text></Item><Item><Text>78-2</Text></Item><Item><Text>P. 78-3</Text></Item><Item><Text>78-3-1</Text></Item><Item><Text>P. 78-4</Text></Item><Item><Text>78-4-1 to 78-4-3</Text></Item><Item><Text>P. 78-5</Text></Item><Item><Text>78-5-1</Text></Item><Item><Text>78-6 to 78-18</Text></Item><Item><Text>P. 78-19</Text></Item><Item><Text>78-19-1</Text></Item><Item><Text>78-19-2</Text></Item><Item><Text>78-20 to 78-32</Text></Item><Item><Text>78-33-1</Text></Item><Item><Text>78-33-2</Text></Item><Item><Text>78-34-1 to 78-34-3</Text></Item><Item><Text>78-35 to 78-47</Text></Item><Item><Text>P. 78-48</Text></Item><Item><Text>78-48-1</Text></Item><Item><Text>78-48-2</Text></Item><Item><Text>78-49-1</Text></Item><Item><Text>78-49-2</Text></Item><Item><Text>78-50 to 78-174</Text></Item><Item><Text>78-180 to 78-232</Text></Item><Item><Text>78-234 to 78-337</Text></Item><Item><Text>P. 79</Text></Item><Item><Text>79-1 to 79-11</Text></Item><Item><Text>79-20</Text></Item><Item><Text>79-21</Text></Item><Item><Text>79-25 to 79-35</Text></Item><Item><Text>79-48 to 79-60</Text></Item><Item><Text>79-61-1 to 79-61-8</Text></Item><Item><Text>79-62 to 79-477</Text></Item><Item><Text>P. 79-478</Text></Item><Item><Text>79-478-1</Text></Item><Item><Text>79-479-1</Text></Item><Item><Text>79-479-2</Text></Item><Item><Text>79-480 to 79-535</Text></Item><Item><Text>P. 80</Text></Item><Item><Text>80-1 to 80-139</Text></Item><Item><Text>P. 81</Text></Item><Item><Text>81-1 to 81-51</Text></Item><Item><Text>P. 90</Text></Item><Item><Text>90-1 to 90-104</Text></Item><Item><Text>91 to 94</Text></Item><Item><Text>P. 95</Text></Item><Item><Text>95-1 to 95-73</Text></Item><Item><Text>P. 96</Text></Item><Item><Text>96-1 to 96-105</Text></Item><Item><Text>P. 97</Text></Item><Item><Text>97-1 to 97-51</Text></Item><Item><Text>P. 98</Text></Item><Item><Text>98-1 to 98-89</Text></Item><Item><Text>P. 99</Text></Item><Item><Text>99-1 to 99-4</Text></Item><Item><Text>99-6 to 99-8</Text></Item><Item><Text>99-10 to 99-130</Text></Item><Item><Text>P. 100</Text></Item><Item><Text>100-1 to 100-4</Text></Item><Item><Text>P. 101</Text></Item><Item><Text>101-1 to 101-22</Text></Item><Item><Text>P. 102</Text></Item><Item><Text>102-42 to 102-79</Text></Item><Item><Text>P. 103</Text></Item><Item><Text>103-1</Text></Item><Item><Text>P. 104</Text></Item><Item><Text>104-1 to 104-5</Text></Item><Item><Text>P. 105</Text></Item><Item><Text>105-1 to 105-191</Text></Item><Item><Text>P. 106</Text></Item><Item><Text>106-1 to 106-3</Text></Item><Item><Text>P. 107</Text></Item><Item><Text>107-1 to 107-3</Text></Item><Item><Text>107-15 to 107-21</Text></Item><Item><Text>107-24 to 107-76</Text></Item><Item><Text>P. 108</Text></Item><Item><Text>108-1 to 108-147</Text></Item><Item><Text>P. 109</Text></Item><Item><Text>109-1 to 109-217</Text></Item><Item><Text>109-218-1</Text></Item><Item><Text>109-218-2</Text></Item><Item><Text>109-219</Text></Item><Item><Text>109-220</Text></Item><Item><Text>P. 110</Text></Item><Item><Text>110-1</Text></Item><Item><Text>P. 111</Text></Item><Item><Text>111-1 to 111-28</Text></Item><Item><Text>111-34</Text></Item><Item><Text>111-35</Text></Item><Item><Text>111-41 to 111-43</Text></Item><Item><Text>111-49 to 111-136</Text></Item><Item><Text>P. 112</Text></Item><Item><Text>112-1</Text></Item><Item><Text>112-2</Text></Item><Item><Text>113 to 121</Text></Item><Item><Text>P. 122</Text></Item><Item><Text>122-1 to 122-17</Text></Item><Item><Text>123 to 127</Text></Item><Item><Text>P. 128</Text></Item><Item><Text>128-1 to 128-31</Text></Item><Item><Text>128-35 to 128-55</Text></Item><Item><Text>128-59 to 128-118</Text></Item><Item><Text>128-129 to 128-136</Text></Item><Item><Text>128-163 to 128-168</Text></Item><Item><Text>128-170</Text></Item><Item><Text>128-172 to 128-177</Text></Item><Item><Text>128-194 to 128-203</Text></Item><Item><Text>128-208 to 128-222</Text></Item><Item><Text>128-223-1</Text></Item><Item><Text>128-223-2</Text></Item><Item><Text>128-224 to 128-226</Text></Item><Item><Text>128-231 to 128-234</Text></Item><Item><Text>128-238 to 128-241</Text></Item><Item><Text>128-246 to 128-248</Text></Item><Item><Text>128-249-1</Text></Item><Item><Text>128-249-2</Text></Item><Item><Text>128-250 to 128-326</Text></Item><Item><Text>129 to 133</Text></Item><Item><Text>P. 134</Text></Item><Item><Text>134-1</Text></Item><Item><Text>135</Text></Item><Item><Text>136</Text></Item><Item><Text>P. 189</Text></Item><Item><Text>P. 190</Text></Item><Item><Text>191 to 202</Text></Item><Item><Text>203-1 to 203-293</Text></Item><Item><Text>204</Text></Item><Item><Text>205</Text></Item><Item><Text>206-1 to 206-409</Text></Item><Item><Text>207 to 216</Text></Item><Item><Text>P. 217</Text></Item><Item><Text>217-1 to 217-15</Text></Item><Item><Text>217-17</Text></Item><Item><Text>217-20 to 217-22</Text></Item><Item><Text>217-24 to 217-26</Text></Item><Item><Text>217-28</Text></Item><Item><Text>217-29</Text></Item><Item><Text>218</Text></Item><Item><Text>P. 219</Text></Item><Item><Text>219-1 to 219-4</Text></Item><Item><Text>219-10 to 219-18</Text></Item><Item><Text>219-21 to 219-24</Text></Item><Item><Text>219-26</Text></Item><Item><Text>219-28</Text></Item><Item><Text>219-31 to 219-33</Text></Item><Item><Text>219-37 to 219-41</Text></Item><Item><Text>220 to 223</Text></Item><Item><Text>P. 224</Text></Item><Item><Text>224-1 to 224-7</Text></Item><Item><Text>224-12 to 224-20</Text></Item><Item><Text>224-22 to 224-28</Text></Item><Item><Text>224-31</Text></Item><Item><Text>224-34</Text></Item><Item><Text>224-36</Text></Item><Item><Text>224-38</Text></Item><Item><Text>224-41</Text></Item><Item><Text>224-42</Text></Item><Item><Text>224-46</Text></Item><Item><Text>224-57 to 224-61</Text></Item><Item><Text>224-63 to 224-65</Text></Item><Item><Text>224-67</Text></Item><Item><Text>224-83</Text></Item><Item><Text>224-140</Text></Item><Item><Text>224-141</Text></Item><Item><Text>224-145</Text></Item><Item><Text>224-146</Text></Item><Item><Text>224-150 to 224-155</Text></Item><Item><Text>224-158</Text></Item><Item><Text>224-164 to 224-167</Text></Item><Item><Text>224-184</Text></Item><Item><Text>P. 225</Text></Item><Item><Text>225-1</Text></Item><Item><Text>226 to 232</Text></Item><Item><Text>233 to 237</Text></Item></List><Heading level="2"><TitleText>Parish of Ste-Marguerite de Blairfindie</TitleText></Heading><Heading level="3" style="listcaption"><TitleText>Lots:</TitleText></Heading><List first-line-indent="0" subsequent-line-indent="0"><Item><Text>P. 119</Text></Item><Item><Text>P. 120</Text></Item><Item><Text>121 to 123</Text></Item><Item><Text>P. 124</Text></Item><Item><Text>124-1</Text></Item><Item><Text>125 to 137</Text></Item><Item><Text>137A</Text></Item><Item><Text>138</Text></Item><Item><Text>138A</Text></Item><Item><Text>139 to 152</Text></Item><Item><Text>152A</Text></Item><Item><Text>153</Text></Item><Item><Text>153A</Text></Item><Item><Text>P. 154</Text></Item><Item><Text>154-1 to 154-75</Text></Item><Item><Text>155 to 158</Text></Item><Item><Text>P. 159</Text></Item><Item><Text>P. 160</Text></Item><Item><Text>160-1 to 160-123</Text></Item><Item><Text>161</Text></Item><Item><Text>162</Text></Item><Item><Text>162A</Text></Item><Item><Text>163</Text></Item><Item><Text>164</Text></Item><Item><Text>P. 275</Text></Item><Item><Text>P. 276</Text></Item><Item><Text>P. 278</Text></Item><Item><Text>P. 279</Text></Item><Item><Text>P. 280</Text></Item><Item><Text>P. 281</Text></Item><Item><Text>282</Text></Item><Item><Text>P. 419</Text></Item><Item><Text>P. 421</Text></Item></List><Heading level="2"><TitleText>Parish of St-Luc</TitleText></Heading><Heading level="3" style="liscaption"><TitleText>Lots:</TitleText></Heading><List first-line-indent="0" subsequent-line-indent="0"><Item><Text>P. 117</Text></Item><Item><Text>117-1 to 117-40</Text></Item><Item><Text>118</Text></Item><Item><Text>P. 119</Text></Item><Item><Text>119-1 to 119-20</Text></Item><Item><Text>P. 120</Text></Item><Item><Text>120-1 to 120-9</Text></Item><Item><Text>215</Text></Item></List><Provision format-ref="indent-0-0" language-align="yes" list-item="no"><Label>2</Label><Text>ALL AND SINGULAR those certain parcels or tracts of land and premises, comprising part of the Town of Iberville and parts of the Parish of St-Athanase, County of Iberville, Province of Quebec and being more particularly described as follows:</Text><Provision format-ref="indent-1-1" language-align="yes" list-item="no"><Text>COMMENCING at the intersection of the limit between the Parish of St-Athanase and the Town of Iberville with the Westerly boundary of Iberville Boulevard; THENCE, following the limit between the Parish of St-Athanase and the Town of Iberville, in a general Southerly direction, to a point: THENCE following the said limit between the Parish of St-Athanase and the Town of Iberville, in a general Westerly direction to its intersection with the Westerly boundary of Iberville Boulevard; THENCE, following the last-mentioned boundary, in a general Southerly direction to its intersection with the lot line between lots 83-1 and 84-1, Parish of St-Athanase; THENCE, following the last-mentioned lot line and its production, in a general Westerly direction to its intersection with the centre line of Richelieu River being also the County line between the Counties of St-Jean and Iberville; THENCE, following the last-mentioned county line, in a general Northerly direction to its intersection with the production of the limit between the Parish of St-Athanase and the Town of Iberville; THENCE, following the last-mentioned production and the limit between the Parish of St-Athanase and the Town of Iberville, in a general Easterly direction to the Point of Commencement, which lands and part of Richelieu River are shown on Department of Transport plan No. M-3710, dated September 20, 1971.</Text></Provision><Provision format-ref="indent-0-0" language-align="yes" list-item="no"><Text>THE SAID parcels or tracts of land and premises, the outer limits of which are described above, being composed of lots or parts of lots, as follows:</Text></Provision></Provision><Heading level="2"><TitleText>Town of Iberville</TitleText></Heading><Heading level="3" style="listcaption"><TitleText>Lots:</TitleText></Heading><List first-line-indent="0" subsequent-line-indent="0"><Item><Text>1</Text></Item><Item><Text>P. 2</Text></Item><Item><Text>2-1</Text></Item><Item><Text>2-2</Text></Item><Item><Text>3</Text></Item><Item><Text>4</Text></Item><Item><Text>P. 5</Text></Item><Item><Text>5-1 to 5-4</Text></Item><Item><Text>6 to 13</Text></Item><Item><Text>14-1 to 14-3</Text></Item><Item><Text>P. 15</Text></Item><Item><Text>15-1</Text></Item><Item><Text>16-1-1</Text></Item><Item><Text>16-1-2</Text></Item><Item><Text>16-2 to 16-6</Text></Item><Item><Text>P. 17</Text></Item><Item><Text>17-1</Text></Item><Item><Text>17-2</Text></Item><Item><Text>P. 18</Text></Item><Item><Text>18-1 to 18-119</Text></Item><Item><Text>P. 18-125</Text></Item><Item><Text>18-125-1</Text></Item><Item><Text>18-126 to 18-130</Text></Item><Item><Text>P. 18-131</Text></Item><Item><Text>18-131-1</Text></Item><Item><Text>18-132 to 18-135</Text></Item><Item><Text>18-137</Text></Item><Item><Text>P. 18-138</Text></Item><Item><Text>18-138-1</Text></Item><Item><Text>18-139</Text></Item><Item><Text>18-140</Text></Item><Item><Text>18-141</Text></Item><Item><Text>18-142-1</Text></Item><Item><Text>18-142-2</Text></Item><Item><Text>18-143 to 18-151</Text></Item><Item><Text>18-155 to 18-160</Text></Item><Item><Text>18-164 to 18-168</Text></Item><Item><Text>P. 19</Text></Item><Item><Text>19-1 to 19-5</Text></Item><Item><Text>20</Text></Item><Item><Text>P. 21</Text></Item><Item><Text>21-1 to 21-6</Text></Item><Item><Text>22 to 29</Text></Item><Item><Text>P. 30</Text></Item><Item><Text>30-1 to 30-17</Text></Item><Item><Text>30-21 to 30-207</Text></Item><Item><Text>P. 30-208</Text></Item><Item><Text>30-208-1 to 30-208-16</Text></Item><Item><Text>30-209 to 30-272</Text></Item><Item><Text>31-1 to 31-7</Text></Item><Item><Text>32</Text></Item><Item><Text>P. 33</Text></Item><Item><Text>33-1</Text></Item><Item><Text>33-2</Text></Item><Item><Text>P. 34</Text></Item><Item><Text>34-1 to 34-3</Text></Item><Item><Text>P. 35</Text></Item><Item><Text>35-1</Text></Item><Item><Text>36 to 47</Text></Item><Item><Text>P. 48</Text></Item><Item><Text>48-1</Text></Item><Item><Text>49 to 69</Text></Item><Item><Text>70-1 to 70-4</Text></Item><Item><Text>71</Text></Item><Item><Text>72</Text></Item><Item><Text>73-1 to 73-5</Text></Item><Item><Text>74</Text></Item><Item><Text>75</Text></Item><Item><Text>P. 76</Text></Item><Item><Text>76-1</Text></Item><Item><Text>77 to 83</Text></Item><Item><Text>P. 84</Text></Item><Item><Text>84-1</Text></Item><Item><Text>85 to 98</Text></Item><Item><Text>P. 99</Text></Item><Item><Text>99-1 to 99-4</Text></Item><Item><Text>P. 100</Text></Item><Item><Text>100-1 to 100-10</Text></Item><Item><Text>101</Text></Item><Item><Text>102</Text></Item><Item><Text>P. 103</Text></Item><Item><Text>103-1</Text></Item><Item><Text>104 to 110</Text></Item><Item><Text>P. 111</Text></Item><Item><Text>P. 111-1</Text></Item><Item><Text>111-1-1</Text></Item><Item><Text>111-2 to 111-7</Text></Item><Item><Text>P. 112</Text></Item><Item><Text>112-1 to 112-8</Text></Item><Item><Text>113-1 to 113-9</Text></Item><Item><Text>114-1 to 114-17</Text></Item><Item><Text>P. 115</Text></Item><Item><Text>115-1 to 115-23</Text></Item><Item><Text>115-24-1</Text></Item><Item><Text>115-24-2</Text></Item><Item><Text>115-25 to 115-44</Text></Item><Item><Text>P. 115-45</Text></Item><Item><Text>115-45-1</Text></Item><Item><Text>115-45-2</Text></Item><Item><Text>P. 115-46</Text></Item><Item><Text>115-46-1</Text></Item><Item><Text>115-46-2</Text></Item><Item><Text>115-47 to 115-66</Text></Item><Item><Text>P. 116</Text></Item><Item><Text>116-1 to 116-5</Text></Item><Item><Text>P. 117</Text></Item><Item><Text>117-1 to 117-10</Text></Item><Item><Text>117-15 to 117-21</Text></Item><Item><Text>P. 118</Text></Item><Item><Text>118-1 to 118-20</Text></Item><Item><Text>119 to 134</Text></Item><Item><Text>P. 135</Text></Item><Item><Text>135-1</Text></Item><Item><Text>P. 136</Text></Item><Item><Text>136-1</Text></Item><Item><Text>137 to 190</Text></Item><Item><Text>P. 191</Text></Item><Item><Text>191-1</Text></Item><Item><Text>191-2</Text></Item><Item><Text>192</Text></Item><Item><Text>193</Text></Item><Item><Text>194-1</Text></Item><Item><Text>194-2</Text></Item><Item><Text>195-1 to 195-3</Text></Item><Item><Text>196</Text></Item><Item><Text>197-1 to 197-5</Text></Item><Item><Text>198-1</Text></Item><Item><Text>198-2</Text></Item><Item><Text>199 to 206</Text></Item><Item><Text>206A</Text></Item><Item><Text>207 to 218</Text></Item><Item><Text>P. 219</Text></Item><Item><Text>219-1</Text></Item><Item><Text>219-2</Text></Item><Item><Text>220 to 229</Text></Item><Item><Text>P. 230</Text></Item><Item><Text>230-1</Text></Item><Item><Text>231</Text></Item><Item><Text>232</Text></Item><Item><Text>P. 233</Text></Item><Item><Text>233-1 to 233-8</Text></Item><Item><Text>233-9-1</Text></Item><Item><Text>233-9-2</Text></Item><Item><Text>233-10 to 233-16</Text></Item><Item><Text>P. 234</Text></Item><Item><Text>P. 235</Text></Item><Item><Text>235-1 to 235-23</Text></Item><Item><Text>P. 236</Text></Item><Item><Text>236-1 to 236-8</Text></Item><Item><Text>237 to 241</Text></Item><Item><Text>242-1 to 242-10</Text></Item><Item><Text>243-1 to 243-17</Text></Item><Item><Text>244</Text></Item><Item><Text>245</Text></Item><Item><Text>P. 246</Text></Item><Item><Text>246-1 to 246-14</Text></Item><Item><Text>P. 247</Text></Item><Item><Text>247-1 to 247-14</Text></Item><Item><Text>248 to 251</Text></Item><Item><Text>P. 252</Text></Item><Item><Text>252-1 to 252-13</Text></Item><Item><Text>P. 253</Text></Item><Item><Text>253-1 to 253-16</Text></Item><Item><Text>254 to 258</Text></Item><Item><Text>259-1 to 259-16</Text></Item><Item><Text>260-1 to 260-4</Text></Item><Item><Text>P. 261</Text></Item><Item><Text>261-1</Text></Item><Item><Text>261-2</Text></Item><Item><Text>P. 262</Text></Item><Item><Text>262-1</Text></Item><Item><Text>262-2</Text></Item><Item><Text>263 to 270</Text></Item><Item><Text>270A</Text></Item><Item><Text>270B</Text></Item><Item><Text>270C</Text></Item><Item><Text>271 to 283</Text></Item><Item><Text>P. 284</Text></Item><Item><Text>284-1</Text></Item><Item><Text>284-2</Text></Item><Item><Text>P. 285</Text></Item><Item><Text>285-1</Text></Item><Item><Text>285-2</Text></Item><Item><Text>286 to 299</Text></Item><Item><Text>300-1 to 300-4</Text></Item><Item><Text>301 to 310</Text></Item><Item><Text>311-1 to 311-3</Text></Item><Item><Text>312</Text></Item><Item><Text>313</Text></Item><Item><Text>314-1</Text></Item><Item><Text>314-2</Text></Item><Item><Text>315 to 318</Text></Item><Item><Text>319-1 to 319-4</Text></Item><Item><Text>320-1 to 320-3</Text></Item><Item><Text>P. 321</Text></Item><Item><Text>321-1</Text></Item><Item><Text>P. 322</Text></Item><Item><Text>322-1 to 322-5</Text></Item><Item><Text>323 to 329</Text></Item><Item><Text>P. 330</Text></Item><Item><Text>330-1</Text></Item><Item><Text>P. 331</Text></Item><Item><Text>331-1</Text></Item><Item><Text>332 to 341</Text></Item><Item><Text>P. 342</Text></Item><Item><Text>342-1</Text></Item><Item><Text>343</Text></Item><Item><Text>344</Text></Item><Item><Text>P. 345</Text></Item><Item><Text>345-1</Text></Item><Item><Text>346</Text></Item><Item><Text>347</Text></Item><Item><Text>348-1 to 348-3</Text></Item><Item><Text>349-1 to 349-4</Text></Item><Item><Text>350-1</Text></Item><Item><Text>350-2</Text></Item><Item><Text>351 to 370</Text></Item><Item><Text>370A</Text></Item><Item><Text>370B</Text></Item><Item><Text>P. 371</Text></Item><Item><Text>371-1</Text></Item><Item><Text>372</Text></Item><Item><Text>P. 373</Text></Item><Item><Text>373-1</Text></Item><Item><Text>373-2</Text></Item><Item><Text>374 to 379</Text></Item><Item><Text>P. 380</Text></Item><Item><Text>380-1</Text></Item><Item><Text>381</Text></Item><Item><Text>P. 382</Text></Item><Item><Text>382-1 to 382-3</Text></Item><Item><Text>P. 383</Text></Item><Item><Text>383-1 to 383-3</Text></Item><Item><Text>P. 384</Text></Item><Item><Text>384-1 to 384-3</Text></Item><Item><Text>385 to 388</Text></Item><Item><Text>P. 389</Text></Item><Item><Text>389-1 to 389-3</Text></Item><Item><Text>390</Text></Item><Item><Text>391</Text></Item><Item><Text>P. 392</Text></Item><Item><Text>392-1</Text></Item><Item><Text>392-2</Text></Item><Item><Text>P. 393</Text></Item><Item><Text>393-1 to 393-4</Text></Item><Item><Text>394-1 to 394-16</Text></Item><Item><Text>395</Text></Item><Item><Text>396</Text></Item><Item><Text>P. 397</Text></Item><Item><Text>397-1</Text></Item><Item><Text>397-2</Text></Item><Item><Text>398 to 421</Text></Item><Item><Text>P. 422</Text></Item><Item><Text>422-1</Text></Item><Item><Text>422-2-1</Text></Item><Item><Text>422-2-2</Text></Item><Item><Text>423</Text></Item><Item><Text>P. 424</Text></Item><Item><Text>424-1 to 424-8</Text></Item><Item><Text>P. 424-9</Text></Item><Item><Text>424-9-1 to 424-9-10</Text></Item><Item><Text>424-10 to 424-41</Text></Item><Item><Text>425-1 to 425-9</Text></Item><Item><Text>425-13 to 425-32</Text></Item><Item><Text>425-37 to 425-146</Text></Item><Item><Text>426</Text></Item><Item><Text>427</Text></Item><Item><Text>P. 428</Text></Item><Item><Text>428-1</Text></Item><Item><Text>P. 429</Text></Item><Item><Text>429-1 to 429-20</Text></Item><Item><Text>P. 430</Text></Item><Item><Text>430-1 to 430-6</Text></Item><Item><Text>431</Text></Item><Item><Text>P. 432</Text></Item><Item><Text>432-1 to 432-14</Text></Item><Item><Text>433-1 to 433-16</Text></Item><Item><Text>434</Text></Item><Item><Text>P. 435</Text></Item><Item><Text>435-1 to 435-4</Text></Item><Item><Text>436</Text></Item><Item><Text>P. 437</Text></Item><Item><Text>437-1 to 437-9</Text></Item><Item><Text>P. 438</Text></Item><Item><Text>438-1</Text></Item><Item><Text>438-2</Text></Item><Item><Text>P. 439</Text></Item><Item><Text>439-1 to 439-18</Text></Item><Item><Text>P. 440</Text></Item><Item><Text>P. 440-1</Text></Item><Item><Text>440-1-1</Text></Item><Item><Text>P. 441</Text></Item><Item><Text>441-1 to 441-3</Text></Item><Item><Text>441-4</Text></Item><Item><Text>P. 442</Text></Item><Item><Text>442-1</Text></Item><Item><Text>443</Text></Item><Item><Text>P. 444</Text></Item><Item><Text>444-1 to 444-384</Text></Item><Item><Text>444-388 to 444-407</Text></Item><Item><Text>444-417 to 444-442</Text></Item><Item><Text>444-461 to 444-467</Text></Item><Item><Text>445 to 454</Text></Item><Item><Text>455</Text></Item><Item><Text>455-1</Text></Item><Item><Text>456-1</Text></Item><Item><Text>456-2</Text></Item><Item><Text>457-1 to 457-5</Text></Item></List><Heading level="2"><TitleText>Parish of St-Athanase</TitleText></Heading><Heading level="3" style="listcaption"><TitleText>Lots:</TitleText></Heading><List first-line-indent="0" subsequent-line-indent="0"><Item><Text>P. 71</Text></Item><Item><Text>71-1</Text></Item><Item><Text>P. 72</Text></Item><Item><Text>72-1</Text></Item><Item><Text>P. 73</Text></Item><Item><Text>73-1 to 73-49</Text></Item><Item><Text>P. 74</Text></Item><Item><Text>74-1 to 74-12</Text></Item><Item><Text>P. 75</Text></Item><Item><Text>75-1</Text></Item><Item><Text>76</Text></Item><Item><Text>76-1</Text></Item><Item><Text>77</Text></Item><Item><Text>P. 78</Text></Item><Item><Text>78-1 to 78-3</Text></Item><Item><Text>79</Text></Item><Item><Text>P. 80</Text></Item><Item><Text>80-1</Text></Item><Item><Text>P. 81</Text></Item><Item><Text>81-1 to 81-17</Text></Item><Item><Text>P. 82</Text></Item><Item><Text>82-1 to 82-27</Text></Item><Item><Text>P. 83</Text></Item><Item><Text>83-1 to 83-84</Text></Item></List><Heading level="1"><Label>PART III</Label><TitleText>Description of Each Approach Surface</TitleText></Heading><Provision format-ref="indent-0-0" language-align="yes" list-item="no"><Label>1</Label><Text>Being a surface abutting each end of each strip associated with runway 11-29, consisting of an inclined plane having a ratio of one (1) foot measured vertically to fifty (50) feet measured horizontally, rising to an imaginary horizontal line drawn at right angles to the projected centre line of each strip two hundred (200) feet measured vertically above the elevation at the end of each strip and ten thousand (10,000) feet measured horizontally from the end of each strip, the outer ends of each imaginary horizontal line being two thousand (2,000) feet from each projected centre line, which surface is shown on Department of Transport Plan No. M-3710, dated September 20, 1971.</Text></Provision><Provision format-ref="indent-0-0" language-align="yes" list-item="no"><Label>2</Label><Text>Being a surface abutting each end of each strip associated with runways 02-20 and 06-24, consisting of an inclined plane having a ratio of one (1) foot measured vertically to forty (40) feet measured horizontally, rising to an imaginary horizontal line drawn at right angles to the projected centre line of each strip one hundred fifty (150) feet measured vertically above the elevation at the end of each strip and six thousand (6,000) feet measured horizontally from the end of each strip, the outer ends of each imaginary horizontal line being nine hundred (900) feet from each projected centre line, which surface is shown on Department of Transport Plan No. M-3710, dated September 20, 1971.</Text></Provision><Heading level="1"><Label>PART IV</Label><TitleText>Description of the Horizontal Surface</TitleText></Heading><Provision format-ref="indent-0-0" language-align="yes" list-item="no"><Text>Being a surface consisting of a plane located one hundred and fifty (150) feet above the assigned elevation of the airport reference point, which surface is shown on Department of Transport Plan No. M-3710 dated September 20, 1971.</Text></Provision><Heading level="1"><Label>PART V</Label><TitleText>Description of Each Strip</TitleText></Heading><Provision format-ref="indent-0-0" language-align="yes" list-item="no"><Text>The strip associated with runway 11-29 is one thousand (1,000) feet in width, five hundred (500) feet being on each side of the centre line of the runway, and six thousand four hundred (6,400) feet in length, the strip associated with runway 02-20 is six hundred (600) feet in width, three hundred (300) feet being on each side of the centre line of the runway, and two thousand eight hundred and seventy-four and seven tenths (2,874.7) feet in length and the strip associated with runway 06-24 is six hundred (600) feet in width, three hundred (300) feet being on each side of the centre line of the runway, and three thousand one hundred and sixty-five (3,165) feet in length, which strips are shown on Department of Transport Plan No. M-3710, dated September 20, 1971.</Text></Provision><Heading level="1"><Label>PART VI</Label><TitleText>Description of Each Transitional Surface</TitleText></Heading><Provision format-ref="indent-0-0" language-align="yes" list-item="no"><Text>Being a surface consisting of an inclined plane rising at a ratio of one (1) foot measured vertically to seven (7) feet measured horizontally at right angles to the centre line and centre line produced of each strip, and extending upward from the lateral limits of each strip and its approach surfaces to an intersection with the horizontal surface or another transitional surface of an adjoining strip, all as shown on Department of Transport Plan No. M-3710, dated September 20, 1971.</Text></Provision></Schedule></Regulation>