﻿<?xml version="1.0" encoding="utf-8"?><!DOCTYPE Regulation PUBLIC "-//Justice Canada//DTD Regulation v1.2.2//EN" "Dtd/Regulations/Version_1.2.2/regulation.dtd"><Regulation regulation-type="SOR" xml:lang="en"><Identification><InstrumentNumber>C.R.C., c. 948</InstrumentNumber><ConsolidationDate><Date><YYYY>2018</YYYY><MM>07</MM><DD>06</DD></Date></ConsolidationDate><LastModifiedDate><Date><YYYY>2005</YYYY><MM>6</MM><DD>27</DD></Date></LastModifiedDate><EnablingAuthority><XRefExternal reference-type="act">INDIAN ACT</XRefExternal></EnablingAuthority><ShortTitle>Disposal of Forfeited Goods and Chattels Regulations</ShortTitle><LongTitle>Regulations Respecting the Disposal of Goods and Chattels Ordered Forfeited Pursuant to Subsection 103(3) of the Indian Act</LongTitle></Identification><Body><Heading level="1"><TitleText>Short Title</TitleText></Heading><Section><Label>1</Label><Text>These Regulations may be cited as the <XRefExternal reference-type="regulation">Disposal of Forfeited Goods and Chattels Regulations</XRefExternal>.</Text></Section><Heading level="1"><TitleText>Interpretation</TitleText></Heading><Section><Label>2</Label><Text>In these Regulations, <DefinedTermEn>Act</DefinedTermEn> means the <XRefExternal reference-type="act">Indian Act</XRefExternal>.</Text></Section><Heading level="1"><TitleText>General</TitleText></Heading><Section><Label>3</Label><Text>Goods and chattels forfeited to Her Majesty pursuant to the provisions of subsection 103(3) of the Act shall be sold at public auction following advertisement published in such local papers as the Minister may designate.</Text></Section><Section><Label>4</Label><Text>Where any goods and chattels have been forfeited pursuant to subsection 103(3) of the Act, anyone (other than the person accused of an offence resulting in such forfeiture, or the person in possession of such goods and chattels when the offence was committed) who claims an interest in such goods and chattels as owner, mortgagee, lien-holder or holder of any like interest, may, within 30 days after such forfeiture, apply to the Minister for a determination of his interest.</Text></Section><Section><Label>5</Label><Text>Where, following such application, it appears to the satisfaction of the Minister,</Text><Paragraph><Label>(a)</Label><Text>that the claimant is innocent of any complicity in the offence resulting in such forfeiture, or of any collusion with the offender in relation thereto, and</Text></Paragraph><Paragraph><Label>(b)</Label><Text>that he exercised all reasonable care in respect of the person permitted to obtain the possession of such goods and chattels to satisfy himself that they were not likely to be used contrary to the provisions of the Act, or, if a mortgagee or lien-holder, that before becoming such mortgagee or lien-holder exercised such care with respect to the mortgagor or lien-giver,</Text></Paragraph><ContinuedSectionSubsection><Text>the Minister may order that the interest of the claimant be not affected by such forfeiture.</Text></ContinuedSectionSubsection></Section><Section><Label>6</Label><Text>Where the circumstances make it appear to the Minister that the goods and chattels forfeited pursuant to subsection 103(3) of the Act should in the public interest be disposed of otherwise than by public auction, the Minister may direct that they be otherwise disposed of, in which case the direction shall prescribe such conditions and restrictions as the Minister may deem necessary or advisable.</Text></Section></Body></Regulation>