﻿<?xml version="1.0" encoding="utf-8"?><!DOCTYPE Regulation PUBLIC "-//Justice Canada//DTD Regulation v1.2.2//EN" "Dtd/Regulations/Version_1.2.2/regulation.dtd"><Regulation regulation-type="SOR" xml:lang="en"><Identification><InstrumentNumber>C.R.C., c. 335</InstrumentNumber><ConsolidationDate><Date><YYYY>2018</YYYY><MM>07</MM><DD>06</DD></Date></ConsolidationDate><LastModifiedDate><Date><YYYY>2006</YYYY><MM>10</MM><DD>26</DD></Date></LastModifiedDate><EnablingAuthority><XRefExternal reference-type="act">APPROPRIATION ACT NO. 5, 1974</XRefExternal><XRefExternal reference-type="act">APPROPRIATION ACTS</XRefExternal></EnablingAuthority><ShortTitle>Oil Import Compensation Regulations No. 1, 1975</ShortTitle><LongTitle>Regulations Providing for Compensation to Certain Refiners and Importers of Crude Oil and Petroleum Products for Consumption in Canada</LongTitle></Identification><Body><Heading level="1"><TitleText>Short Title</TitleText></Heading><Section><Label>1</Label><Text>These Regulations may be cited as the <XRefExternal reference-type="regulation">Oil Import Compensation Regulations No. 1, 1975</XRefExternal>.</Text></Section><Heading level="1"><TitleText>Interpretation</TitleText></Heading><Section><Label>2</Label><Text>In these Regulations,</Text><Definition generate-in-text="no"><Text><DefinedTermEn>barrel</DefinedTermEn> means 34.9722 standard gallons within the meaning of subsection 13(1) of the <XRefExternal reference-type="act">Weights and Measures Act</XRefExternal>, being the now repealed Chapter W-7 of the Revised Statutes of Canada, 1970; (<DefinedTermFr>baril</DefinedTermFr>)</Text></Definition><Definition generate-in-text="no"><Text><DefinedTermEn>Board</DefinedTermEn> means the Energy Supplies Allocation Board; (<DefinedTermFr>Office</DefinedTermFr>)</Text></Definition><Definition generate-in-text="no"><Text><DefinedTermEn>date of loading</DefinedTermEn> means,</Text><Paragraph><Label>(a)</Label><Text>in relation to a quantity of crude oil, the date the crude oil was cleared for export by the host government at the port of loading, and</Text></Paragraph><Paragraph><Label>(b)</Label><Text>in relation to a quantity of petroleum product, the date the petroleum product was cleared for export by the national government at the port of loading; (<DefinedTermFr>date de chargement</DefinedTermFr>)</Text></Paragraph></Definition><Definition generate-in-text="no"><Text><DefinedTermEn>eligible importer</DefinedTermEn> means a person described in section 5; (<DefinedTermFr>importateur admissible</DefinedTermFr>)</Text></Definition><Definition generate-in-text="no"><Text><DefinedTermEn>f.o.b. cost</DefinedTermEn> means,</Text><Paragraph><Label>(a)</Label><Text>in relation to a quantity of crude oil, the free on board cost at the port of loading in the country in which the petroleum was produced, extracted, recovered or derived, and</Text></Paragraph><Paragraph><Label>(b)</Label><Text>in relation to a quantity of petroleum product, the free on board cost at the port from which the petroleum product is transported to Canada: (<DefinedTermFr>coût franco à bord</DefinedTermFr>)</Text></Paragraph></Definition><Definition generate-in-text="no"><Text><DefinedTermEn>host government</DefinedTermEn> means, in relation to any quantity of petroleum, the government of the country in which that petroleum was produced, extracted, recovered or derived but does not include the government of a state, province or other political subdivision of that country; (<DefinedTermFr>gouvernement du pays d’origine</DefinedTermFr>)</Text></Definition><Definition generate-in-text="no"><Text><DefinedTermEn>import</DefinedTermEn> means, in relation to a quantity of petroleum, to unload the quantity of petroleum from a ship or barge at a Canadian port or at a place outside Canada for transmission by pipeline to Canada; (<DefinedTermFr>importation</DefinedTermFr>)</Text></Definition><Definition generate-in-text="no"><Text><DefinedTermEn>import compensation</DefinedTermEn> means the amount that may be paid pursuant to these Regulations to an eligible importer in respect of a quantity of petroleum imported into Canada and includes any special payment made under section 11; (<DefinedTermFr>indemnité d’importation</DefinedTermFr>)</Text></Definition><Definition generate-in-text="no"><Text><DefinedTermEn>Minister</DefinedTermEn> means the Minister of Energy, Mines and Resources; (<DefinedTermFr>Ministre</DefinedTermFr>)</Text></Definition><Definition generate-in-text="no"><Text><DefinedTermEn>petroleum</DefinedTermEn> means crude oil and petroleum products; (<DefinedTermFr>pétrole</DefinedTermFr>)</Text></Definition><Definition generate-in-text="no"><Text><DefinedTermEn>quantity of petroleum</DefinedTermEn> means, for the purpose of calculating import compensation,</Text><Paragraph><Label>(a)</Label><Text>the aggregate, as determined by the Board, of</Text><Subparagraph><Label>(i)</Label><Text>the volume measured at the point of discharge, in barrels, of petroleum loaded on a ship or barge for transport to Canada or to a place outside Canada for transmission by pipeline to Canada, and</Text></Subparagraph><Subparagraph><Label>(ii)</Label><Text>a volume of petroleum, by way of an allowance for ocean loss, not exceeding the lesser of</Text><Clause><Label>(A)</Label><Text>actual ocean loss incurred in transporting the volume of petroleum described in subparagraph (i), and</Text></Clause><Clause><Label>(B)</Label><Text>one per cent of the volume of petroleum measured in barrels at the port at which it was loaded on a ship or barge for transport to Canada or to a place outside Canada for transmission by pipeline to Canada, or</Text></Clause></Subparagraph></Paragraph><Paragraph><Label>(b)</Label><Text>the volume of the petroleum measured in barrels at the port at which it was loaded in a ship or barge for transport to Canada or to a place outside Canada for transmission by pipeline to Canada,</Text></Paragraph><ContinuedDefinition><Text>whichever is the lesser; (<DefinedTermFr>quantité de pétrole</DefinedTermFr>)</Text></ContinuedDefinition></Definition><Definition generate-in-text="no"><Text><DefinedTermEn>tanker freight costs</DefinedTermEn> means the costs incurred in the process of transporting petroleum by water; (<DefinedTermFr>coût du transport par pétrolier</DefinedTermFr>)</Text></Definition><Definition generate-in-text="no"><Text><DefinedTermEn>tax paid cost</DefinedTermEn> means, in relation to any quantity of petroleum, the aggregate of</Text><Paragraph><Label>(a)</Label><Text>all charges that are properly associated with the production, extraction, recovering, deriving or purchasing of the quantity of petroleum, are imposed by the host government and are borne by the person performing such functions, the taxes and royalties levied in connection therewith and the costs of acquiring the petroleum from the host government, but does not include any charges that discriminate on the basis of the destination of the petroleum and any charges specifically associated with the costs of manpower, energy, material and equipment or the use thereof in operations in the country of the host government, and</Text></Paragraph><Paragraph><Label>(b)</Label><Text>the operating costs related to the production, extraction, recovery or derivation of the quantity of petroleum accepted for income tax calculations by the host government or, where it is impossible to obtain such costs, such amount as is proven to the satisfaction of the Board by an eligible importer to be reasonable. (<DefinedTermFr>coût après imposition</DefinedTermFr>)</Text></Paragraph></Definition></Section><Heading level="1"><TitleText>Prescription of Crude Oil and Petroleum Products</TitleText></Heading><Section><Label>3</Label><Subsection><Label>(1)</Label><Text>For the purposes of Vote 53c of <XRefExternal reference-type="act">Appropriation Act No. 5, 1974</XRefExternal>, the following are prescribed as crude oil:</Text><Paragraph><Label>(a)</Label><Text>any crude oil or other hydrocarbon or mixture of hydrocarbons recovered in liquid or solid state from a natural reservoir outside Canada, including any hydrocarbon or mixture of hydrocarbons produced by extraction from oil sands outside Canada; and</Text></Paragraph><Paragraph><Label>(b)</Label><Text>any natural gasoline or condensate resulting from the production, processing or refining outside Canada of gas recovered from a natural reservoir outside Canada.</Text></Paragraph></Subsection><Subsection><Label>(2)</Label><Text>For the purposes of Vote 53c of <XRefExternal reference-type="act">Appropriation Act No. 5, 1974</XRefExternal>, the following are prescribed as petroleum products:</Text><Paragraph><Label>(a)</Label><Text>aviation fuels;</Text></Paragraph><Paragraph><Label>(b)</Label><Text>motor gasoline and motor gasoline blending components;</Text></Paragraph><Paragraph><Label>(c)</Label><Text>stove oil and kerosene;</Text></Paragraph><Paragraph><Label>(d)</Label><Text>diesel fuel;</Text></Paragraph><Paragraph><Label>(e)</Label><Text>fuel oils;</Text></Paragraph><Paragraph><Label>(f)</Label><Text>semi-refined feedstreams for manufacture of the products set out in paragraphs (a) to (e);</Text></Paragraph><Paragraph><Label>(g)</Label><Text>feedstreams for the manufacture of petrochemicals;</Text></Paragraph><Paragraph><Label>(h)</Label><Text>slack wax;</Text></Paragraph><Paragraph><Label>(i)</Label><Text>asphalt;</Text></Paragraph><Paragraph><Label>(j)</Label><Text>petroleum coke; and</Text></Paragraph><Paragraph><Label>(k)</Label><Text>feedstreams for refining into lubricants, process oils and hydrocarbon solvents.</Text></Paragraph></Subsection><Subsection><Label>(3)</Label><Text>For the purposes of Vote 53c of <XRefExternal reference-type="act">Appropriation Act No. 5, 1974</XRefExternal>, the following are not prescribed as petroleum products:</Text><Paragraph><Label>(a)</Label><Text>finished aromatics;</Text></Paragraph><Paragraph><Label>(b)</Label><Text>finished hydrocarbon solvents;</Text></Paragraph><Paragraph><Label>(c)</Label><Text>finished waxes;</Text></Paragraph><Paragraph><Label>(d)</Label><Text>finished lubricants and process oils;</Text></Paragraph><Paragraph><Label>(e)</Label><Text>lubricating oil blending stocks; and</Text></Paragraph><Paragraph><Label>(f)</Label><Text>petrochemicals.</Text></Paragraph></Subsection></Section><Heading level="1"><TitleText>Payment of Import Compensation</TitleText></Heading><Section><Label>4</Label><Subsection><Label>(1)</Label><Text>Upon application therefor to the Board by an eligible importer who establishes that he qualifies for import compensation by reason of the purchase by him of a quantity of petroleum, the Board may, subject to these Regulations, authorize the payment to the eligible importer of import compensation pursuant to these Regulations.</Text></Subsection><Subsection><Label>(2)</Label><Text>Every application for payment of import compensation in respect of the purchase of a quantity of petroleum shall</Text><Paragraph><Label>(a)</Label><Text>be in the form prescribed by the Board and contain the information specified therein; and</Text></Paragraph><Paragraph><Label>(b)</Label><Text>be accompanied by such records and other documents as the Board may require to satisfy itself of the accuracy of information specified therein and the eligibility of the applicant for payment of import compensation under these Regulations.</Text></Paragraph></Subsection></Section><Heading level="1"><TitleText>Eligible Importer</TitleText></Heading><Section><Label>5</Label><Subsection><Label>(1)</Label><Text>A person who purchases or otherwise acquires a quantity of petroleum the date of loading of which is on or after March 12, 1975 and</Text><Paragraph><Label>(a)</Label><Text>imports it for the purpose of having it processed in his refinery or other processing operations in Canada for consumption in Canada,</Text></Paragraph><Paragraph><Label>(b)</Label><Text>imports it to be purchased by others persons in Canada for consumption in Canada, or</Text></Paragraph><Paragraph><Label>(c)</Label><Text>imports it to be purchased by other persons in Canada for the purpose of having it processed in their refineries or other processing operations in Canada for consumption in Canada</Text></Paragraph><ContinuedSectionSubsection><Text>is an eligible importer if, in the period from March 12, 1975 to the date of the application under section 4, he or the persons for whom he imported the petroleum, as the case may be,</Text></ContinuedSectionSubsection><Paragraph><Label>(d)</Label><Text>has or have voluntarily maintained the level of prices for the petroleum products obtained from imported petroleum at the level that is or has been suggested from time to time in a communication by the Minister; and</Text></Paragraph><Paragraph><Label>(e)</Label><Text>has or have given an undertaking in writing to the Board to maintain the suggested level of prices in respect of the quantity of petroleum for which import compensation is paid pursuant to these Regulations.</Text></Paragraph></Subsection><Subsection><Label>(2)</Label><Text>A person who purchases or otherwise acquires a quantity of petroleum the date of loading of which is on or after March 12, 1975 and imports it for use in manufacturing, processing, transporting or any other operations of his own in Canada that result or will result in the manufacture of products not derived from petroleum, or the provision of services, if an eligible importer.</Text></Subsection></Section><Heading level="1"><TitleText>Compensation for Crude Oil</TitleText></Heading><Section><Label>6</Label><Subsection><Label>(1)</Label><Text>Subject to subsection (3), the amount of import compensation that may be authorized by the Board to be paid to an eligible importer in respect of a quantity of crude oil shall be the aggregate, as determined by the Board, of</Text><Paragraph><Label>(a)</Label><Text>the amount of the allowance calculated in accordance with section 8 for any change in tanker freight costs incurred by or charged to the importer in the transportation of that crude oil from its port of loading to its port of entry for Canada; and</Text></Paragraph><Paragraph><Label>(b)</Label><Text>any change in the costs to the importer attributable to any change in the tax paid cost incurred since November 30, 1973, not exceeding the amount of any increase in the amount of the f.o.b. costs incurred or deemed by the Board to have been incurred by or charged to the importer since November 30, 1973.</Text></Paragraph></Subsection><Subsection><Label>(2)</Label><Text>In calculating the amount of import compensation pursuant to subsection (1), there shall be excluded from the quantity of crude oil</Text><Paragraph><Label>(a)</Label><Text>any portion thereof, and the volume of any petroleum product obtained therefrom, sold or supplied for export from Canada;</Text></Paragraph><Paragraph><Label>(b)</Label><Text>the volume of any petroleum product obtained therefrom used by the eligible importer or sold or supplied to any person for use as a fuel</Text><Subparagraph><Label>(i)</Label><Text>in a ship that is not registered in Canada, unless it is permitted by law to engage in the coasting trade of Canada or in other marine related activities in Canada and is so engaged, or</Text></Subparagraph><Subparagraph><Label>(ii)</Label><Text>in an aircraft not registered in Canada; and</Text></Subparagraph></Paragraph><Paragraph><Label>(c)</Label><Text>any portion thereof consumed or lost in the processing or refining of that quantity of crude oil to produce any petroleum product referred to in paragraph (a) or (b).</Text></Paragraph></Subsection><Subsection><Label>(3)</Label><Text>The amount of import compensation that may be authorized to be paid to an eligible importer pursuant to subsections (1) and (2) shall be reduced by the sum of $0.90 per barrel of crude oil for which import compensation may be paid.</Text></Subsection></Section><Heading level="1"><TitleText>Compensation for Petroleum Products</TitleText></Heading><Section><Label>7</Label><Subsection><Label>(1)</Label><Text>Subject to subsection (3), the amount of import compensation that may be authorized by the Board to be paid to an eligible importer in respect of a quantity of petroleum product shall be the aggregate, as determined by the Board, of</Text><Paragraph><Label>(a)</Label><Text>the amount of the allowance calculated in accordance with section 8 for any change in tanker freight costs incurred by or charged to the importer in the transportation of the petroleum product from its port of loading to its port of entry for Canada; and</Text></Paragraph><Paragraph><Label>(b)</Label><Text>any change that, between November 30, 1973 and the date of loading of the petroleum product, has occurred in the tax paid cost of such crude oils as are selected from time to time by the Board, not exceeding the amount of any increase in f.o.b. costs incurred or deemed by the Board to have been incurred by or charged to the importer since November 30, 1973.</Text></Paragraph></Subsection><Subsection><Label>(2)</Label><Text>In calculating the amount of import compensation pursuant to subsection (1), there shall be excluded from the quantity of petroleum product</Text><Paragraph><Label>(a)</Label><Text>any portion thereof sold or supplied for export from Canada; and</Text></Paragraph><Paragraph><Label>(b)</Label><Text>any portion thereof used by the eligible importer or sold or supplied to any person for use as a fuel</Text><Subparagraph><Label>(i)</Label><Text>in a ship that in not registered in Canada, unless it is permitted by law to engage in the coasting trade of Canada or in other marine related activities in Canada and is so engaged, or</Text></Subparagraph><Subparagraph><Label>(ii)</Label><Text>in an aircraft not registered in Canada.</Text></Subparagraph></Paragraph></Subsection><Subsection><Label>(3)</Label><Text>The amount of import compensation that may be authorized to be paid to an eligible importer pursuant to subsections (1) and (2) shall be reduced by the sum of $0.90 per barrel of petroleum product for which import compensation may be paid.</Text></Subsection></Section><Heading level="1"><TitleText>Allowance for Change in Tanker Freight Costs</TitleText></Heading><Section><Label>8</Label><Subsection><Label>(1)</Label><Text>For the purposes of paragraphs 6(1)(a) and 7(1)(a), the amount of the allowance for any change in tanker freight costs incurred by or charged to the importer in the transportation of a quantity of petroleum from its port of loading to its port of entry for Canada is the aggregate of</Text><Paragraph><Label>(a)</Label><Text>the amount determined by calculating any change in freight costs from those prevailing on September 4, 1973 through application of a scale established from time to time by the Board and based on published commercial indexes of tanker freight costs; and</Text></Paragraph><Paragraph><Label>(b)</Label><Text>any change since September 4, 1973 in the aggregate of all taxes, tolls or tariffs that do not discriminate on the basis of the destination of the cargo imposed by the host government with respect to marine transportation and borne by the importer.</Text></Paragraph></Subsection><Subsection><Label>(2)</Label><Text>Where an eligible importer’s transportation arrangements are such that, by reason of</Text><Paragraph><Label>(a)</Label><Text>the type or size of vessel used to transport the petroleum,</Text></Paragraph><Paragraph><Label>(b)</Label><Text>the port from which the petroleum is transported to Canada, or</Text></Paragraph><Paragraph><Label>(c)</Label><Text>the port of entry for Canada of the petroleum,</Text></Paragraph><ContinuedSectionSubsection><Text>it is impossible to apply the calculation referred to in paragraph (1)(a), the Board may deem the allowance for any change in tanker freight costs to be such amount as it thinks fit, having regard to the allowance calculated for similar voyages.</Text></ContinuedSectionSubsection></Subsection></Section><Heading level="1"><TitleText>Time of Payment of Compensation</TitleText></Heading><Section><Label>9</Label><Text>No payment of any import compensation shall be authorized by the Board to be paid to an eligible importer in respect of a quantity of petroleum imported into Canada before the occurrence of the latest of the following events:</Text><Paragraph><Label>(a)</Label><Text>the payment by the importer of the full price for the petroleum under the purchase arrangements,</Text></Paragraph><Paragraph><Label>(b)</Label><Text>the expiration of 30 days from the date of loading of the petroleum, and</Text></Paragraph><Paragraph><Label>(c)</Label><Text>the date unloading of the petroleum was completed for delivery to the importer in Canada or at a port of entry for Canada.</Text></Paragraph></Section><Heading level="1"><TitleText>Undertaking</TitleText></Heading><Section><Label>10</Label><Text>No payment shall be made under these Regulations to an eligible importer unless he has</Text><Paragraph><Label>(a)</Label><Text>undertaken in writing to the Board that</Text><Subparagraph><Label>(i)</Label><Text>he will allow any person designated by the Board to enter any premises of the eligible importer in order to examine, take copies of or extracts from, any record, book, paper or other document found thereon that, in the opinion of that person, relates to the payment of import compensation to that eligible importer, and</Text></Subparagraph><Subparagraph><Label>(ii)</Label><Text>he will repay to the Receiver General</Text><Clause><Label>(A)</Label><Text>any amount paid to the eligible importer as or on account of any import compensation to which he was not entitled or that is not authorized under these Regulations, and</Text></Clause><Clause><Label>(B)</Label><Text>any amount paid to the eligible importer in respect of a quantity of petroleum if he or the persons for whom he imported the petroleum fail to comply with the undertaking given by him or them to the Board pursuant to these Regulations; and</Text></Clause></Subparagraph></Paragraph><Paragraph><Label>(b)</Label><Text>certified in writing to the Board that</Text><Subparagraph><Label>(i)</Label><Text>all information submitted by him to the Board is correct as to fact and fair and reasonable as to estimates, and</Text></Subparagraph><Subparagraph><Label>(ii)</Label><Text>except as may be permitted by the Minister pursuant to section 11, he has complied with all the requirements of an eligible importer set out in subsection 5(1) or (2), as the case may be.</Text></Subparagraph></Paragraph></Section><Heading level="1"><TitleText>Special Case</TitleText></Heading><Section><Label>11</Label><Text>If, on consideration of an application for payment presented by an eligible importer or by any person whom the Minister on the recommendation of the Board may deem to be an eligible importer, it appears to the Board that the strict application of these Regulations will in the circumstances result in an undue financial hardship to that importer, the Board may recommend to the Minister that a special payment be made to that importer towards relief of all or part of that hardship and the Minister may direct the Board to make such payment.</Text></Section></Body></Regulation>