﻿<?xml version="1.0" encoding="utf-8"?><!DOCTYPE Regulation PUBLIC "-//Justice Canada//DTD Regulation v1.2.2//EN" "Dtd/Regulations/Version_1.2.2/regulation.dtd"><Regulation regulation-type="SOR" xml:lang="en"><Identification><InstrumentNumber>C.R.C., c. 623</InstrumentNumber><ConsolidationDate><Date><YYYY>2018</YYYY><MM>07</MM><DD>06</DD></Date></ConsolidationDate><LastModifiedDate><Date><YYYY>2005</YYYY><MM>7</MM><DD>6</DD></Date></LastModifiedDate><EnablingAuthority><XRefExternal reference-type="act">EXPORT AND IMPORT PERMITS ACT</XRefExternal></EnablingAuthority><ShortTitle>Import of Dairy Products for Personal Use Permit</ShortTitle><LongTitle>General Import Permit No. 1</LongTitle></Identification><Body><Heading level="1"><TitleText>Short Title</TitleText></Heading><Section><Label>1</Label><Text>This Permit may be cited as the <XRefExternal reference-type="regulation">Import of Dairy Products for Personal Use Permit</XRefExternal>.</Text></Section><Heading level="1"><TitleText>General</TitleText></Heading><Section><Label>2</Label><Text>Any person may, under the authority of this General Import Permit, import into Canada from any country any dairy products for the personal use of the importer and his household not exceeding $20 in value for each importation.</Text><HistoricalNote>SI/82-116, Sch. I, s. 1; SI/83-180, s. 1.</HistoricalNote></Section><Section><Label>3</Label><Text>Where completion and validation of a customs entry form is required with respect to any dairy product that is imported under the authority of this General Import Permit, that form shall be endorsed “Imported under the authority of General Import Permit No. 1” or “Importé en vertu de la Licence générale d’importation n<Sup>o</Sup> 1”.</Text></Section></Body></Regulation>