﻿<?xml version="1.0" encoding="utf-8"?><!DOCTYPE Regulation PUBLIC "-//Justice Canada//DTD Regulation v1.2.2//EN" "Dtd/Regulations/Version_1.2.2/regulation.dtd"><Regulation gazette-part="II" regulation-type="SOR" xml:lang="en"><Identification><InstrumentNumber>C.R.C., c. 929</InstrumentNumber><ConsolidationDate><Date><YYYY>2018</YYYY><MM>07</MM><DD>06</DD></Date></ConsolidationDate><LastModifiedDate><Date><YYYY>2009</YYYY><MM>9</MM><DD>24</DD></Date></LastModifiedDate><EnablingAuthority><XRefExternal reference-type="act">CANADA CONSUMER PRODUCT SAFETY ACT</XRefExternal></EnablingAuthority><ShortTitle>Hazardous Products (Matches) Regulations</ShortTitle><LongTitle>Regulations Respecting the Sale, Advertising and Importation of Matches</LongTitle></Identification><Repealed>[Repealed, SOR/2016-182, s. 11]</Repealed><Body><Heading level="1"><TitleText>Short Title</TitleText><Note>[Repealed, SOR/2016-182, s. 11]</Note></Heading><Section><Label>1</Label><Text><Repealed>[Repealed, SOR/2016-182, s. 11]</Repealed></Text></Section><Heading level="1"><TitleText>Interpretation</TitleText><Note>[Repealed, SOR/2016-182, s. 11]</Note></Heading><Section><Label>2</Label><Text><Repealed>[Repealed, SOR/2016-182, s. 11]</Repealed></Text></Section><Heading level="1"><TitleText>General</TitleText><Note>[Repealed, SOR/2016-182, s. 11]</Note></Heading><Section><Label>3</Label><Text><Repealed>[Repealed, SOR/2016-182, s. 11]</Repealed></Text></Section><Section><Label>4</Label><Text><Repealed>[Repealed, SOR/2016-182, s. 11]</Repealed></Text></Section><Heading level="1"><TitleText>Matches</TitleText><Note>[Repealed, SOR/2016-182, s. 11]</Note></Heading><Section><Label>5</Label><Text><Repealed>[Repealed, SOR/2016-182, s. 11]</Repealed></Text></Section><Heading level="1"><TitleText>Books of Matches</TitleText><Note>[Repealed, SOR/2016-182, s. 11]</Note></Heading><Section><Label>6</Label><Text><Repealed>[Repealed, SOR/2016-182, s. 11]</Repealed></Text></Section><Section><Label>7</Label><Text><Repealed>[Repealed, SOR/2016-182, s. 11]</Repealed></Text></Section><Heading level="1"><TitleText>Inspection by Sample</TitleText><Note>[Repealed, SOR/2016-182, s. 11]</Note></Heading><Section><Label>8</Label><Text><Repealed>[Repealed, SOR/2016-182, s. 11]</Repealed></Text></Section><Section><Label>9</Label><Text><Repealed>[Repealed, SOR/2016-182, s. 11]</Repealed></Text></Section></Body><Schedule bilingual="no" spanlanguages="no"><ScheduleFormHeading><Label>SCHEDULE I</Label><OriginatingRef>(Section 3)</OriginatingRef><TitleText>Spontaneous Ignition Test</TitleText></ScheduleFormHeading><Repealed>[Repealed, SOR/2016-182, s. 11]</Repealed></Schedule><Schedule spanlanguages="no" bilingual="no"><ScheduleFormHeading><Label>SCHEDULE II</Label><OriginatingRef>(Section 5)</OriginatingRef><TitleText>Test for Breaking Resistance of Splints</TitleText></ScheduleFormHeading><Repealed>[Repealed, SOR/2016-182, s. 11]</Repealed></Schedule><Schedule spanlanguages="no" bilingual="no"><ScheduleFormHeading><Label>SCHEDULE III</Label><OriginatingRef>(Sections 8 and 9)</OriginatingRef></ScheduleFormHeading><Repealed>[Repealed, SOR/2016-182, s. 11]</Repealed></Schedule></Regulation>