﻿<?xml version="1.0" encoding="utf-8"?><!DOCTYPE Regulation PUBLIC "-//Justice Canada//DTD Regulation v1.2.2//EN" "Dtd/Regulations/Version_1.2.2/regulation.dtd"><Regulation regulation-type="SOR" xml:lang="en"><Identification><InstrumentNumber>C.R.C., c. 812</InstrumentNumber><ConsolidationDate><Date><YYYY>2018</YYYY><MM>07</MM><DD>06</DD></Date></ConsolidationDate><LastModifiedDate><Date><YYYY>2005</YYYY><MM>7</MM><DD>12</DD></Date></LastModifiedDate><EnablingAuthority><XRefExternal reference-type="act">FISHERIES ACT</XRefExternal></EnablingAuthority><ShortTitle>Fish Health Protection Regulations</ShortTitle><LongTitle>Regulations Respecting the Protection of Health of Fish</LongTitle></Identification><Repealed>[Repealed, SOR/2017-122, s. 1]</Repealed><Body><Heading level="1"><TitleText>Short Title</TitleText><Note>[Repealed, SOR/2017-122, s. 1]</Note></Heading><Section><Label>1</Label><Text><Repealed>[Repealed, SOR/2017-122, s. 1]</Repealed></Text></Section><Heading level="1"><TitleText>Interpretation</TitleText><Note>[Repealed, SOR/2017-122, s. 1]</Note></Heading><Section><Label>2</Label><Text><Repealed>[Repealed, SOR/2017-122, s. 1]</Repealed></Text></Section><Heading level="1"><TitleText>Prohibition</TitleText><Note>[Repealed, SOR/2017-122, s. 1]</Note></Heading><Section><Label>3</Label><Text><Repealed>[Repealed, SOR/2017-122, s. 1]</Repealed></Text></Section><Heading level="1"><TitleText>Permits</TitleText><Note>[Repealed, SOR/2017-122, s. 1]</Note></Heading><Section><Label>4</Label><Text><Repealed>[Repealed, SOR/2017-122, s. 1]</Repealed></Text></Section><Section><Label>5</Label><Text><Repealed>[Repealed, SOR/2017-122, s. 1]</Repealed></Text></Section><Heading level="1"><TitleText>Certificates</TitleText><Note>[Repealed, SOR/2017-122, s. 1]</Note></Heading><Section><Label>6</Label><Text><Repealed>[Repealed, SOR/2017-122, s. 1]</Repealed></Text></Section></Body><Schedule spanlanguages="no" bilingual="no"><ScheduleFormHeading><Label>SCHEDULE I</Label><OriginatingRef>(Section 2)</OriginatingRef><TitleText>Fish</TitleText></ScheduleFormHeading><Repealed>[Repealed, SOR/2017-122, s. 1]</Repealed></Schedule><Schedule spanlanguages="no" bilingual="no"><ScheduleFormHeading><Label>SCHEDULE II</Label><OriginatingRef>(Section 6)</OriginatingRef><TitleText>Diseases or Disease Agents Found in Live Fish or Their Source</TitleText></ScheduleFormHeading><Repealed>[Repealed, SOR/2017-122, s. 1]</Repealed></Schedule><Schedule spanlanguages="no" bilingual="no"><ScheduleFormHeading><Label>SCHEDULE III</Label><OriginatingRef>(Section 6)</OriginatingRef><TitleText>Diseases or Disease Agents Found in Dead Fish or Their Source</TitleText></ScheduleFormHeading><Repealed>[Repealed, SOR/2017-122, s. 1]</Repealed></Schedule><Schedule spanlanguages="no" bilingual="no"><ScheduleFormHeading><Label>SCHEDULE IV</Label><OriginatingRef>(Sections 5 and 6)</OriginatingRef><TitleText>Diseases or Disease Agents Found in Live Fish or Their Source</TitleText></ScheduleFormHeading><Repealed>[Repealed, SOR/2017-122, s. 1]</Repealed></Schedule></Regulation>