﻿<?xml version="1.0" encoding="utf-8"?><!DOCTYPE Regulation PUBLIC "-//Justice Canada//DTD Regulation v1.2.2//EN" "Dtd/Regulations/Version_1.2.2/regulation.dtd"><Regulation regulation-type="SOR" xml:lang="en"><Identification><InstrumentNumber>C.R.C., c. 1458</InstrumentNumber><ConsolidationDate><Date><YYYY>2018</YYYY><MM>07</MM><DD>06</DD></Date></ConsolidationDate><LastModifiedDate><Date><YYYY>2005</YYYY><MM>6</MM><DD>30</DD></Date></LastModifiedDate><EnablingAuthority><XRefExternal reference-type="act">CANADA SHIPPING ACT</XRefExternal></EnablingAuthority><ShortTitle>Pollutant Substances Pollution Prevention Regulations</ShortTitle><LongTitle>Pollutant Substances Pollution Prevention Regulations</LongTitle></Identification><Repealed>[Repealed, SOR/2007-86, s. 203]</Repealed><Body><Section><Label>1 and 2</Label><Text><Repealed>[Repealed, SOR/2002-276, s. 2]</Repealed></Text></Section><Heading level="1"><TitleText>Prescription of Pollutants</TitleText><Note>[Repealed, SOR/2007-86, s. 203]</Note></Heading><Section><Label>3</Label><Text><Repealed>[Repealed, SOR/2007-86, s. 203]</Repealed></Text></Section><Heading level="1"><TitleText>Prohibition</TitleText><Note>[Repealed, SOR/2007-86, s. 203]</Note></Heading><Section><Label>4</Label><Text><Repealed>[Repealed, SOR/2007-86, s. 203]</Repealed></Text></Section><Section><Label>5</Label><Text><Repealed>[Repealed, SOR/2007-86, s. 203]</Repealed></Text></Section><Section><Label>6</Label><Text><Repealed>[Repealed, SOR/2002-276, s. 4]</Repealed></Text></Section></Body><Schedule bilingual="no" spanlanguages="no"><ScheduleFormHeading><Label>SCHEDULE I</Label><OriginatingRef>(Sections 3 to 5)</OriginatingRef><TitleText>Pollutants</TitleText></ScheduleFormHeading><Repealed>[Repealed, SOR/2007-86, s. 203]</Repealed></Schedule><Schedule bilingual="no" spanlanguages="no"><ScheduleFormHeading><Label>SCHEDULE II</Label></ScheduleFormHeading><Repealed>[Repealed, SOR/2007-86, s. 203]</Repealed></Schedule></Regulation>