﻿<?xml version="1.0" encoding="utf-8"?><!DOCTYPE Regulation PUBLIC "-//Justice Canada//DTD Regulation v1.2.2//EN" "Dtd/Regulations/Version_1.2.2/regulation.dtd"><Regulation gazette-part="II" regulation-type="SOR" xml:lang="en"><Identification><InstrumentNumber>C.R.C., c. 681</InstrumentNumber><ConsolidationDate><Date><YYYY>2018</YYYY><MM>07</MM><DD>06</DD></Date></ConsolidationDate><LastModifiedDate><Date><YYYY>2008</YYYY><MM>12</MM><DD>1</DD></Date></LastModifiedDate><EnablingAuthority><XRefExternal reference-type="act">FINANCIAL ADMINISTRATION ACT</XRefExternal></EnablingAuthority><ShortTitle>Cedar Point-Christian Island Ferry Fees Regulations</ShortTitle><LongTitle>Regulations Respecting the Fees Payable for Ferry Service on the Ferry Operating Between Cedar Point and Christian Island, Ontario</LongTitle></Identification><Body><Heading level="1"><TitleText>Short Title</TitleText></Heading><Section><Label>1</Label><Text>These Regulations may be cited as the <XRefExternal reference-type="regulation">Cedar Point-Christian Island Ferry Fees Regulations</XRefExternal>.</Text></Section><Heading level="1"><TitleText>Interpretation</TitleText></Heading><Section><Label>2</Label><Text>In these Regulations,</Text><Definition generate-in-text="no"><Text><DefinedTermEn>barge</DefinedTermEn> means any barge owned and operated by Her Majesty in right of Canada in conjunction with the ferry; (<DefinedTermFr>chaland</DefinedTermFr>)</Text></Definition><Definition generate-in-text="no"><Text><DefinedTermEn>ferry</DefinedTermEn> means any vessel owned and operated by Her Majesty in right of Canada and normally operated as the ferry between Cedar Point and Christian Island, both in the Province of Ontario; (<DefinedTermFr>traversier</DefinedTermFr>)</Text></Definition><Definition generate-in-text="no"><Text><DefinedTermEn>Indian</DefinedTermEn> means an Indian as defined in the <XRefExternal reference-type="act">Indian Act</XRefExternal>. (<DefinedTermFr>Indien</DefinedTermFr>)</Text></Definition></Section><Heading level="1"><TitleText>Fees Payable</TitleText></Heading><Section><Label>3</Label><Text>Every person who is carried on the ferry or who charters the ferry or barge, or both, except</Text><Paragraph><Label>(a)</Label><Text>an Indian,</Text></Paragraph><Paragraph><Label>(b)</Label><Text>a person who is employed by Her Majesty in right of Canada as a teacher and who resides on Christian Island, and</Text></Paragraph><Paragraph><Label>(c)</Label><Text>a person who is required to use the ferry in order to transact business with an Indian on Christian Island,</Text></Paragraph><ContinuedSectionSubsection><Text>shall pay the fee in respect of such carriage or charter set out in the schedule.</Text></ContinuedSectionSubsection></Section></Body><Schedule spanlanguages="no" bilingual="no"><ScheduleFormHeading><Label>SCHEDULE</Label><OriginatingRef>(Section 3)</OriginatingRef></ScheduleFormHeading><TableGroup pointsize="8" topmarginspacing="10"><table frame="none"><tgroup cols="3"><colspec colname="COLSPEC1" colwidth="0.10*" /><colspec colname="COLSPEC0" colwidth="3.16*" /><colspec colname="3" colwidth="0.49*" align="right" /><thead><row><entry namest="COLSPEC1" nameend="COLSPEC0" colsep="0" rowsep="0"><Emphasis style="italic">Service</Emphasis></entry><entry colsep="0" rowsep="0" align="right" valign="bottom"><Emphasis style="italic">Fee</Emphasis></entry></row></thead><tbody><row topmarginspacing="8"><entry namest="COLSPEC1" nameend="COLSPEC0" colsep="0" rowsep="0"><Provision format-ref="indent-1-1"><Label>1 (1)</Label><Text>Fee for return trip for an individual</Text></Provision></entry><entry colname="3" colsep="0" rowsep="0" valign="top" /></row><row><entry namest="COLSPEC1" nameend="COLSPEC0" colsep="0" rowsep="0"><Provision format-ref="indent-1-1"><Label>(a)</Label><Text>over 16 years of age <LeaderRightJustified leader="dot" /></Text></Provision></entry><entry colname="3" colsep="0" rowsep="0" align="right" valign="bottom">$  0.50</entry></row><row><entry namest="COLSPEC1" nameend="COLSPEC0" colsep="0" rowsep="0"><Provision format-ref="indent-1-1"><Label>(b)</Label><Text>over 4 years of age but not over 16 <LeaderRightJustified leader="dot" /></Text></Provision></entry><entry colname="3" colsep="0" rowsep="0" align="right" valign="bottom">0.20</entry></row><row><entry namest="COLSPEC1" nameend="COLSPEC0" colsep="0" rowsep="0"><Provision format-ref="indent-1-1"><Label>(c)</Label><Text>4 years of age and younger <LeaderRightJustified leader="dot" /></Text></Provision></entry><entry colname="3" colsep="0" rowsep="0" align="right" valign="bottom">free</entry></row><row topmarginspacing="8"><entry namest="COLSPEC1" nameend="COLSPEC0" colsep="0" rowsep="0"><Provision format-ref="indent-1-1"><Label>(2)</Label><Text>Fee for scheduled return trip for each vehicle <LeaderRightJustified leader="dot" /></Text></Provision></entry><entry colname="3" colsep="0" rowsep="0" align="right" valign="bottom">$  5.00</entry></row><row topmarginspacing="8"><entry namest="COLSPEC1" nameend="COLSPEC0" colsep="0" rowsep="0"><Provision format-ref="indent-1-1"><Label>2 (1)</Label><Text>Fee for charter of ferry</Text></Provision></entry><entry colname="3" colsep="0" rowsep="0" valign="top" /></row><row><entry namest="COLSPEC1" nameend="COLSPEC0" colsep="0" rowsep="0"><Provision format-ref="indent-1-1"><Label>(a)</Label><Text>for the first hour or part thereof <LeaderRightJustified leader="dot" /></Text></Provision></entry><entry colname="3" colsep="0" rowsep="0" align="right" valign="bottom">$10.00</entry></row><row><entry namest="COLSPEC1" nameend="COLSPEC0" colsep="0" rowsep="0"><Provision format-ref="indent-1-1"><Label>(b)</Label><Text>for each extra 15 minutes or part thereof <LeaderRightJustified leader="dot" /></Text></Provision></entry><entry colname="3" colsep="0" rowsep="0" align="right" valign="bottom">2.50</entry></row><row topmarginspacing="8"><entry namest="COLSPEC1" nameend="COLSPEC0" colsep="0" rowsep="0"><Provision format-ref="indent-1-1"><Label>(2)</Label><Text>Fee for charter of ferry and barge</Text></Provision></entry><entry colname="3" colsep="0" rowsep="0" valign="top" /></row><row><entry namest="COLSPEC1" nameend="COLSPEC0" colsep="0" rowsep="0"><Provision format-ref="indent-1-1"><Label>(a)</Label><Text>for the first 45 minutes or part thereof <LeaderRightJustified leader="dot" /></Text></Provision></entry><entry colname="3" colsep="0" rowsep="0" align="right" valign="bottom">$15.00</entry></row><row><entry namest="COLSPEC1" nameend="COLSPEC0" colsep="0" rowsep="0"><Provision format-ref="indent-1-1"><Label>(b)</Label><Text>for each extra 15 minutes or part thereof <LeaderRightJustified leader="dot" /></Text></Provision></entry><entry colname="3" colsep="0" rowsep="0" align="right" valign="bottom">5.00</entry></row></tbody></tgroup></table></TableGroup></Schedule></Regulation>