﻿<?xml version="1.0" encoding="utf-8"?><!DOCTYPE Regulation PUBLIC "-//Justice Canada//DTD Regulation v1.2.2//EN" "Dtd/Regulations/Version_1.2.2/regulation.dtd"><Regulation regulation-type="SOR" xml:lang="en"><Identification><InstrumentNumber>C.R.C., c. 640</InstrumentNumber><ConsolidationDate><Date><YYYY>2018</YYYY><MM>07</MM><DD>06</DD></Date></ConsolidationDate><LastModifiedDate><Date><YYYY>2005</YYYY><MM>7</MM><DD>6</DD></Date></LastModifiedDate><EnablingAuthority><XRefExternal reference-type="act">EXPROPRIATION ACT</XRefExternal></EnablingAuthority><ShortTitle>Expropriation Act Basic Rate Order</ShortTitle><LongTitle>Order Prescribing a Basic Rate for the Purposes of Section 33 of the Expropriation Act</LongTitle></Identification><Body><Heading level="1"><TitleText>Short Title</TitleText></Heading><Section><Label>1</Label><Text>This Order may be cited as the <XRefExternal reference-type="act">Expropriation Act Basic Rate Order</XRefExternal>.</Text></Section><Heading level="1"><TitleText>Basic Rate</TitleText></Heading><Section><Label>2</Label><Text>For the purpose of section 33 of the <XRefExternal reference-type="act">Expropriation Act</XRefExternal>, the basic rate shall be</Text><Paragraph><Label>(a)</Label><Text>for any period ending on or before September 30, 1973, six per cent per annum; and</Text></Paragraph><Paragraph><Label>(b)</Label><Text>for any quarterly period commencing after September 30, 1973</Text><Subparagraph><Label>(i)</Label><Text>six per cent per annum, or</Text></Subparagraph><Subparagraph><Label>(ii)</Label><Text>a rate per annum</Text><Clause><Label>(A)</Label><Text>equal to the average yield of Government of Canada treasury bills for the period of four weeks preceding the quarterly period, where that average yield does not contain a fraction other than a multiple of one-quarter, or</Text></Clause><Clause><Label>(B)</Label><Text>calculated to the nearest quarter of one per cent above the average yield described in clause (A), where that average yield contains a fraction other than a multiple of one-quarter,</Text></Clause></Subparagraph><ContinuedParagraph><Text>whichever is greater.</Text></ContinuedParagraph></Paragraph></Section></Body></Regulation>