﻿<?xml version="1.0" encoding="utf-8"?><!DOCTYPE Regulation PUBLIC "-//Justice Canada//DTD Regulation v1.2.2//EN" "Dtd/Regulations/Version_1.2.2/regulation.dtd"><Regulation regulation-type="SOR" xml:lang="en"><Identification><InstrumentNumber>C.R.C., c. 1405</InstrumentNumber><ConsolidationDate><Date><YYYY>2018</YYYY><MM>07</MM><DD>06</DD></Date></ConsolidationDate><LastModifiedDate><Date><YYYY>2005</YYYY><MM>8</MM><DD>3</DD></Date></LastModifiedDate><EnablingAuthority><XRefExternal reference-type="act">CANADA SHIPPING ACT, 2001</XRefExternal></EnablingAuthority><ShortTitle>Board of Steamship Inspection Scale of Fees</ShortTitle><LongTitle>Regulations Respecting the Fees Payable for the Inspection of Ships and Other Vessels</LongTitle></Identification><Body><Heading level="1"><TitleText>Short Title</TitleText></Heading><Section><Label>1</Label><Text>These Regulations may be cited as the <XRefExternal reference-type="regulation">Board of Steamship Inspection Scale of Fees</XRefExternal>.</Text></Section><Heading level="1"><TitleText>Interpretation</TitleText></Heading><Section><Label>2</Label><Text>In these Regulations,</Text><Definition generate-in-text="no"><Text><DefinedTermEn>Act</DefinedTermEn> means the <XRefExternal reference-type="act">Canada Shipping Act</XRefExternal>; (<DefinedTermFr>Loi</DefinedTermFr>)</Text></Definition><Definition generate-in-text="no"><Text><DefinedTermEn>Administration</DefinedTermEn>, in respect of a ship's equipment, means the Government of the State whose flag the ship is entitled to fly; (<DefinedTermFr>Administration</DefinedTermFr>)</Text></Definition><Definition generate-in-text="no"><Text><DefinedTermEn>certificate</DefinedTermEn> means any certificate issued pursuant to section 318 or 319 of the Act; (<DefinedTermFr>certificat</DefinedTermFr>)</Text></Definition><Definition generate-in-text="no"><Text><DefinedTermEn>first inspection</DefinedTermEn> includes all inspections of a ship made by an inspector prior to the issuance of the first certificate in respect of that ship; (<DefinedTermFr>première inspection</DefinedTermFr>)</Text></Definition><Definition generate-in-text="no"><Text><DefinedTermEn>inspector</DefinedTermEn> means a steamship inspector appointed under the Act; (<DefinedTermFr>inspecteur</DefinedTermFr>)</Text></Definition><Definition generate-in-text="no"><Text><DefinedTermEn>length</DefinedTermEn> means</Text><Paragraph><Label>(a)</Label><Text>in the case of a ship that is registered under the Act or required by the Act to be registered,</Text><Subparagraph><Label>(i)</Label><Text>the distance from the fore part of the uppermost end of the stem to the aft side of the head of the stern post, except that if a stern post is not fitted to the ship the measurement shall be taken to the foreside of the head of the rudder stock,</Text></Subparagraph><Subparagraph><Label>(ii)</Label><Text>if the ship has no rudder stock or has a rudder stock situated outside of the hull at the stern, the distance from the foreside of the foremost permanent structure to the aft side of the aftermost permanent structure of the ship not including guards or rubbing strakes, or</Text></Subparagraph><Subparagraph><Label>(iii)</Label><Text>if the ship is double-ended, the distance from the aft side of the forward rudder stock to the foreside of the after rudder stock, and</Text></Subparagraph></Paragraph><Paragraph><Label>(b)</Label><Text>in the case of a ship other than a ship described in paragraph (a), the horizontal distance measured between perpendiculars erected at the extreme ends of the outside of the hull; (<DefinedTermFr>longueur</DefinedTermFr>)</Text></Paragraph></Definition><Definition generate-in-text="no"><Text><DefinedTermEn>non-Canadian ship</DefinedTermEn> means a ship registered elsewhere than in Canada; (<DefinedTermFr>navire non canadien</DefinedTermFr>)</Text></Definition><Definition generate-in-text="no"><Text><DefinedTermEn>Safety Convention Certificate</DefinedTermEn> means a certificate issued under the provisions of the <XRefExternal reference-type="other">International Convention for the Safety of Life at Sea, 1974</XRefExternal>. (<DefinedTermFr>certificat selon la Convention de sécurité</DefinedTermFr>) </Text></Definition><HistoricalNote>SOR/95-267, s. 11; SOR/95-372, s. 9; SOR/2000-341, s. 1.</HistoricalNote></Section><Heading level="1"><TitleText>Application</TitleText></Heading><Section><Label>3</Label><Text>These Regulations</Text><Paragraph><Label>(a)</Label><Text>except Part III, apply in respect of Canadian ships; and</Text></Paragraph><Paragraph><Label>(b)</Label><Text>apply in respect of non-Canadian ships.</Text></Paragraph><HistoricalNote>SOR/97-486, s. 1.</HistoricalNote></Section><Heading level="1"><TitleText>Exemptions</TitleText></Heading><Section><Label>4</Label><Text><Repealed>[Repealed, SOR/95-267, s. 1]</Repealed></Text></Section><Heading level="1"><Label>PART I</Label><TitleText>General</TitleText></Heading><Heading level="2"><TitleText>Payment of Fees</TitleText></Heading><Section><Label>5</Label><Text>The fees set out in these Regulations in respect of services performed by the Marine Safety Branch of the Department of Transport under Part V or Part XV of the Act or regulations made pursuant to those Parts shall be paid to any officer of that Branch.</Text><HistoricalNote>SOR/95-267, s. 11; SOR/95-372, s. 9; SOR/97-486, s. 2.</HistoricalNote></Section><Heading level="2"><TitleText>Proportionate Fees</TitleText></Heading><Section><Label>6</Label><Text>When a ship is inspected at any time within a period of 12 months after the date of the last annual inspection, a new certificate valid for 12 months may be issued upon the payment by the owner of the ship of one-twelfth of the appropriate annual fee for that ship, as specified in section 11 or 12, for each month or part thereof that has elapsed since the date of the last annual inspection.</Text></Section><Section><Label>7</Label><Text><Repealed>[Repealed, SOR/88-630, s. 1]</Repealed></Text></Section><Heading level="2"><TitleText>Extension</TitleText></Heading><Section><Label>8</Label><Text>A fee of $100 is payable for the extension of a short-term certificate or a letter of compliance, other than a letter of compliance referred to in column I of item 7 or 8 of the table to section 30, in relation to an inspection referred to in any of sections 10 to 14, 24, 30, 31 and 34.</Text><HistoricalNote>SI/82-62, s. 1; SI/83-73, s. 1; SOR/84-606, s. 1; SOR/85-1024, s. 1; SOR/94-338, s. 1; SOR/95-267, s. 2; SOR/97-486, s. 3.</HistoricalNote></Section><Heading level="2"><TitleText>Inspections Outside Canada</TitleText></Heading><Section><Label>9</Label><Text>In addition to any expenses payable under section 313 of the Act, the fee payable for inspection of a ship outside Canada is an amount equal to the total of</Text><Paragraph><Label>(a)</Label><Text>the appropriate fee for each survey, inspection or service referred to in sections 10 to 14, 24, 25, 28 to 31 and 34; and</Text></Paragraph><Paragraph><Label>(b)</Label><Text>$400 for each day, or part thereof, that an inspector is outside Canada to make the inspection.</Text></Paragraph><HistoricalNote>SI/82-62, s. 2; SI/83-73, s. 2; SOR/84-606, s. 2; SOR/85-1024, s. 2; SOR/94-338, s. 2; SOR/95-267, s. 2; SOR/97-486, s. 4.</HistoricalNote></Section><Heading level="1"><Label>PART II</Label><TitleText>First Inspections, Re-inspections and Periodical Inspections</TitleText><HistoricalNote>[SOR/97-486, s. 5]</HistoricalNote></Heading><Heading level="2"><TitleText>First Inspection</TitleText></Heading><Section><Label>10</Label><Subsection><Label>(1)</Label><Text>The fee payable for the first inspection of a ship of less than 25 tons, gross tonnage, is an amount equal to $286 plus:</Text><Paragraph><Label>(a)</Label><Text>for a passenger ship having a gross tonnage set out in column I of an item of Table I to section 11, twice the fee set out in column II of that item;</Text></Paragraph><Paragraph><Label>(b)</Label><Text>for a non-passenger ship, other than a ship referred to in paragraph (c), having a gross tonnage set out in column I of an item of Table II to section 11, twice the fee set out in column II of the item; or</Text></Paragraph><Paragraph><Label>(c)</Label><Text>for an unmanned, non-self-propelled ship, including deck cargo barges and barges that carry oil in bulk, having a gross tonnage set out in column I of an item of Table II to section 11, the fee set out in column II of the item.</Text></Paragraph></Subsection><Subsection><Label>(2)</Label><Text>The fee payable for the first inspection of a ship of 25 tons, gross tonnage, or more, is an amount equal to $1,152 plus:</Text><Paragraph><Label>(a)</Label><Text>for a passenger ship having a gross tonnage set out in column I of an item of Table I to section 11, twice the fee set out in column II of that item;</Text></Paragraph><Paragraph><Label>(b)</Label><Text>for a non-passenger ship, other than a ship referred to in paragraph (c), having a gross tonnage set out in column I of an item of Table II to section 11, twice the fee set out in column II of the item; or</Text></Paragraph><Paragraph><Label>(c)</Label><Text>for an unmanned, non-self-propelled ship, including deck cargo barges and barges that carry oil in bulk, having a gross tonnage set out in column I of an item of Table II to section 11, the fee set out in column II of the item.</Text></Paragraph></Subsection><HistoricalNote>SI/82-62, s. 3; SI/83-73, s. 3; SOR/84-606, s. 3; SOR/85-1024, s. 3; SOR/94-338, s. 3; SOR/95-267, s. 2; SOR/97-486, s. 6.</HistoricalNote></Section><Heading level="2"><TitleText>Re-inspection</TitleText></Heading><Section><Label>10.1</Label><Subsection><Label>(1)</Label><Text>The fee payable for the re-inspection of a ship of less than 25 tons gross tonnage that was registered in Canada, then registered elsewhere than in Canada and is then again registered in Canada, is an amount equal to $286 plus:</Text><Paragraph><Label>(a)</Label><Text>for a passenger ship having a gross tonnage set out in column I of an item of Table I to section 11, one and one-half times the fee set out in column II of the item;</Text></Paragraph><Paragraph><Label>(b)</Label><Text>for a non-passenger ship, other than a ship referred to in paragraph (c), having a gross tonnage set out in column I of an item of Table II to section 11, one and one-half times the fee set out in column II of the item; or</Text></Paragraph><Paragraph><Label>(c)</Label><Text>for an unmanned, non-self-propelled ship, including deck cargo barges and barges that carry oil in bulk, having a gross tonnage set out in column I of an item of Table II to section 11, three quarters of the fee set out in column II of the item.</Text></Paragraph></Subsection><Subsection><Label>(2)</Label><Text>The fee payable for the re-inspection of a ship of 25 tons gross tonnage or more that was registered in Canada, then registered elsewhere than in Canada and is then again registered in Canada, is an amount equal to $1,152 plus:</Text><Paragraph><Label>(a)</Label><Text>for a passenger ship having a gross tonnage set out in column I of an item of Table I to section 11, one and one-half times the fee set out in column II of that item;</Text></Paragraph><Paragraph><Label>(b)</Label><Text>for a non-passenger ship, other than a ship referred to in paragraph (c), having a gross tonnage set out in column I of an item of Table II to section 11, one and one-half times the fee set out in column II of the item; or</Text></Paragraph><Paragraph><Label>(c)</Label><Text>for an unmanned, non-self-propelled ship, including deck cargo barges and barges that carry oil in bulk, having a gross tonnage set out in column I of an item of Table II to section 11, three quarters of the fee set out in column II of the item.</Text></Paragraph></Subsection><HistoricalNote>SOR/97-486, s. 7.</HistoricalNote></Section><Heading level="2"><TitleText>Periodical Inspection of Self-Propelled Ships</TitleText></Heading><Section><Label>11</Label><Subsection><Label>(1)</Label><Text>The fee payable for each annual, quadrennial or quinquennial inspection of a self-propelled ship that is subject to annual inspection, subsequent to the first inspection, is</Text><Paragraph><Label>(a)</Label><Text>where the ship is a passenger ship having a gross tonnage referred to in an item set out in Column I of Table I to this section, the amount set out for that item in Column II of that Table; and</Text></Paragraph><Paragraph><Label>(b)</Label><Text>where the ship is a non-passenger ship having a gross tonnage set out in column I of an item of Table II to this section,</Text><Subparagraph><Label>(i)</Label><Text>the fee set out in column II of that item, or</Text></Subparagraph><Subparagraph><Label>(ii)</Label><Text>where the inspection is solely in respect of parts of the ship other than items referred to in subsection 5(2) of the <XRefExternal reference-type="regulation">Classed Ships Inspection Regulations, 1988</XRefExternal>, the lesser of one-half of the fee set out in column II of that item and $770.</Text></Subparagraph></Paragraph><Paragraph><Label>(c)</Label><Text><Repealed>[Repealed, SOR/95-267, s. 3]</Repealed></Text></Paragraph><TableGroup pointsize="8" spanlanguages="yes" topmarginspacing="4"><Caption position="over">TABLE I</Caption><table frame="topbot"><title>PASSENGER SHIPS</title><tgroup cols="4"><colspec colname="1" colwidth="49.29*" /><colspec colname="2" colwidth="177.08*" /><colspec colname="3" colwidth="89.64*" /><colspec colname="4" colwidth="151.99*" /><thead><row topdouble="yes" topmarginspacing="4"><entry colsep="0" rowsep="0" valign="top" /><entry colsep="0" rowsep="0" valign="top">Column I</entry><entry namest="3" nameend="4" colsep="0" rowsep="0" valign="top">Column II</entry></row><row valign="bottom" topmarginspacing="4"><entry colsep="0" rowsep="1" valign="bottom">Item</entry><entry colsep="0" rowsep="1" valign="bottom">Gross Tonnage</entry><entry namest="3" nameend="4" colsep="0" rowsep="1" valign="bottom">Fee</entry></row></thead><tbody><row topmarginspacing="4"><entry colname="1" colsep="0" rowsep="0" valign="top">1</entry><entry colname="2" colsep="0" rowsep="0" valign="top">Under 10 tons</entry><entry colname="3" namest="3" nameend="4" colsep="0" rowsep="0" valign="top">$228</entry></row><row topmarginspacing="4"><entry colname="1" colsep="0" rowsep="0" valign="top">2</entry><entry colname="2" colsep="0" rowsep="0" valign="top">10 tons or more but under 150 tons</entry><entry colname="3" namest="3" nameend="4" colsep="0" rowsep="0" valign="top">$228 plus $3.14 per ton for each additional ton over 10 tons</entry></row><row topmarginspacing="4"><entry colname="1" colsep="0" rowsep="0" valign="top">3</entry><entry colname="2" colsep="0" rowsep="0" valign="top">150 tons or more but under 500 tons</entry><entry colname="3" namest="3" nameend="4" colsep="0" rowsep="0" valign="top">$667 plus $2.44 per ton for each additional ton over 150 tons</entry></row><row topmarginspacing="4"><entry colname="1" colsep="0" rowsep="0" valign="top">4</entry><entry colname="2" colsep="0" rowsep="0" valign="top">500 tons or more but under 1,000 tons</entry><entry colname="3" namest="3" nameend="4" colsep="0" rowsep="0" valign="top">$1,521 plus $1.50 per ton for each additional ton over 500 tons</entry></row><row topmarginspacing="4"><entry colname="1" colsep="0" rowsep="0" valign="top">5</entry><entry colname="2" colsep="0" rowsep="0" valign="top">1,000 tons or more but under 5,000 tons</entry><entry colname="3" namest="3" nameend="4" colsep="0" rowsep="0" valign="top">$2,271 plus $0.75 per ton for each additional ton over 1,000 tons</entry></row><row topmarginspacing="4"><entry colname="1" colsep="0" rowsep="0" valign="top">6</entry><entry colname="2" colsep="0" rowsep="0" valign="top">5,000 tons or more but under 10,000 tons</entry><entry colname="3" namest="3" nameend="4" colsep="0" rowsep="0" valign="top">$5,264 plus $0.48 per ton for each additional ton over 5,000 tons</entry></row><row topmarginspacing="4"><entry colname="1" colsep="0" rowsep="0" valign="top">7</entry><entry colname="2" colsep="0" rowsep="0" valign="top">10,000 tons or more</entry><entry colname="3" namest="3" nameend="4" colsep="0" rowsep="0" valign="top">$7,678 plus $0.41 per ton for each additional ton over 10,000 tons</entry></row></tbody></tgroup></table></TableGroup><TableGroup pointsize="8" spanlanguages="yes" topmarginspacing="4"><Caption position="over">TABLE II</Caption><table frame="topbot"><title>NON-PASSENGER SHIPS</title><tgroup cols="4"><colspec colname="1" colwidth="50.34*" /><colspec colname="2" colwidth="176.53*" /><colspec colname="3" colwidth="97.92*" /><colspec colname="4" colwidth="143.21*" /><thead><row topdouble="yes" topmarginspacing="4"><entry colsep="0" rowsep="0" valign="top" /><entry colsep="0" rowsep="0" valign="top">Column I</entry><entry namest="3" nameend="4" colsep="0" rowsep="0" valign="top">Column II</entry></row><row topmarginspacing="4"><entry colsep="0" rowsep="1" valign="bottom">Item</entry><entry colsep="0" rowsep="1" valign="bottom">Gross Tonnage</entry><entry namest="3" nameend="4" colsep="0" rowsep="1" valign="bottom">Fee</entry></row></thead><tbody><row topmarginspacing="4"><entry colname="1" colsep="0" rowsep="0" valign="top">1</entry><entry colname="2" colsep="0" rowsep="0" valign="top">Under 10 tons</entry><entry colname="3" namest="3" nameend="4" colsep="0" rowsep="0" valign="top">$228</entry></row><row topmarginspacing="4"><entry colname="1" colsep="0" rowsep="0" valign="top">2</entry><entry colname="2" colsep="0" rowsep="0" valign="top">10 tons or more but under 150 tons</entry><entry colname="3" namest="3" nameend="4" colsep="0" rowsep="0" valign="top">$228 plus $2.61 per ton for each additional ton over 10 tons</entry></row><row topmarginspacing="4"><entry colname="1" colsep="0" rowsep="0" valign="top">3</entry><entry colname="2" colsep="0" rowsep="0" valign="top">150 tons or more but under 500 tons</entry><entry colname="3" namest="3" nameend="4" colsep="0" rowsep="0" valign="top">$594 plus $1.93 per ton for each additional ton over 150 tons</entry></row><row topmarginspacing="4"><entry colname="1" colsep="0" rowsep="0" valign="top">4</entry><entry colname="2" colsep="0" rowsep="0" valign="top">500 tons or more but under 1,000 tons</entry><entry colname="3" namest="3" nameend="4" colsep="0" rowsep="0" valign="top">$1,269 plus $1.25 per ton for each additional ton over 500 tons</entry></row><row topmarginspacing="4"><entry colname="1" colsep="0" rowsep="0" valign="top">5</entry><entry colname="2" colsep="0" rowsep="0" valign="top">1,000 tons or more but under 5,000 tons</entry><entry colname="3" namest="3" nameend="4" colsep="0" rowsep="0" valign="top">$1,893 plus $0.58 per ton for each additional ton over 1,000 tons</entry></row><row topmarginspacing="4"><entry colname="1" colsep="0" rowsep="0" valign="top">6</entry><entry colname="2" colsep="0" rowsep="0" valign="top">5,000 tons or more but under 10,000 tons</entry><entry colname="3" namest="3" nameend="4" colsep="0" rowsep="0" valign="top">$4,212 plus $0.34 per ton for each additional ton over 5,000 tons</entry></row><row topmarginspacing="4"><entry colname="1" colsep="0" rowsep="0" valign="top">7</entry><entry colname="2" colsep="0" rowsep="0" valign="top">10,000 tons or more</entry><entry colname="3" namest="3" nameend="4" colsep="0" rowsep="0" valign="top">$5,898 plus $0.25 per ton for each additional ton over 10,000 tons</entry></row></tbody></tgroup></table></TableGroup></Subsection><Subsection><Label>(2)</Label><Text>The fee payable for each quadrennial or quinquennial inspection of a self-propelled ship that is not subject to annual inspection, subsequent to the first inspection, is</Text><Paragraph><Label>(a)</Label><Text>for a passenger ship having a gross tonnage set out in column I of an item of Table I to this section, twice the fee set out in column II of that item; or</Text></Paragraph><Paragraph><Label>(b)</Label><Text>for a non-passenger ship having a gross tonnage set out in column I of an item of Table II to this section,</Text><Subparagraph><Label>(i)</Label><Text>twice the fee set out in column II of that item, or</Text></Subparagraph><Subparagraph><Label>(ii)</Label><Text>where the inspection is solely in respect of parts of the ship other than items referred to in subsection 5(2) of the <XRefExternal reference-type="regulation">Classed Ships Inspection Regulations, 1988</XRefExternal>, the lesser of one-half of the fee set out in column II of that item and $770.</Text></Subparagraph></Paragraph></Subsection><Subsection><Label>(3)</Label><Text>The fees calculated in accordance with subsection (1) or (2) shall be rounded to the nearest whole dollar or, if the amount is equidistant from two whole dollars, to the higher thereof.</Text></Subsection><HistoricalNote>SI/82-62, s. 4; SI/83-73, s. 4; SOR/84-606, s. 4; SOR/85-1024, s. 4; SOR/89-226, s. 1; SOR/94-338, s. 4; SOR/95-267, s. 3.</HistoricalNote></Section><Heading level="2"><TitleText>Periodical Inspection of Non-Self-Propelled Ships</TitleText></Heading><Section><Label>12</Label><Subsection><Label>(1)</Label><Text>The fee payable for each annual, quadrennial or quinquennial inspection of a non-self-propelled ship that is subject to annual inspections, subsequent to the first inspection, is</Text><Paragraph><Label>(a)</Label><Text>for a passenger ship having a gross tonnage set out in column I of an item of Table I to section 11, one-half of the fee set out in column II of that item;</Text></Paragraph><Paragraph><Label>(b)</Label><Text>for a non-passenger ship, other than a ship referred to in paragraph (c), having a gross tonnage set out in column I of an item of Table II to section 11, one half of the fee set out in column II of the item; or</Text></Paragraph><Paragraph><Label>(c)</Label><Text>for an unmanned, non-self-propelled ship, including deck cargo barges and barges that carry oil in bulk, having a gross tonnage set out in column I of an item of Table II to section 11, one half of the fee set out in column II of the item.</Text></Paragraph></Subsection><Subsection><Label>(2)</Label><Text>The fee payable for each quadrennial or quinquennial inspection of a non-self-propelled ship that is not subject to annual inspections, subsequent to the first inspection, is</Text><Paragraph><Label>(a)</Label><Text>for a passenger ship having a gross tonnage set out in column I of an item of Table I to section 11, the fee set out in column II of that item;</Text></Paragraph><Paragraph><Label>(b)</Label><Text>for a non-passenger ship, other than a ship referred to in paragraph (c), having a gross tonnage set out in column I of an item of Table II to section 11, the fee set out in column II of the item; or</Text></Paragraph><Paragraph><Label>(c)</Label><Text>for an unmanned, non-self-propelled ship, including deck cargo barges and barges that carry oil in bulk, having a gross tonnage set out in column I of an item of Table II to section 11, one half of the fee set out in column II of the item.</Text></Paragraph></Subsection><Subsection><Label>(3)</Label><Text>The fees calculated in accordance with subsection (1) or (2) shall be rounded to the nearest whole dollar or, if the amount is equidistant from two whole dollars, to the higher thereof.</Text></Subsection><HistoricalNote>SOR/95-267, s. 4; SOR/97-486, s. 8.</HistoricalNote></Section><Section><Label>13</Label><Text>Notwithstanding paragraphs 12(1)(b) and (2)(b), the fee payable in respect of each annual, quadrennial or quinquennial inspection, subsequent to the first inspection, of a non-passenger, non-self-propelled ship having a gross tonnage set out in column I of an item of the table to this section, where the ship is not subject to periodical inspection of the hull, is the fee set out in column II of that item.</Text><TableGroup bilingual="no" pointsize="8" rowbreak="no" spanlanguages="no" spanmarginalnotecol="no" topmarginspacing="4"><Caption position="over">TABLE</Caption><table frame="topbot"><tgroup cols="3"><colspec colname="1" colwidth="56.34*" /><colspec colname="2" colwidth="308.89*" /><colspec colname="3" colwidth="102.74*" /><thead><row topdouble="yes" topmarginspacing="4"><entry colsep="0" rowsep="0" valign="top" /><entry colsep="0" rowsep="0" valign="top">Column I</entry><entry colsep="0" rowsep="0" valign="top">Column II</entry></row><row topmarginspacing="4"><entry colsep="0" rowsep="1" valign="bottom">Item</entry><entry colsep="0" rowsep="1" valign="bottom">Gross Tonnage</entry><entry colsep="0" rowsep="1" valign="bottom">Fee</entry></row></thead><tbody><row topmarginspacing="4"><entry colname="1" colsep="0" rowsep="0" valign="top">1</entry><entry colname="2" colsep="0" rowsep="0" valign="top">Under 150 tons</entry><entry colname="3" colsep="0" rowsep="0" valign="top">$114</entry></row><row topmarginspacing="4"><entry colname="1" colsep="0" rowsep="0" valign="top">2</entry><entry colname="2" colsep="0" rowsep="0" valign="top">150 tons or more but under 500 tons</entry><entry colname="3" colsep="0" rowsep="0" valign="top">265</entry></row><row topmarginspacing="4"><entry colname="1" colsep="0" rowsep="0" valign="top">3</entry><entry colname="2" colsep="0" rowsep="0" valign="top">500 tons or more but under 1,600 tons</entry><entry colname="3" colsep="0" rowsep="0" valign="top">490</entry></row><row topmarginspacing="4"><entry colname="1" colsep="0" rowsep="0" valign="top">4</entry><entry colname="2" colsep="0" rowsep="0" valign="top">1,600 tons or more but under 3,000 tons</entry><entry colname="3" colsep="0" rowsep="0" valign="top">668</entry></row><row topmarginspacing="4"><entry colname="1" colsep="0" rowsep="0" valign="top">5</entry><entry colname="2" colsep="0" rowsep="0" valign="top">3,000 tons or more</entry><entry colname="3" colsep="0" rowsep="0" valign="top">806</entry></row></tbody></tgroup></table></TableGroup><HistoricalNote>SI/82-62, s. 5; SI/83-73, s. 5; SOR/84-606, s. 5; SOR/85-1024, s. 5; SOR/94-338, s. 5; SOR/95-267, s. 5.</HistoricalNote></Section><Heading level="1"><Label>PART III</Label><TitleText>Inspection of Non-Canadian Ships</TitleText></Heading><Heading level="2"><TitleText>General</TitleText></Heading><Section><Label>14</Label><Subsection><Label>(1)</Label><Text>Subject to subsection (2), where the inspection of a ship that is subject to the <XRefExternal reference-type="act">Coasting Trade Act</XRefExternal> is requested for the issuance of a letter of compliance, the fee payable is</Text><Paragraph><Label>(a)</Label><Text>for the first inspection, the amount specified in section 10 for that ship; and</Text></Paragraph><Paragraph><Label>(b)</Label><Text>for a periodical inspection or partial inspection, the fee specified in section 11 or 12 for that ship.</Text></Paragraph></Subsection><Subsection><Label>(2)</Label><Text>Where a ship is authorized to operate in the coasting trade and is in full compliance with the requirements of the International Maritime Organization (IMO) Conventions to which Canada is a signatory and its period of operation is seven days or less, the fee prescribed in paragraph (1)(a) or (b) is reduced by 90 per cent.</Text></Subsection><HistoricalNote>SOR/97-486, s. 9.</HistoricalNote></Section><Heading level="2"><TitleText>Issue of Safety Convention Certificates</TitleText></Heading><Section><Label>15</Label><Subsection><Label>(1)</Label><Text>Subject to subsections (2) and (3), where inspection of a non-Canadian ship is requested for the purpose of obtaining a Safety Convention Certificate, the fee is as specified in section 11 for that ship.</Text></Subsection><Subsection><Label>(2)</Label><Text>Subject to subsection (3), where inspection of the life saving equipment, fire extinguishing equipment, lights and sound signals of a non-Canadian ship is requested for the purpose of obtaining a Cargo Ship Safety Equipment Certificate only, the fee for that inspection is</Text><Paragraph><Label>(a)</Label><Text>for a ship not over 1,600 tons, gross tonnage <LeaderRightJustified leader="dot" /> $1,000</Text></Paragraph><Paragraph><Label>(b)</Label><Text>for a ship over 1,600 but not over 3,000 tons, gross tonnage <LeaderRightJustified leader="dot" /> 1,500</Text></Paragraph><Paragraph><Label>(c)</Label><Text>for a ship over 3,000 tons, gross tonnage <LeaderRightJustified leader="dot" /> 2,000</Text></Paragraph></Subsection><Subsection><Label>(3)</Label><Text>Where an inspection referred to in subsection (1) or (2) is made concurrently with an inspection referred to in section 14, no fee shall be charged for the inspection referred to in this section.</Text></Subsection><HistoricalNote>SI/82-62, s. 6; SI/83-73, s. 6; SOR/84-606, s. 6; SOR/85-1024, s. 6; SOR/94-338, s. 6; SOR/95-267, s. 6.</HistoricalNote></Section><Heading level="2"><TitleText>Extension of Safety Convention Certificates</TitleText></Heading><Section><Label>16</Label><Text>A fee of $1,000 is payable for an inspection of a non-Canadian ship made for the purpose of extending a Safety Convention Certificate.</Text><HistoricalNote>SI/82-62, s. 7; SI/83-73, s. 7; SOR/84-606, s. 7; SOR/85-1024, s. 7; SOR/94-338, s. 7; SOR/95-267, s. 7.</HistoricalNote></Section><Heading level="2"><TitleText>Authorization for Clearance</TitleText></Heading><Section><Label>17</Label><Text>A fee of $1,000 is payable for each visit that is made by an inspector, where</Text><Paragraph><Label>(a)</Label><Text>an inspection is required for the purpose of obtaining authorization for clearance for a non-Canadian ship to proceed on a voyage from any place in Canada;</Text></Paragraph><Paragraph><Label>(b)</Label><Text>the inspection is not made pursuant to section 14, 15 or 16 for the purpose of issuing or extending a certificate; and</Text></Paragraph><Paragraph><Label>(c)</Label><Text>the inspection is not an inspection referred to in section 17.1, 17.2 or 17.3.</Text></Paragraph><HistoricalNote>SI/82-62, s. 7; SI/83-73, s. 7; SOR/84-606, s. 7; SOR/85-1024, s. 7; SOR/94-338, s. 7; SOR/95-267, s. 7; SOR/97-486, s. 10.</HistoricalNote></Section><Heading level="2"><TitleText>Port State Control Inspection</TitleText></Heading><Section><Label>17.1</Label><Text>A fee of $1,000 is payable for each second and subsequent visit that is made by an inspector, where an inspection is required for the purpose of lifting a detention order so that a non-Canadian ship can proceed on a voyage from any place in Canada.</Text><HistoricalNote>SOR/95-267, s. 7.</HistoricalNote></Section><Section><Label>17.2</Label><Text>A fee of $400 is payable for a second and each subsequent visit made by an inspector, where an inspection is required for the purpose of verifying that a defect that was identified during a Canadian Port State Control Inspection and that did not warrant the issuance of a detention order has been rectified, so that a non-Canadian ship can proceed on a voyage from any place in Canada.</Text><HistoricalNote>SOR/97-486, s. 11.</HistoricalNote></Section><Section><Label>17.3</Label><Text>A fee of $400 is payable for each visit that is made by an inspector where an inspection is required for the purpose of verifying that a defect identified in a Port State Control Inspection Report has been rectified in accordance with the time provisions set out in the Report.</Text><HistoricalNote>SOR/97-486, s. 11.</HistoricalNote></Section><Heading level="1"><Label>PART IV</Label><TitleText>Miscellaneous Inspections, Tests and Certificates</TitleText><HistoricalNote>[SOR/97-486, s. 12]</HistoricalNote></Heading><Heading level="2"><TitleText>Approval of Manufacturing or Servicing Plants</TitleText></Heading><Section><Label>18</Label><Text>A fee of $403 is payable for an inspection, made pursuant to the <XRefExternal reference-type="regulation">Marine Machinery Regulations</XRefExternal>, of a plant for which approval is required for the manufacture or servicing of ships' machinery or equipment.</Text><HistoricalNote>SI/82-62, s. 7; SI/83-73, s. 7; SOR/84-606, s. 7; SOR/85-1024, s. 7; SOR/94-338, s. 7; SOR/95-267, s. 7.</HistoricalNote></Section><Heading level="2"><TitleText>Inspections During Construction or Manufacture</TitleText></Heading><Section><Label>19</Label><Subsection><Label>(1)</Label><Text>Subject to subsection (2), the fee payable for inspection during construction or manufacture of components for use on a ship that are set out in column I of an item of the table to this section is the fee set out in column II of that item.</Text></Subsection><Subsection><Label>(2)</Label><Text>A minimum fee of $100 is payable for each visit made by an inspector for an inspection referred to in subsection (1).</Text><TableGroup bilingual="no" pointsize="7" rowbreak="no" spanlanguages="no" spanmarginalnotecol="no" topmarginspacing="4"><Caption position="over">TABLE</Caption><table frame="topbot"><tgroup cols="3"><colspec colname="1" colwidth="61.77*" /><colspec colname="2" colwidth="319.70*" /><colspec colname="3" colwidth="86.46*" /><thead><row topdouble="yes" topmarginspacing="4"><entry colsep="0" rowsep="0" valign="top" /><entry colsep="0" rowsep="0" valign="top">Column I</entry><entry colsep="0" rowsep="0" valign="top">Column II</entry></row><row topmarginspacing="4"><entry colsep="0" rowsep="1" valign="bottom">Item</entry><entry colsep="0" rowsep="1" valign="bottom">Components Inspected</entry><entry colsep="0" rowsep="1" valign="bottom">Fee ($)</entry></row></thead><tbody><row topmarginspacing="4"><entry colname="1" colsep="0" rowsep="0" valign="top">1</entry><entry colname="2" colsep="0" rowsep="0" valign="top">Boilers, main or auxiliary, each</entry><entry colname="3" colsep="0" rowsep="0" valign="top">400</entry></row><row topmarginspacing="4"><entry colname="1" colsep="0" rowsep="0" valign="top">2</entry><entry colname="2" colsep="0" rowsep="0" valign="top">Heating boilers, each</entry><entry colname="3" colsep="0" rowsep="0" valign="top">160</entry></row><row topmarginspacing="4"><entry colname="1" colsep="0" rowsep="0" valign="top">3</entry><entry colname="2" colsep="0" rowsep="0" valign="top">Unfired pressure vessels, each</entry><entry colname="3" colsep="0" rowsep="0" valign="top">90</entry></row><row topmarginspacing="4"><entry colname="1" colsep="0" rowsep="0" valign="top">4</entry><entry colname="2" colsep="0" rowsep="0" valign="top">Engines, each</entry><entry colname="3" colsep="0" rowsep="0" valign="top">325</entry></row><row topmarginspacing="4"><entry colname="1" colsep="0" rowsep="0" valign="top">5</entry><entry colname="2" colsep="0" rowsep="0" valign="top">Gearing, each</entry><entry colname="3" colsep="0" rowsep="0" valign="top">325</entry></row><row topmarginspacing="4"><entry colname="1" colsep="0" rowsep="0" valign="top">6</entry><entry colname="2" colsep="0" rowsep="0" valign="top">Propulsion electric motors, each</entry><entry colname="3" colsep="0" rowsep="0" valign="top">325</entry></row><row topmarginspacing="4"><entry colname="1" colsep="0" rowsep="0" valign="top">7</entry><entry colname="2" colsep="0" rowsep="0" valign="top">Auxiliary electric motors, each</entry><entry colname="3" colsep="0" rowsep="0" valign="top">160</entry></row><row topmarginspacing="4"><entry colname="1" colsep="0" rowsep="0" valign="top">8</entry><entry colname="2" colsep="0" rowsep="0" valign="top">Propulsion electric generators, each</entry><entry colname="3" colsep="0" rowsep="0" valign="top">325</entry></row><row topmarginspacing="4"><entry colname="1" colsep="0" rowsep="0" valign="top">9</entry><entry colname="2" colsep="0" rowsep="0" valign="top">Auxiliary electric generators, each</entry><entry colname="3" colsep="0" rowsep="0" valign="top">325</entry></row><row topmarginspacing="4"><entry colname="1" colsep="0" rowsep="0" valign="top">10</entry><entry colname="2" colsep="0" rowsep="0" valign="top">Propulsion electric switchboard, each</entry><entry colname="3" colsep="0" rowsep="0" valign="top">200</entry></row><row topmarginspacing="4"><entry colname="1" colsep="0" rowsep="0" valign="top">11</entry><entry colname="2" colsep="0" rowsep="0" valign="top">Auxiliary electric switchboard, each</entry><entry colname="3" colsep="0" rowsep="0" valign="top">160</entry></row><row topmarginspacing="4"><entry colname="1" colsep="0" rowsep="0" valign="top">12</entry><entry colname="2" colsep="0" rowsep="0" valign="top">Propulsion control consoles, each</entry><entry colname="3" colsep="0" rowsep="0" valign="top">125</entry></row><row topmarginspacing="4"><entry colname="1" colsep="0" rowsep="0" valign="top">13</entry><entry colname="2" colsep="0" rowsep="0" valign="top">Motor control centres or panels, with an aggregate rating of 75 kW or over, each</entry><entry colname="3" colsep="0" rowsep="0" valign="top">90</entry></row><row topmarginspacing="4"><entry colname="1" colsep="0" rowsep="0" valign="top">14</entry><entry colname="2" colsep="0" rowsep="0" valign="top">Motor starters or switchgear, with a rating of 75 kW or over, each</entry><entry colname="3" colsep="0" rowsep="0" valign="top">125</entry></row><row topmarginspacing="4"><entry colname="1" colsep="0" rowsep="0" valign="top">15</entry><entry colname="2" colsep="0" rowsep="0" valign="top">Lifeboats, oar propelled, each</entry><entry colname="3" colsep="0" rowsep="0" valign="top">160</entry></row><row topmarginspacing="4"><entry colname="1" colsep="0" rowsep="0" valign="top">16</entry><entry colname="2" colsep="0" rowsep="0" valign="top">Lifeboats, other than oar propelled, each</entry><entry colname="3" colsep="0" rowsep="0" valign="top">240</entry></row><row topmarginspacing="4"><entry colname="1" colsep="0" rowsep="0" valign="top">17</entry><entry colname="2" colsep="0" rowsep="0" valign="top">Life rafts, each</entry><entry colname="3" colsep="0" rowsep="0" valign="top">100</entry></row><row topmarginspacing="4"><entry colname="1" colsep="0" rowsep="0" valign="top">18</entry><entry colname="2" colsep="0" rowsep="0" valign="top">Buoyancy tanks, each</entry><entry colname="3" colsep="0" rowsep="0" valign="top">4</entry></row><row topmarginspacing="4"><entry colname="1" colsep="0" rowsep="0" valign="top">19</entry><entry colname="2" colsep="0" rowsep="0" valign="top">Lifebuoys, each</entry><entry colname="3" colsep="0" rowsep="0" valign="top">2</entry></row><row topmarginspacing="4"><entry colname="1" colsep="0" rowsep="0" valign="top">20</entry><entry colname="2" colsep="0" rowsep="0" valign="top">Lifejackets, each</entry><entry colname="3" colsep="0" rowsep="0" valign="top">2</entry></row><row topmarginspacing="4"><entry colname="1" colsep="0" rowsep="0" valign="top">21</entry><entry colname="2" colsep="0" rowsep="0" valign="top">Other items, for each visit by an inspector</entry><entry colname="3" colsep="0" rowsep="0" valign="top">100</entry></row></tbody></tgroup></table></TableGroup></Subsection><HistoricalNote>SI/82-62, s. 7; SI/83-73, s. 7; SOR/84-606, s. 7; SOR/85-1024, s. 7; SOR/94-338, s. 7; SOR/95-267, s. 7; SOR/97-486, s. 13.</HistoricalNote></Section><Heading level="2"><TitleText>Tests of Materials</TitleText></Heading><Section><Label>20</Label><Text>The fee payable for the inspection or testing of materials used in the construction of hulls, machinery, equipment or cargo gear is</Text><Paragraph><Label>(a)</Label><Text>for each visit made by an inspector for the purposes of inspection and testing <LeaderRightJustified leader="dot" /> $100</Text></Paragraph><Paragraph><Label>(b)</Label><Text>where more than three tests are made at one visit, for each additional test <LeaderRightJustified leader="dot" /> 25</Text></Paragraph><HistoricalNote>SI/82-62, s. 7; SI/83-73, s. 7; SOR/84-606, s. 7; SOR/85-1024, s. 7; SOR/94-338, s. 7; SOR/95-267, s. 7; SOR/97-486, s. 14.</HistoricalNote></Section><Heading level="2"><TitleText>Inspection of Imported Machinery and Equipment</TitleText></Heading><Section><Label>21</Label><Text>The fee payable for inspection during installation of machinery or equipment that was not previously inspected, that was built outside Canada and that is required to be inspected pursuant to the <XRefExternal reference-type="regulation">Marine Machinery Regulations</XRefExternal> is, for machinery or equipment set out in column I of an item of the table to this section, the fee set out in column II of that item.</Text><TableGroup bilingual="no" pointsize="7" rowbreak="no" spanlanguages="no" spanmarginalnotecol="no" topmarginspacing="4"><Caption position="over">TABLE</Caption><table frame="topbot"><tgroup cols="3"><colspec colname="1" colwidth="62.43*" /><colspec colname="2" colwidth="303.32*" /><colspec colname="3" colwidth="102.24*" /><thead><row topdouble="yes" topmarginspacing="4"><?PubTbl row rht="0.36in"?><entry colsep="0" rowsep="0" valign="top" /><entry colsep="0" rowsep="0" valign="top">Column I</entry><entry colsep="0" rowsep="0" valign="top">Column II</entry></row><row topmarginspacing="4" valign="bottom"><entry colsep="0" rowsep="1" valign="bottom">Item</entry><entry colsep="0" rowsep="1" valign="bottom">Machinery or Equipment Inspected</entry><entry colsep="0" rowsep="1" valign="bottom">Fee ($)</entry></row></thead><tbody><row topmarginspacing="4"><entry colname="1" colsep="0" rowsep="0" valign="top">1</entry><entry colname="2" colsep="0" rowsep="0" valign="top">Boilers, main or auxiliary, each</entry><entry colname="3" colsep="0" rowsep="0" valign="top">400</entry></row><row topmarginspacing="4"><entry colname="1" colsep="0" rowsep="0" valign="top">2</entry><entry colname="2" colsep="0" rowsep="0" valign="top">Heating boilers, each</entry><entry colname="3" colsep="0" rowsep="0" valign="top">160</entry></row><row topmarginspacing="4"><entry colname="1" colsep="0" rowsep="0" valign="top">3</entry><entry colname="2" colsep="0" rowsep="0" valign="top">Unfired pressure vessels, each</entry><entry colname="3" colsep="0" rowsep="0" valign="top">90</entry></row><row topmarginspacing="4"><entry colname="1" colsep="0" rowsep="0" valign="top">4</entry><entry colname="2" colsep="0" rowsep="0" valign="top">Engines, each</entry><entry colname="3" colsep="0" rowsep="0" valign="top">325</entry></row><row topmarginspacing="4"><entry colname="1" colsep="0" rowsep="0" valign="top">5</entry><entry colname="2" colsep="0" rowsep="0" valign="top">Gearing, each</entry><entry colname="3" colsep="0" rowsep="0" valign="top">325</entry></row><row topmarginspacing="4"><entry colname="1" colsep="0" rowsep="0" valign="top">6</entry><entry colname="2" colsep="0" rowsep="0" valign="top">Propulsion electric motors, each</entry><entry colname="3" colsep="0" rowsep="0" valign="top">325</entry></row><row topmarginspacing="4"><entry colname="1" colsep="0" rowsep="0" valign="top">7</entry><entry colname="2" colsep="0" rowsep="0" valign="top">Propulsion electric generators, each</entry><entry colname="3" colsep="0" rowsep="0" valign="top">325</entry></row><row topmarginspacing="4"><entry colname="1" colsep="0" rowsep="0" valign="top">8</entry><entry colname="2" colsep="0" rowsep="0" valign="top">Other items, for each visit by an inspector</entry><entry colname="3" colsep="0" rowsep="0" valign="top">100</entry></row></tbody></tgroup></table></TableGroup><HistoricalNote>SI/82-62, s. 7; SI/83-73, s. 7; SOR/84-606, s. 7; SOR/85-1024, s. 7; SOR/94-338, s. 7; SOR/95-267, s. 7; SOR/97-486, s. 15.</HistoricalNote></Section><Heading level="2"><TitleText>Issuance of Certificate of Approval</TitleText></Heading><Section><Label>21.1</Label><Text>The fee payable for the initial issuance of a certificate of approval for structural or outfitting components or for safety equipment is $400, and the fee payable for each renewal of the certificate of approval is $200.</Text><HistoricalNote>SOR/97-486, s. 16.</HistoricalNote></Section><Heading level="1"><Label>PART V</Label><TitleText>Examination of Plans</TitleText></Heading><Heading level="2"><TitleText>Examination or Approval of Plans and Other Documents</TitleText></Heading><Section><Label>22</Label><Subsection><Label>(1)</Label><Text>Subject to subsections (2) and 22.1(2) and section 22.2, the fee payable for the examination or approval of a first submission of each plan, each diagrammatic layout, each system schematic or each technical document submitted in respect of a new ship or modifications to an existing ship of a class set out in column I of an item of the table to this section is the fee set out in column II of the item, and the maximum fee payable in respect of the ship is the fee set out in column III of that item.</Text></Subsection><Subsection><Label>(2)</Label><Text>The fee set out in subsection (1) is not payable in respect of an identical sister ship whose keel is laid, or is at a similar stage of construction, within 18 months of the keel laying of the original ship.</Text></Subsection><Subsection><Label>(3)</Label><Text>The fee payable for the examination or approval of a second and each subsequent submission of each plan, each diagrammatic layout, each system schematic or each technical document submitted in respect of a new ship or modifications to an existing ship of a class set out in column I of an item of the table to this section is one half of the fee set out in column II of the item, with no maximum fee.</Text></Subsection><Subsection><Label>(4)</Label><Text>Where a non-passenger ship or fishing vessel is designed to carry passengers, it shall be considered to be a passenger vessel for the purposes of this section.</Text><TableGroup pointsize="8" spanlanguages="yes" topmarginspacing="4"><Caption position="over">TABLE</Caption><table frame="topbot"><tgroup cols="4"><colspec colname="1" colwidth="42.54*" /><colspec colname="2" colwidth="283.79*" /><colspec colname="3" colwidth="65.77*" /><colspec colname="4" colwidth="63.95*" /><thead><row topdouble="yes" topmarginspacing="4"><entry colsep="0" rowsep="0" valign="top" /><entry colsep="0" rowsep="0" valign="top">Column I</entry><entry colsep="0" rowsep="0" valign="top">Column II</entry><entry colsep="0" rowsep="0" valign="top">Column III</entry></row><row valign="bottom" topmarginspacing="4"><entry colsep="0" rowsep="1" valign="bottom">Item</entry><entry colsep="0" rowsep="1" valign="bottom">Class of Ship</entry><entry colsep="0" rowsep="1" valign="bottom">Fee ($)</entry><entry colsep="0" rowsep="1" valign="bottom">Maximum Fee ($)</entry></row></thead><tbody><row topmarginspacing="4"><entry colname="1" colsep="0" rowsep="0" valign="top">1</entry><entry rowheader="yes" colname="2" colsep="0" rowsep="0" valign="top">Passenger ship where the length is over 61 m</entry><entry colname="3" colsep="0" rowsep="0" valign="top">350</entry><entry colname="4" colsep="0" rowsep="0" valign="top">36,000</entry></row><row topmarginspacing="4"><entry colname="1" colsep="0" rowsep="0" valign="top">2</entry><entry rowheader="yes" colname="2" colsep="0" rowsep="0" valign="top">Passenger ship where the length is over 30.5 m but not over 61 m</entry><entry colname="3" colsep="0" rowsep="0" valign="top">300</entry><entry colname="4" colsep="0" rowsep="0" valign="top">23,000</entry></row><row topmarginspacing="4"><entry colname="1" colsep="0" rowsep="0" valign="top">3</entry><entry rowheader="yes" colname="2" colsep="0" rowsep="0" valign="top">Passenger ship where the length is over 18.3 m but not over 30.5 m</entry><entry colname="3" colsep="0" rowsep="0" valign="top">250</entry><entry colname="4" colsep="0" rowsep="0" valign="top">6,000</entry></row><row topmarginspacing="4"><entry colname="1" colsep="0" rowsep="0" valign="top">4</entry><entry rowheader="yes" colname="2" colsep="0" rowsep="0" valign="top">Passenger ship where the length is 18.3 m or under</entry><entry colname="3" colsep="0" rowsep="0" valign="top">180</entry><entry colname="4" colsep="0" rowsep="0" valign="top">1,500</entry></row><row topmarginspacing="4"><entry colname="1" colsep="0" rowsep="0" valign="top">5</entry><entry rowheader="yes" colname="2" colsep="0" rowsep="0" valign="top">Non-passenger ship where the length is over 61 m</entry><entry colname="3" colsep="0" rowsep="0" valign="top">310</entry><entry colname="4" colsep="0" rowsep="0" valign="top">24,000</entry></row><row topmarginspacing="4"><entry colname="1" colsep="0" rowsep="0" valign="top">6</entry><entry rowheader="yes" colname="2" colsep="0" rowsep="0" valign="top">Non-passenger ship where the length is over 30.5 m but not over 61 m</entry><entry colname="3" colsep="0" rowsep="0" valign="top">280</entry><entry colname="4" colsep="0" rowsep="0" valign="top">14,000</entry></row><row topmarginspacing="4"><entry colname="1" colsep="0" rowsep="0" valign="top">7</entry><entry rowheader="yes" colname="2" colsep="0" rowsep="0" valign="top">Non-passenger ship where the length is over 18.3 m but not over 30.5 m</entry><entry colname="3" colsep="0" rowsep="0" valign="top">200</entry><entry colname="4" colsep="0" rowsep="0" valign="top">4,000</entry></row><row topmarginspacing="4"><entry colname="1" colsep="0" rowsep="0" valign="top">8</entry><entry rowheader="yes" colname="2" colsep="0" rowsep="0" valign="top">Non-passenger ship where the length is 18.3 m or under</entry><entry colname="3" colsep="0" rowsep="0" valign="top">130</entry><entry colname="4" colsep="0" rowsep="0" valign="top">1,200</entry></row><row topmarginspacing="4"><entry colname="1" colsep="0" rowsep="0" valign="top">9</entry><entry rowheader="yes" colname="2" colsep="0" rowsep="0" valign="top">Large fishing vessel</entry><entry colname="3" colsep="0" rowsep="0" valign="top">150</entry><entry colname="4" colsep="0" rowsep="0" valign="top">8,000</entry></row><row topmarginspacing="4"><entry colname="1" colsep="0" rowsep="0" valign="top">10</entry><entry rowheader="yes" colname="2" colsep="0" rowsep="0" valign="top">Small fishing vessel</entry><entry colname="3" colsep="0" rowsep="0" valign="top">90</entry><entry colname="4" colsep="0" rowsep="0" valign="top">1,000</entry></row></tbody></tgroup></table></TableGroup></Subsection><HistoricalNote>SI/82-62, s. 7; SI/83-73, s. 7; SOR/84-606, s. 7; SOR/85-1024, s. 7; SOR/88-630, s. 2; SOR/94-338, s. 7; SOR/95-267, s. 7; SOR/97-486, s. 17; err.(F), Vol. 131, No. 26.</HistoricalNote></Section><Section><Label>22.1</Label><Subsection><Label>(1)</Label><Text>The fee payable for the examination or approval of a first submission of the plans and related technical documents for a component set out in column I of an item of the table to this section for use on a ship is the fee set out in column II of the item.</Text></Subsection><Subsection><Label>(2)</Label><Text>The fee payable for the examination or approval of a second and each subsequent submission of the plans and related technical documents for a component set out in column I of an item of the table to this section for use on a ship is one half of the fee set out in column II of the item.</Text><TableGroup bilingual="no" pointsize="7" rowbreak="no" spanlanguages="no" spanmarginalnotecol="no" topmarginspacing="4"><Caption position="over">TABLE</Caption><table frame="topbot"><tgroup cols="3"><colspec colname="1" colwidth="55.90*" /><colspec colname="2" colwidth="316.99*" /><colspec colname="3" colwidth="95.13*" /><thead><row topdouble="yes" topmarginspacing="4"><?PubTbl row rht="0.36in"?><entry colsep="0" rowsep="0" valign="top" /><entry colsep="0" rowsep="0" valign="top">Column I</entry><entry colsep="0" rowsep="0" valign="top">Column II</entry></row><row topmarginspacing="4"><entry colsep="0" rowsep="1" valign="bottom">Item</entry><entry colsep="0" rowsep="1" valign="bottom">Component for Use on a Ship</entry><entry colsep="0" rowsep="1" valign="bottom">Fee ($)</entry></row></thead><tbody><row topmarginspacing="4"><entry colname="1" colsep="0" rowsep="0" valign="top">1</entry><entry colname="2" colsep="0" rowsep="0" valign="top">Boiler, main or auxiliary</entry><entry colname="3" colsep="0" rowsep="0" valign="top">400</entry></row><row topmarginspacing="4"><entry colname="1" colsep="0" rowsep="0" valign="top">2</entry><entry colname="2" colsep="0" rowsep="0" valign="top">Heating boiler</entry><entry colname="3" colsep="0" rowsep="0" valign="top">160</entry></row><row topmarginspacing="4"><entry colname="1" colsep="0" rowsep="0" valign="top">3</entry><entry colname="2" colsep="0" rowsep="0" valign="top">Unfired pressure vessel</entry><entry colname="3" colsep="0" rowsep="0" valign="top">100</entry></row><row topmarginspacing="4"><entry colname="1" colsep="0" rowsep="0" valign="top">4</entry><entry colname="2" colsep="0" rowsep="0" valign="top">Engine, including certificate of approval</entry><entry colname="3" colsep="0" rowsep="0" valign="top">600</entry></row><row topmarginspacing="4"><entry colname="1" colsep="0" rowsep="0" valign="top">5</entry><entry colname="2" colsep="0" rowsep="0" valign="top">Gearing, including certificate of approval</entry><entry colname="3" colsep="0" rowsep="0" valign="top">400</entry></row><row topmarginspacing="4"><entry colname="1" colsep="0" rowsep="0" valign="top">6</entry><entry colname="2" colsep="0" rowsep="0" valign="top">Propulsion electric motor</entry><entry colname="3" colsep="0" rowsep="0" valign="top">325</entry></row><row topmarginspacing="4"><entry colname="1" colsep="0" rowsep="0" valign="top">7</entry><entry colname="2" colsep="0" rowsep="0" valign="top">Propulsion electric generator</entry><entry colname="3" colsep="0" rowsep="0" valign="top">325</entry></row><row topmarginspacing="4"><entry colname="1" colsep="0" rowsep="0" valign="top">8</entry><entry colname="2" colsep="0" rowsep="0" valign="top">Auxiliary electric generator</entry><entry colname="3" colsep="0" rowsep="0" valign="top">120</entry></row></tbody></tgroup></table></TableGroup></Subsection><HistoricalNote>SOR/97-486, s. 17.</HistoricalNote></Section><Section><Label>22.2</Label><Text>Where more than four copies of a plan, diagrammatic layout, system schematic or technical document are submitted for examination or approval, the fee payable for each additional copy, in respect of a ship of a class set out in column I of an item of the table to section 22 or a component set out in column I of an item of the table to section 22.1 for use on a ship, is one quarter of the fee set out in column II of the item, with no maximum fee.</Text><HistoricalNote>SOR/97-486, s. 17.</HistoricalNote></Section><Heading level="1"><Label>PART VI</Label><TitleText>Load Line Surveys</TitleText></Heading><Heading level="2"><TitleText>Issue and Renewal of Load Line Certificates and Annual Load Line Surveys</TitleText></Heading><Section><Label>23</Label><Text>In this Part,</Text><Definition generate-in-text="no"><Text><DefinedTermEn>classed ship</DefinedTermEn> means a ship that is classed with a classification society approved by the Minister; (<DefinedTermFr>navire classé</DefinedTermFr>)</Text></Definition><Definition generate-in-text="no"><Text><DefinedTermEn>unclassed ship</DefinedTermEn> means a ship other than a classed ship. (<DefinedTermFr>navire non classé</DefinedTermFr>)</Text></Definition></Section><Section><Label>24</Label><Text>Subject to section 25,</Text><Paragraph><Label>(a)</Label><Text>the fee for a Load Line survey made prior to issuing a Load Line Certificate for a classed ship having a gross tonnage referred to in an item set out in Column I of the table to this section is the amount set out for that item in Column II of the table;</Text></Paragraph><Paragraph><Label>(b)</Label><Text>the fee for annual Load Line survey of a classed ship having a gross tonnage referred to in an item set out in Column I of the table to this section or for a Load Line survey made prior to renewing a Load Line Certificate for such a ship, is the amount set out for that item in Column III of the table;</Text></Paragraph><Paragraph><Label>(c)</Label><Text>the fee for a Load Line survey made prior to issuing or renewing a Load Line Certificate for an unclassed ship having a gross tonnage referred to in an item set out in Column I of the table to this section is the amount set out for that item in Column IV of the table; and</Text></Paragraph><Paragraph><Label>(d)</Label><Text>the fee for an annual Load Line survey of an unclassed ship having a gross tonnage referred to in an item set out in Column I of the table to this section is the amount set out for that item in Column V of the table.</Text><TableGroup pointsize="7" rowbreak="no" bilingual="no" spanlanguages="yes" spanmarginalnotecol="yes" topmarginspacing="4"><Caption position="over">TABLE</Caption><table frame="topbot"><tgroup cols="6"><colspec colname="1" colwidth="45.2*" /><colspec colname="2" colwidth="192.6*" /><colspec colname="3" colwidth="100.1*" /><colspec colname="4" colwidth="118.95*" /><colspec colname="5" colwidth="118.95*" /><colspec colname="6" colwidth="72.2*" /><thead><row topdouble="yes" topmarginspacing="4"><entry colsep="0" rowsep="0" valign="top" /><entry colsep="0" rowsep="0" valign="top" /><entry namest="3" nameend="4" colsep="0" rowsep="1" align="center" valign="top">Classed Ships</entry><entry namest="5" nameend="6" colsep="0" rowsep="1" align="center" valign="top">Unclassed Ships</entry></row><row topmarginspacing="4"><entry colsep="0" rowsep="0" valign="top" /><entry colsep="0" rowsep="0" valign="top">Column I</entry><entry colsep="0" rowsep="0" valign="top">Column II</entry><entry colsep="0" rowsep="0" valign="top">Column III</entry><entry colsep="0" rowsep="0" valign="top">Column IV</entry><entry colsep="0" rowsep="0" valign="top">Column V</entry></row><row valign="bottom" topmarginspacing="4"><entry colsep="0" rowsep="1" valign="bottom">Item</entry><entry colsep="0" rowsep="1" valign="bottom">Gross Tonnage</entry><entry colsep="0" rowsep="1" valign="bottom">Fee for Issue of Load Line Certificate ($)</entry><entry colsep="0" rowsep="1" valign="bottom">Fee for Renewal of Load Line Certificate or Annual Load Line Survey ($)</entry><entry colsep="0" rowsep="1" valign="bottom">Fee for Issue of Load Line Certificate or Renewal of Load Line Certificate ($)</entry><entry colsep="0" rowsep="1" valign="bottom">Fee for Annual Load Line Survey ($)</entry></row></thead><tbody><row topmarginspacing="4"><entry colname="1" colsep="0" rowsep="0" valign="top">1</entry><entry rowheader="yes" colname="2" colsep="0" rowsep="0" valign="top">Under 500 tons</entry><entry colname="3" colsep="0" rowsep="0" valign="top">603</entry><entry colname="4" colsep="0" rowsep="0" valign="top">200</entry><entry colname="5" colsep="0" rowsep="0" valign="top">1,210</entry><entry colname="6" colsep="0" rowsep="0" valign="top">200</entry></row><row topmarginspacing="4"><entry colname="1" colsep="0" rowsep="0" valign="top">2</entry><entry rowheader="yes" colname="2" colsep="0" rowsep="0" valign="top">500 tons or more but less than 1,000 tons</entry><entry colname="3" colsep="0" rowsep="0" valign="top">1,009</entry><entry colname="4" colsep="0" rowsep="0" valign="top">400</entry><entry colname="5" colsep="0" rowsep="0" valign="top">2,019</entry><entry colname="6" colsep="0" rowsep="0" valign="top">400</entry></row><row topmarginspacing="4"><entry colname="1" colsep="0" rowsep="0" valign="top">3</entry><entry rowheader="yes" colname="2" colsep="0" rowsep="0" valign="top">1,000 tons or more but less than 2,000 tons</entry><entry colname="3" colsep="0" rowsep="0" valign="top">1,210</entry><entry colname="4" colsep="0" rowsep="0" valign="top">600</entry><entry colname="5" colsep="0" rowsep="0" valign="top">2,989</entry><entry colname="6" colsep="0" rowsep="0" valign="top">600</entry></row><row topmarginspacing="4"><entry colname="1" colsep="0" rowsep="0" valign="top">4</entry><entry rowheader="yes" colname="2" colsep="0" rowsep="0" valign="top">2,000 tons or more but less than 3,000 tons</entry><entry colname="3" colsep="0" rowsep="0" valign="top">1,413</entry><entry colname="4" colsep="0" rowsep="0" valign="top">800</entry><entry colname="5" colsep="0" rowsep="0" valign="top">3,556</entry><entry colname="6" colsep="0" rowsep="0" valign="top">800</entry></row><row topmarginspacing="4"><entry colname="1" colsep="0" rowsep="0" valign="top">5</entry><entry rowheader="yes" colname="2" colsep="0" rowsep="0" valign="top">3,000 tons or more but less than 4,000 tons</entry><entry colname="3" colsep="0" rowsep="0" valign="top">1,616</entry><entry colname="4" colsep="0" rowsep="0" valign="top">800</entry><entry colname="5" colsep="0" rowsep="0" valign="top">4,042</entry><entry colname="6" colsep="0" rowsep="0" valign="top">800</entry></row><row topmarginspacing="4"><entry colname="1" colsep="0" rowsep="0" valign="top">6</entry><entry rowheader="yes" colname="2" colsep="0" rowsep="0" valign="top">4,000 tons or more but less than 5,000 tons</entry><entry colname="3" colsep="0" rowsep="0" valign="top">1,816</entry><entry colname="4" colsep="0" rowsep="0" valign="top">800</entry><entry colname="5" colsep="0" rowsep="0" valign="top">5,012</entry><entry colname="6" colsep="0" rowsep="0" valign="top">800</entry></row><row topmarginspacing="4"><entry colname="1" colsep="0" rowsep="0" valign="top">7</entry><entry rowheader="yes" colname="2" colsep="0" rowsep="0" valign="top">5,000 tons or more but less than 6,000 tons</entry><entry colname="3" colsep="0" rowsep="0" valign="top">2,019</entry><entry colname="4" colsep="0" rowsep="0" valign="top">800</entry><entry colname="5" colsep="0" rowsep="0" valign="top">5,012</entry><entry colname="6" colsep="0" rowsep="0" valign="top">800</entry></row><row topmarginspacing="4"><entry colname="1" colsep="0" rowsep="0" valign="top">8</entry><entry rowheader="yes" colname="2" colsep="0" rowsep="0" valign="top">6,000 tons or more but less than 7,000 tons</entry><entry colname="3" colsep="0" rowsep="0" valign="top">2,223</entry><entry colname="4" colsep="0" rowsep="0" valign="top">800</entry><entry colname="5" colsep="0" rowsep="0" valign="top">5,495</entry><entry colname="6" colsep="0" rowsep="0" valign="top">800</entry></row><row topmarginspacing="4"><entry colname="1" colsep="0" rowsep="0" valign="top">9</entry><entry rowheader="yes" colname="2" colsep="0" rowsep="0" valign="top">7,000 tons or more but less than 8,000 tons</entry><entry colname="3" colsep="0" rowsep="0" valign="top">2,422</entry><entry colname="4" colsep="0" rowsep="0" valign="top">800</entry><entry colname="5" colsep="0" rowsep="0" valign="top">5,982</entry><entry colname="6" colsep="0" rowsep="0" valign="top">800</entry></row><row topmarginspacing="4"><entry colname="1" colsep="0" rowsep="0" valign="top">10</entry><entry rowheader="yes" colname="2" colsep="0" rowsep="0" valign="top">8,000 tons or more but less than 9,000 tons</entry><entry colname="3" colsep="0" rowsep="0" valign="top">2,626</entry><entry colname="4" colsep="0" rowsep="0" valign="top">800</entry><entry colname="5" colsep="0" rowsep="0" valign="top">6,465</entry><entry colname="6" colsep="0" rowsep="0" valign="top">800</entry></row><row topmarginspacing="4"><entry colname="1" colsep="0" rowsep="0" valign="top">11</entry><entry rowheader="yes" colname="2" colsep="0" rowsep="0" valign="top">9,000 tons or more but less than 10,000 tons</entry><entry colname="3" colsep="0" rowsep="0" valign="top">2,829</entry><entry colname="4" colsep="0" rowsep="0" valign="top">800</entry><entry colname="5" colsep="0" rowsep="0" valign="top">6,951</entry><entry colname="6" colsep="0" rowsep="0" valign="top">800</entry></row><row topmarginspacing="4"><entry colname="1" colsep="0" rowsep="0" valign="top">12</entry><entry rowheader="yes" colname="2" colsep="0" rowsep="0" valign="top">10,000 tons or more</entry><entry colname="3" colsep="0" rowsep="0" valign="top">3,030</entry><entry colname="4" colsep="0" rowsep="0" valign="top">800</entry><entry colname="5" colsep="0" rowsep="0" valign="top">7,500</entry><entry colname="6" colsep="0" rowsep="0" valign="top">800</entry></row></tbody></tgroup></table></TableGroup></Paragraph><HistoricalNote>SI/82-62, s. 8; SI/83-73, s. 8; SOR/84-606, s. 8; SOR/85-1024, s. 8; SOR/94-338, s. 8; SOR/95-267, s. 8; SOR/97-486, s. 18.</HistoricalNote></Section><Section><Label>25</Label><Subsection><Label>(1)</Label><Text>For each annual Load Line survey of a ship, a fee of $100 is payable for a second and each subsequent visit by an inspector for the purposes of the survey.</Text></Subsection><Subsection><Label>(2) and (3)</Label><Text><Repealed>[Repealed, SOR/97-486, s. 19]</Repealed></Text></Subsection><Subsection><Label>(4)</Label><Text>Where minor alterations have been made to a ship, having a Load Line Certificate in force, that involve an alteration of the freeboard but do not require a full Load Line survey, the fee for a classed or unclassed ship is an amount equal to the amount of the fee required for that ship in Column III of the table to section 24.</Text></Subsection><Subsection><Label>(5)</Label><Text>Where for special reasons a partial Load Line survey is made and a Load Line Certificate is issued or renewed for a period not exceeding 12 months, the fee is an amount equal to one-half the amount of the fee specified in Column II, III or IV of the table to section 24, as the case may be.</Text></Subsection><HistoricalNote>SI/82-62, s. 9; SI/83-73, s. 9; SOR/84-606, s. 9; SOR/85-1024, s. 9; SOR/94-338, s. 9; SOR/95-267, ss. 9, 11; SOR/95-372, s. 9; SOR/97-486, s. 19.</HistoricalNote></Section><Heading level="2"><TitleText>Extension of Load Line Convention Certificates for Non-Canadian Ships</TitleText></Heading><Section><Label>26</Label><Text>A fee of $1,000 is payable for an inspection of a non-Canadian ship for the purpose of extending a Load Line Convention Certificate.</Text><HistoricalNote>SI/82-62, s. 10; SI/83-73, s. 10; SOR/84-606, s. 10; SOR/85-1024, s. 10; SOR/94-338, s. 10; SOR/95-267, s. 10.</HistoricalNote></Section><Heading level="2"><TitleText>Authorization for Clearance</TitleText></Heading><Section><Label>27</Label><Text>A fee of $1,000 is payable for each visit made by an inspector where</Text><Paragraph><Label>(a)</Label><Text>an inspection is required for the purpose of obtaining authorization for clearance for a non-Canadian ship to proceed on a voyage from any place in Canada;</Text></Paragraph><Paragraph><Label>(b)</Label><Text>the inspection is not made pursuant to section 24, 25 or 26 for the purpose of issuing, renewing or extending a Load Line Certificate; and</Text></Paragraph><Paragraph><Label>(c)</Label><Text>the inspection is not made pursuant to section 17.1, 17.2 or 17.3.</Text></Paragraph><HistoricalNote>SI/82-62, s. 10; SI/83-73, s. 10; SOR/84-606, s. 10; SOR/85-1024, s. 10; SOR/94-338, s. 10; SOR/95-267, s. 10; SOR/97-486, s. 20.</HistoricalNote></Section><Heading level="1"><Label>PART VII</Label></Heading><Heading level="2"><TitleText>Out-of-Hours Duties</TitleText></Heading><Section><Label>28</Label><Text>The fee payable for each visit for the purpose of a survey or inspection of a ship by an inspector, or a service performed by an inspector, at the request of a shipyard operator, shipowner or ship operator, or authorized representative thereof, including the travelling time related to the visit, that is conducted during the hours set out in column I of an item of the table to this section is, in addition to any other fee payable, the greater of the fees set out in columns II and III of the item.</Text><TableGroup pointsize="7" rowbreak="no" bilingual="no" spanlanguages="no" spanmarginalnotecol="no" topmarginspacing="4"><Caption position="over">TABLE</Caption><table frame="topbot"><tgroup cols="4"><colspec colname="1" colwidth="48.23*" /><colspec colname="2" colwidth="198.74*" /><colspec colname="3" colwidth="145.26*" /><colspec colname="4" colwidth="75.80*" /><thead><row topdouble="yes" topmarginspacing="4"><entry colsep="0" rowsep="0" valign="top" /><entry colsep="0" rowsep="0" valign="top">Column I</entry><entry colsep="0" rowsep="0" valign="top">Column II</entry><entry colsep="0" rowsep="0" valign="top">Column III</entry></row><row valign="bottom" topmarginspacing="4"><entry colsep="0" rowsep="1" valign="bottom">Item</entry><entry colsep="0" rowsep="1" valign="bottom">Hours</entry><entry colsep="0" rowsep="1" valign="bottom">Fee per Hour or Fraction of an Hour ($)</entry><entry colsep="0" rowsep="1" valign="bottom">Minimum Fee ($)</entry></row></thead><tbody><row topmarginspacing="4"><entry colname="1" colsep="0" rowsep="0" valign="top">1</entry><entry rowheader="yes" colname="2" colsep="0" rowsep="0" valign="top">Between 5:00 p.m. and 8:00 a.m., Monday to Friday, other than on a holiday</entry><entry colname="3" colsep="0" rowsep="0" valign="top">70</entry><entry colname="4" colsep="0" rowsep="0" valign="top">140</entry></row><row topmarginspacing="4"><entry colname="1" colsep="0" rowsep="0" valign="top">2</entry><entry rowheader="yes" colname="2" colsep="0" rowsep="0" valign="top">Any hour on a Saturday or holiday</entry><entry colname="3" colsep="0" rowsep="0" valign="top">70</entry><entry colname="4" colsep="0" rowsep="0" valign="top">210</entry></row><row topmarginspacing="4"><entry colname="1" colsep="0" rowsep="0" valign="top">3</entry><entry rowheader="yes" colname="2" colsep="0" rowsep="0" valign="top">Any hour on a Sunday</entry><entry colname="3" colsep="0" rowsep="0" valign="top">99</entry><entry colname="4" colsep="0" rowsep="0" valign="top">297</entry></row></tbody></tgroup></table></TableGroup><HistoricalNote>SI/82-62, s. 10; SI/83-73, s. 10; SOR/84-606, s. 10; SOR/85-1024, s. 10; SOR/94-338, s. 10; SOR/95-267, s. 10; SOR/97-486, s. 21.</HistoricalNote></Section><Heading level="2"><TitleText>Standby Fee for Inspectors</TitleText></Heading><Section><Label>29</Label><Text>Where a shipyard operator, shipowner or ship operator, or an authorized representative thereof, requests that an inspector be on call or be made available, either continuously or during specified periods, to survey or inspect a ship or to perform a service, a standby fee of $500 is payable, in addition to all other fees payable, for each calendar day or portion thereof that the inspector is on call or made available.</Text><HistoricalNote>SI/82-62, s. 10; SI/83-73, s. 10; SOR/84-606, s. 10; SOR/85-1024, s. 10; SOR/94-338, s. 10; SOR/95-267, s. 10; SOR/97-486, s. 21.</HistoricalNote></Section><Heading level="2"><TitleText>Other Examinations or Inspections</TitleText></Heading><Section><Label>30</Label><Text>The fee payable for a service set out in column I of an item of the table to this section is the fee set out in column II of the item.</Text><TableGroup pointsize="8" spanlanguages="yes" topmarginspacing="4"><Caption position="over">TABLE</Caption><table frame="topbot"><tgroup cols="3"><colspec colname="1" colwidth="50.15*" /><colspec colname="2" colwidth="356.26*" /><colspec colname="3" colwidth="61.54*" /><thead><row topdouble="yes" topmarginspacing="4"><entry colsep="0" rowsep="0" valign="top" /><entry colsep="0" rowsep="0" valign="top">Column I</entry><entry colsep="0" rowsep="0" valign="top">Column II</entry></row><row topmarginspacing="4"><entry colsep="0" rowsep="1" valign="bottom">Item</entry><entry colsep="0" rowsep="1" valign="bottom">Service</entry><entry colsep="0" rowsep="1" valign="bottom">Fee ($)</entry></row></thead><tbody><row topmarginspacing="4"><entry colname="1" colsep="0" rowsep="0" valign="top">1</entry><entry colname="2" colsep="0" rowsep="0" valign="top">Attendance by an inspector at an overload suspension test of a davit-launched life raft or a gas inflation test or pressure test on an inflatable life raft</entry><entry colname="3" colsep="0" rowsep="0" valign="top">100</entry></row><row topmarginspacing="4"><entry colname="1" colsep="0" rowsep="0" valign="top">2</entry><entry colname="2" colsep="0" rowsep="0" valign="top">Reissuance of an inspection certificate that is required because of a change in the ship’s voyage classification</entry><entry colname="3" colsep="0" rowsep="0" valign="top">400</entry></row><row topmarginspacing="4"><entry colname="1" colsep="0" rowsep="0" valign="top">3</entry><entry colname="2" colsep="0" rowsep="0" valign="top">Issuance of a certificate where an authorized authority has inspected a Canadian registered ship on behalf of the Minister</entry><entry colname="3" colsep="0" rowsep="0" valign="top">400</entry></row><row topmarginspacing="4"><entry colname="1" colsep="0" rowsep="0" valign="top">4</entry><entry colname="2" colsep="0" rowsep="0" valign="top">Issuance of a Safe Manning Document</entry><entry colname="3" colsep="0" rowsep="0" valign="top">400</entry></row><row topmarginspacing="4"><entry colname="1" colsep="0" rowsep="0" valign="top">5</entry><entry colname="2" colsep="0" rowsep="0" valign="top">Renewal of a Safe Manning Document</entry><entry colname="3" colsep="0" rowsep="0" valign="top">100</entry></row><row topmarginspacing="4"><entry colname="1" colsep="0" rowsep="0" valign="top">6</entry><entry colname="2" colsep="0" rowsep="0" valign="top">For each test or examination of a lifting, loading discharging appliance or accessory</entry><entry colname="3" colsep="0" rowsep="0" valign="top">100</entry></row><row topmarginspacing="4"><entry colname="1" colsep="0" rowsep="0" valign="top">7</entry><entry colname="2" colsep="0" rowsep="0" valign="top">Issuance of a letter of compliance for standby ships for the oil industry</entry><entry colname="3" colsep="0" rowsep="0" valign="top">400</entry></row><row topmarginspacing="4"><entry colname="1" colsep="0" rowsep="0" valign="top">8</entry><entry colname="2" colsep="0" rowsep="0" valign="top">Issuance of a letter of compliance for a mobile offshore drilling unit</entry><entry colname="3" colsep="0" rowsep="0" valign="top">400</entry></row><row topmarginspacing="4"><entry colname="1" colsep="0" rowsep="0" valign="top">9</entry><entry colname="2" colsep="0" rowsep="0" valign="top">Issuance of an Exemption Certificate, in accordance with the requirements of the Safety Convention or the Load Line Convention</entry><entry colname="3" colsep="0" rowsep="0" valign="top">400</entry></row><row topmarginspacing="4"><entry colname="1" colsep="0" rowsep="0" valign="top">10</entry><entry colname="2" colsep="0" rowsep="0" valign="top">Cancellation or postponement by a shipyard operator, shipowner or ship operator, or an authorized representative thereof, of an inspection while the inspector is en route to, or when the inspector has arrived at, the inspection site</entry><entry colname="3" colsep="0" rowsep="0" valign="top">100</entry></row><row topmarginspacing="4"><entry colname="1" colsep="0" rowsep="0" valign="top">11</entry><entry colname="2" colsep="0" rowsep="0" valign="top">Attendance by an inspector at a light ship survey or a reinclining test</entry><entry colname="3" colsep="0" rowsep="0" valign="top">400</entry></row><row topmarginspacing="4"><entry colname="1" colsep="0" rowsep="0" valign="top">12</entry><entry colname="2" colsep="0" rowsep="0" valign="top">Examination, inspection or certification, other than those referred to in items 1 to 11, for each visit</entry><entry colname="3" colsep="0" rowsep="0" valign="top">100</entry></row></tbody></tgroup></table></TableGroup><HistoricalNote>SOR/95-267, s. 10; SOR/97-486, s. 21.</HistoricalNote></Section><Heading level="1"><Label>PART VIII</Label><TitleText>Pollution Prevention Fees</TitleText></Heading><Heading level="2"><TitleText>Oil Pollution Prevention</TitleText></Heading><Section><Label>31</Label><Subsection><Label>(1)</Label><Text>In addition to any other fees payable, the fee payable for the inspection of a ship, other than an oil tanker or a barge that carries oil in bulk, leading to the issuance of an International Oil Pollution Prevention Certificate, a Canadian Oil Pollution Prevention Certificate or a Certificate of Compliance (Oil), for a ship of the gross tonnage set out in column I of an item of the table to this subsection, is the applicable fee set out in column II, III or IV of the item.</Text><TableGroup pointsize="7" spanlanguages="yes" topmarginspacing="4"><Caption position="over">TABLE</Caption><table frame="topbot"><title>FEES FOR SHIPS OTHER THAN OIL TANKERS AND BARGES THAT CARRY OIL IN BULK</title><tgroup cols="5"><colspec colname="1" colwidth="44.32*" /><colspec colname="2" colwidth="226.15*" /><colspec colname="3" colwidth="153.23*" /><colspec colname="4" colwidth="126.08*" /><colspec colname="5" colwidth="98.22*" /><thead><row topdouble="yes" topmarginspacing="4"><entry colsep="0" rowsep="0" valign="top" /><entry colsep="0" rowsep="0" valign="top">Column I</entry><entry colsep="0" rowsep="0" valign="top">Column II</entry><entry colsep="0" rowsep="0" valign="top">Column III</entry><entry colsep="0" rowsep="0" valign="top">Column IV</entry></row><row valign="bottom" topmarginspacing="4"><entry colsep="0" rowsep="1" valign="bottom">Item</entry><entry colsep="0" rowsep="1" valign="bottom">Gross Tonnage</entry><entry colsep="0" rowsep="1" valign="bottom">Fee for Each First and Each 5-Year Periodical Inspection ($)</entry><entry colsep="0" rowsep="1" valign="bottom">Fee for Each Intermediate Inspection ($)</entry><entry colsep="0" rowsep="1" valign="bottom">Fee for Each Annual Inspection ($)</entry></row></thead><tbody><row topmarginspacing="4"><entry colname="1" colsep="0" rowsep="0" valign="top">1</entry><entry rowheader="yes" colname="2" colsep="0" rowsep="0" valign="top">400 tons or more but less than 1,000 tons</entry><entry colname="3" colsep="0" rowsep="0" valign="top">300</entry><entry colname="4" colsep="0" rowsep="0" valign="top">200</entry><entry colname="5" colsep="0" rowsep="0" valign="top">100</entry></row><row topmarginspacing="4"><entry colname="1" colsep="0" rowsep="0" valign="top">2</entry><entry rowheader="yes" colname="2" colsep="0" rowsep="0" valign="top">1,000 tons or more but less than 4,000 tons</entry><entry colname="3" colsep="0" rowsep="0" valign="top">360</entry><entry colname="4" colsep="0" rowsep="0" valign="top">270</entry><entry colname="5" colsep="0" rowsep="0" valign="top">135</entry></row><row topmarginspacing="4"><entry colname="1" colsep="0" rowsep="0" valign="top">3</entry><entry rowheader="yes" colname="2" colsep="0" rowsep="0" valign="top">4,000 tons or more but less than 10,000 tons</entry><entry colname="3" colsep="0" rowsep="0" valign="top">540</entry><entry colname="4" colsep="0" rowsep="0" valign="top">360</entry><entry colname="5" colsep="0" rowsep="0" valign="top">180</entry></row><row topmarginspacing="4"><entry colname="1" colsep="0" rowsep="0" valign="top">4</entry><entry rowheader="yes" colname="2" colsep="0" rowsep="0" valign="top">10,000 tons or more but less than 150,000 tons</entry><entry colname="3" colsep="0" rowsep="0" valign="top">720</entry><entry colname="4" colsep="0" rowsep="0" valign="top">450</entry><entry colname="5" colsep="0" rowsep="0" valign="top">225</entry></row><row topmarginspacing="4"><entry colname="1" colsep="0" rowsep="0" valign="top">5</entry><entry rowheader="yes" colname="2" colsep="0" rowsep="0" valign="top">150,000 tons or more</entry><entry colname="3" colsep="0" rowsep="0" valign="top">810</entry><entry colname="4" colsep="0" rowsep="0" valign="top">540</entry><entry colname="5" colsep="0" rowsep="0" valign="top">270</entry></row></tbody></tgroup></table></TableGroup></Subsection><Subsection><Label>(2)</Label><Text>In addition to any other fees payable, the fee payable for the inspection of an oil tanker or a barge that carries oil in bulk under Annex I of the Pollution Convention, leading to the issuance of an International Oil Pollution Prevention Certificate, a Canadian Oil Pollution Prevention Certificate or a Certificate of Compliance (Oil), for a ship having the gross tonnage set out in column I of an item of the table to this subsection, is the applicable fee set out in column II, III or IV of the item.</Text><TableGroup pointsize="7" spanlanguages="yes" topmarginspacing="4"><Caption position="over">TABLE</Caption><table frame="topbot"><title>FEES FOR OIL TANKERS AND BARGES THAT CARRY OIL IN BULK</title><tgroup cols="5"><colspec colname="1" colwidth="44.03*" /><colspec colname="2" colwidth="226.02*" /><colspec colname="3" colwidth="151.35*" /><colspec colname="4" colwidth="126.59*" /><colspec colname="5" colwidth="95.65*" /><thead><row topdouble="yes" topmarginspacing="4"><entry colsep="0" rowsep="0" valign="top" /><entry colsep="0" rowsep="0" valign="top">Column I</entry><entry colsep="0" rowsep="0" valign="top">Column II</entry><entry colsep="0" rowsep="0" valign="top">Column III</entry><entry colsep="0" rowsep="0" valign="top">Column IV</entry></row><row valign="bottom" topmarginspacing="4"><entry colsep="0" rowsep="1" valign="bottom">Item</entry><entry colsep="0" rowsep="1" valign="bottom">Gross Tonnage</entry><entry colsep="0" rowsep="1" valign="bottom">Fee for Each First and Each 5-Year Periodical Inspection ($)</entry><entry colsep="0" rowsep="1" valign="bottom">Fee for Each Intermediate Inspection ($)</entry><entry colsep="0" rowsep="1" valign="bottom">Fee for Each Annual Inspection ($)</entry></row></thead><tbody><row topmarginspacing="4"><entry colname="1" colsep="0" rowsep="0" valign="top">1</entry><entry rowheader="yes" colname="2" colsep="0" rowsep="0" valign="top">150 tons or more but less than 1,000 tons</entry><entry colname="3" colsep="0" rowsep="0" valign="top">360</entry><entry colname="4" colsep="0" rowsep="0" valign="top">270</entry><entry colname="5" colsep="0" rowsep="0" valign="top">135</entry></row><row topmarginspacing="4"><entry colname="1" colsep="0" rowsep="0" valign="top">2</entry><entry rowheader="yes" colname="2" colsep="0" rowsep="0" valign="top">1,000 tons or more but less than 4,000 tons</entry><entry colname="3" colsep="0" rowsep="0" valign="top">540</entry><entry colname="4" colsep="0" rowsep="0" valign="top">360</entry><entry colname="5" colsep="0" rowsep="0" valign="top">180</entry></row><row topmarginspacing="4"><entry colname="1" colsep="0" rowsep="0" valign="top">3</entry><entry rowheader="yes" colname="2" colsep="0" rowsep="0" valign="top">4,000 tons or more but less than 10,000 tons</entry><entry colname="3" colsep="0" rowsep="0" valign="top">630</entry><entry colname="4" colsep="0" rowsep="0" valign="top">420</entry><entry colname="5" colsep="0" rowsep="0" valign="top">210</entry></row><row topmarginspacing="4"><entry colname="1" colsep="0" rowsep="0" valign="top">4</entry><entry rowheader="yes" colname="2" colsep="0" rowsep="0" valign="top">10,000 tons or more but less than 150,000 tons</entry><entry colname="3" colsep="0" rowsep="0" valign="top">990</entry><entry colname="4" colsep="0" rowsep="0" valign="top">660</entry><entry colname="5" colsep="0" rowsep="0" valign="top">330</entry></row><row topmarginspacing="4"><entry colname="1" colsep="0" rowsep="0" valign="top">5</entry><entry rowheader="yes" colname="2" colsep="0" rowsep="0" valign="top">150,000 tons or more</entry><entry colname="3" colsep="0" rowsep="0" valign="top">1,170</entry><entry colname="4" colsep="0" rowsep="0" valign="top">780</entry><entry colname="5" colsep="0" rowsep="0" valign="top">390</entry></row></tbody></tgroup></table></TableGroup></Subsection><HistoricalNote>SOR/97-486, s. 21.</HistoricalNote></Section><Heading level="2"><TitleText>Examination of Plans and Technical Documents</TitleText></Heading><Section><Label>32</Label><Subsection><Label>(1)</Label><Text>The fee payable for the examination of a first submission of a plan or technical document for any class of ship, which plan or document is set out in column I of an item of the table to this section, is the fee set out in column II of the item.</Text></Subsection><Subsection><Label>(2)</Label><Text>The fee payable for the examination of a second and each subsequent submission of a plan or technical document set out in column I of an item of the table to this section, is one half of the fee set out in column II of the item.</Text></Subsection><Subsection><Label>(3)</Label><Text>Where an existing ship is modified and the modifications constitute a major conversion as defined in Annex I, chapter I, Regulation 1(8), of the Pollution Convention, the fee payable for the first or a subsequent submission of a plan or technical document is the fee referred to in subsection (1) or (2), as applicable.</Text></Subsection><Subsection><Label>(4)</Label><Text>Where more than four copies of a plan or technical document set out in column I of an item of the table to this section are submitted for examination, the fee payable for each additional copy is one quarter of the fee set out in column II of the item.</Text><TableGroup bilingual="no" pointsize="7" rowbreak="no" spanlanguages="no" spanmarginalnotecol="no" topmarginspacing="4"><Caption position="over">TABLE</Caption><table frame="topbot"><tgroup cols="3"><colspec colname="1" colwidth="52.40*" /><colspec colname="2" colwidth="338.18*" /><colspec colname="3" colwidth="77.47*" /><thead><row topdouble="yes" topmarginspacing="4"><?PubTbl row rht="0.35in"?><entry colsep="0" rowsep="0" valign="top" /><entry colsep="0" rowsep="0" valign="top">Column I</entry><entry colsep="0" rowsep="0" valign="top">Column II</entry></row><row topmarginspacing="4"><entry colsep="0" rowsep="1" valign="bottom">Item</entry><entry colsep="0" rowsep="1" valign="bottom">Plan or Technical Document</entry><entry colsep="0" rowsep="1" valign="bottom">Fee ($)</entry></row></thead><tbody><row topmarginspacing="4"><entry colname="1" colsep="0" rowsep="0" valign="top">1</entry><entry colname="2" colsep="0" rowsep="0" valign="top">Shipboard Oil Pollution Emergency Plan</entry><entry colname="3" colsep="0" rowsep="0" valign="top">200</entry></row><row topmarginspacing="4"><entry colname="1" colsep="0" rowsep="0" valign="top">2</entry><entry colname="2" colsep="0" rowsep="0" valign="top"><XRefExternal reference-type="other">Crude Oil Washing Manual</XRefExternal></entry><entry colname="3" colsep="0" rowsep="0" valign="top">300</entry></row><row topmarginspacing="4"><entry colname="1" colsep="0" rowsep="0" valign="top">3</entry><entry colname="2" colsep="0" rowsep="0" valign="top"><XRefExternal reference-type="other">Inert Gas System Manual</XRefExternal></entry><entry colname="3" colsep="0" rowsep="0" valign="top">300</entry></row><row topmarginspacing="4"><entry colname="1" colsep="0" rowsep="0" valign="top">4</entry><entry colname="2" colsep="0" rowsep="0" valign="top"><XRefExternal reference-type="other">Dedicated Clean Ballast Tank Operation Manual</XRefExternal></entry><entry colname="3" colsep="0" rowsep="0" valign="top">200</entry></row><row topmarginspacing="4"><entry colname="1" colsep="0" rowsep="0" valign="top">5</entry><entry colname="2" colsep="0" rowsep="0" valign="top"><XRefExternal reference-type="other">Oil Discharge Monitoring and Control System Manual</XRefExternal></entry><entry colname="3" colsep="0" rowsep="0" valign="top">200</entry></row><row topmarginspacing="4"><entry colname="1" colsep="0" rowsep="0" valign="top">6</entry><entry colname="2" colsep="0" rowsep="0" valign="top"><XRefExternal reference-type="other">Damage Stability Booklet</XRefExternal> (including hypothetical outflow calculation)</entry><entry colname="3" colsep="0" rowsep="0" valign="top">400</entry></row><row topmarginspacing="4"><entry colname="1" colsep="0" rowsep="0" valign="top">7</entry><entry colname="2" colsep="0" rowsep="0" valign="top"><XRefExternal reference-type="other">Procedures and Arrangement Manual</XRefExternal> of the ship</entry><entry colname="3" colsep="0" rowsep="0" valign="top">400</entry></row></tbody></tgroup></table></TableGroup></Subsection><HistoricalNote>SOR/97-486, s. 21; SOR/99-215, s. 2(F).</HistoricalNote></Section><Heading level="2"><TitleText>Inspection of Pollution Prevention Equipment</TitleText></Heading><Section><Label>33</Label><Subsection><Label>(1)</Label><Text>The fee payable for an inspection during the construction or manufacture of components of a piece of a ship's operational pollution prevention equipment is $100.</Text></Subsection><Subsection><Label>(2)</Label><Text>The fee payable for the issuance of a Certificate of Approval of a ship's operational pollution prevention equipment, when inspected, tested and approved by an inspector in accordance with an International Maritime Organization (IMO) Standard, is $300.</Text></Subsection><Subsection><Label>(3)</Label><Text>The fee payable for the issuance of a Certificate of Approval of a ship's operational pollution prevention equipment that meets the requirements of the <XRefExternal reference-type="regulation">Oil Pollution Prevention Regulations</XRefExternal> and the <XRefExternal reference-type="regulation">Dangerous Chemicals and Noxious Liquid Substances Regulations</XRefExternal>, when approved by another Administration that is a signatory to the Pollution Convention, is $400.</Text></Subsection><HistoricalNote>SOR/97-486, s. 21; SOR/2000-341, s. 2.</HistoricalNote></Section><Heading level="2"><TitleText>Dangerous Chemical and Noxious Liquid Substance — under Annex II to the Pollution Convention</TitleText></Heading><Section><Label>34</Label><Subsection><Label>(1)</Label><Text>In addition to any other fees payable, the fee payable for an inspection leading to the issuance of an International Pollution Prevention Certificate for the Carriage of Noxious Liquid Substances in Bulk, a Canadian Pollution Prevention Certificate for the Carriage of Noxious Liquid Substances in Bulk, an International Certificate of Fitness for the Carriage of Dangerous Chemicals in Bulk, a Certificate of Fitness for the Carriage of Dangerous Chemicals in Bulk or a Certificate of Compliance (Noxious Liquid Substances), for a ship having the gross tonnage set out in column I of an item of the table to this section, is the applicable fee set out in column II, III or IV of the item.</Text><TableGroup pointsize="7" spanlanguages="yes" topmarginspacing="4"><Caption position="over">TABLE</Caption><table frame="topbot"><tgroup cols="5"><colspec colname="1" colwidth="44.22*" /><colspec colname="2" colwidth="243.24*" /><colspec colname="3" colwidth="144.54*" /><colspec colname="4" colwidth="118.10*" /><colspec colname="5" colwidth="97.90*" /><thead><row topdouble="yes" topmarginspacing="4"><entry colsep="0" rowsep="0" valign="top" /><entry colsep="0" rowsep="0" valign="top">Column I</entry><entry colsep="0" rowsep="0" valign="top">Column II</entry><entry colsep="0" rowsep="0" valign="top">Column III</entry><entry colsep="0" rowsep="0" valign="top">Column IV</entry></row><row valign="bottom" topmarginspacing="4"><entry colsep="0" rowsep="1" valign="bottom">Item</entry><entry colsep="0" rowsep="1" valign="bottom">Gross Tonnage</entry><entry colsep="0" rowsep="1" valign="bottom">Fee for Each First and Each 5-Year Periodical Inspection ($)</entry><entry colsep="0" rowsep="1" valign="bottom">Fee for Each Intermediate Inspection ($)</entry><entry colsep="0" rowsep="1" valign="bottom">Fee for Each Annual Inspection ($)</entry></row></thead><tbody><row topmarginspacing="4"><entry colname="1" colsep="0" rowsep="0" valign="top">1</entry><entry rowheader="yes" colname="2" colsep="0" rowsep="0" valign="top">Less than 150 tons</entry><entry colname="3" colsep="0" rowsep="0" valign="top">300</entry><entry colname="4" colsep="0" rowsep="0" valign="top">200</entry><entry colname="5" colsep="0" rowsep="0" valign="top">100</entry></row><row topmarginspacing="4"><entry colname="1" colsep="0" rowsep="0" valign="top">2</entry><entry rowheader="yes" colname="2" colsep="0" rowsep="0" valign="top">150 tons or more but less than 3,000 tons</entry><entry colname="3" colsep="0" rowsep="0" valign="top">360</entry><entry colname="4" colsep="0" rowsep="0" valign="top">270</entry><entry colname="5" colsep="0" rowsep="0" valign="top">135</entry></row><row topmarginspacing="4"><entry colname="1" colsep="0" rowsep="0" valign="top">3</entry><entry rowheader="yes" colname="2" colsep="0" rowsep="0" valign="top">3,000 tons or more but less than 6,000 tons</entry><entry colname="3" colsep="0" rowsep="0" valign="top">540</entry><entry colname="4" colsep="0" rowsep="0" valign="top">360</entry><entry colname="5" colsep="0" rowsep="0" valign="top">180</entry></row><row topmarginspacing="4"><entry colname="1" colsep="0" rowsep="0" valign="top">4</entry><entry rowheader="yes" colname="2" colsep="0" rowsep="0" valign="top">6,000 tons or more but less than 10,000 tons</entry><entry colname="3" colsep="0" rowsep="0" valign="top">720</entry><entry colname="4" colsep="0" rowsep="0" valign="top">450</entry><entry colname="5" colsep="0" rowsep="0" valign="top">225</entry></row><row topmarginspacing="4"><entry colname="1" colsep="0" rowsep="0" valign="top">5</entry><entry rowheader="yes" colname="2" colsep="0" rowsep="0" valign="top">10,000 tons or more</entry><entry colname="3" colsep="0" rowsep="0" valign="top">810</entry><entry colname="4" colsep="0" rowsep="0" valign="top">540</entry><entry colname="5" colsep="0" rowsep="0" valign="top">270</entry></row></tbody></tgroup></table></TableGroup></Subsection><Subsection><Label>(2)</Label><Text>In addition to any other fee payable, a fee of $10 is payable for the inspection of a ship in respect of each dangerous chemical or noxious liquid substance specified in Annex II to the Pollution Convention and Chapter 17 of the <XRefExternal reference-type="other">International Code for the Construction and Equipment of Ships Carrying Dangerous Chemicals in Bulk</XRefExternal> (IBC Code) and listed for carriage in the <XRefExternal reference-type="other">Procedures and Arrangement Manual</XRefExternal> of the ship.</Text></Subsection><HistoricalNote>SOR/97-486, s. 21.</HistoricalNote></Section><Heading level="2"><TitleText>Great Lakes Sewage Pollution Prevention</TitleText></Heading><Heading level="3"><TitleText>Inspection of Marine Sanitation Devices</TitleText></Heading><Section><Label>35</Label><Subsection><Label>(1)</Label><Text>The fee payable for an inspection during the construction or manufacture of components of each piece of a ship's operational marine sanitation device is $100.</Text></Subsection><Subsection><Label>(2)</Label><Text>The fee payable for the issuance of a Certificate of Approval of a ship's operational marine sanitation device, when inspected, tested and approved by an inspector in accordance with the <XRefExternal reference-type="regulation">Great Lakes Sewage Pollution Prevention Regulations</XRefExternal>, is $300.</Text></Subsection><Subsection><Label>(3)</Label><Text>The fee payable for the issuance of a Certificate of Approval of a ship's operational marine sanitation device that meets the requirements of the <XRefExternal reference-type="regulation">Great Lakes Sewage Pollution Prevention Regulations</XRefExternal>, when approved by another Administration, is $400.</Text></Subsection><HistoricalNote>SOR/97-486, s. 21; SOR/98-524, s. 10.</HistoricalNote></Section></Body></Regulation>