﻿<?xml version="1.0" encoding="utf-8"?><!DOCTYPE Regulation PUBLIC "-//Justice Canada//DTD Regulation v1.2.2//EN" "Dtd/Regulations/Version_1.2.2/regulation.dtd"><Regulation regulation-type="SOR" xml:lang="en"><Identification><InstrumentNumber>C.R.C., c. 160</InstrumentNumber><ConsolidationDate><Date><YYYY>2018</YYYY><MM>07</MM><DD>06</DD></Date></ConsolidationDate><LastModifiedDate><Date><YYYY>2005</YYYY><MM>6</MM><DD>10</DD></Date></LastModifiedDate><EnablingAuthority><XRefExternal reference-type="act">AGRICULTURAL PRODUCTS MARKETING ACT</XRefExternal></EnablingAuthority><ShortTitle>Manitoba Turkey Order</ShortTitle><LongTitle>Order Granting Authority to Regulate the Marketing in Interprovincial and Export Trade of Turkeys Produced in Manitoba</LongTitle></Identification><Body><Heading level="1"><TitleText>Short Title</TitleText></Heading><Section><Label>1</Label><Text>This Order may be cited as the <XRefExternal reference-type="regulation">Manitoba Turkey Order</XRefExternal>.</Text></Section><Heading level="1"><TitleText>Interpretation</TitleText></Heading><Section><Label>2</Label><Text>In this Order,</Text><Definition generate-in-text="no"><Text><DefinedTermEn>Act</DefinedTermEn> means <XRefExternal reference-type="act">The Natural Products Marketing Act</XRefExternal> of Manitoba; (<DefinedTermFr>Loi</DefinedTermFr>)</Text></Definition><Definition generate-in-text="no"><Text><DefinedTermEn>Board</DefinedTermEn><Repealed>[Revoked, SOR/82-669, s. 1]</Repealed></Text></Definition><Definition generate-in-text="no"><Text><DefinedTermEn>Commodity Board</DefinedTermEn> means the Manitoba Turkey Producers’ Marketing Board established pursuant to the Act; (<DefinedTermFr>Office de commercialisation</DefinedTermFr>)</Text></Definition><Definition generate-in-text="no"><Text><DefinedTermEn>Plan</DefinedTermEn> means any plan for the marketing of turkeys, established and amended from time to time pursuant to the Act; (<DefinedTermFr>Plan</DefinedTermFr>)</Text></Definition><Definition generate-in-text="no"><Text><DefinedTermEn>turkey</DefinedTermEn> means a turkey of any variety, grade or class raised or kept for slaughter within the Province of Manitoba. (<DefinedTermFr>dindon</DefinedTermFr>) </Text></Definition><HistoricalNote>SOR/82-669, s. 1.</HistoricalNote></Section><Heading level="1"><TitleText>Interprovincial and Export Trade</TitleText></Heading><Section><Label>3</Label><Text>The Commodity Board is authorized to regulate the marketing of turkeys in interprovincial and export trade and for such purposes may, by order, with respect to persons and property situated within the Province of Manitoba, exercise all or any powers like the powers exercisable by it in relation to the marketing of turkeys locally within that Province under the Act and Plan, other than those powers that are exercised by the Canadian Turkey Marketing Agency pursuant to the <XRefExternal reference-type="act">Farm Products Marketing Agencies Act</XRefExternal>.</Text><HistoricalNote>SOR/82-669, s. 2.</HistoricalNote></Section><Heading level="1"><TitleText>Levies</TitleText></Heading><Section><Label>4</Label><Text>The Commodity Board is authorized,</Text><Paragraph><Label>(a)</Label><Text><Repealed>[Revoked, SOR/80-90]</Repealed></Text></Paragraph><Paragraph><Label>(b)</Label><Text>in relation to the powers granted to it by section 3 with respect to the marketing of turkeys in interprovincial and export trade,</Text></Paragraph><ContinuedSectionSubsection><Text>to make orders, fixing, imposing and collecting levies or charges from persons situated within the Province of Manitoba who are engaged in the production or marketing of turkeys and for such purpose classifying such persons into groups and fixing the levies or charges payable by the members of different groups in different amounts and the Commodity Board may use such levies or charges for its purposes, including the creation of reserves and the payment of expenses and losses resulting from the sale or disposal of turkeys and the equalization or adjustment among the producers of turkeys of moneys realized from the sale thereof during such period or periods of time as it may determine.</Text></ContinuedSectionSubsection><HistoricalNote>SOR/80-90.</HistoricalNote></Section></Body></Regulation>