﻿<?xml version="1.0" encoding="utf-8"?><!DOCTYPE Regulation PUBLIC "-//Justice Canada//DTD Regulation v1.2.2//EN" "Dtd/Regulations/Version_1.2.2/regulation.dtd"><Regulation regulation-type="SOR" xml:lang="en"><Identification><InstrumentNumber>C.R.C., c. 739</InstrumentNumber><LastAmendedDate><Date><YYYY>1998</YYYY><MM>01</MM><DD>21</DD></Date></LastAmendedDate><ConsolidationDate><Date><YYYY>2018</YYYY><MM>07</MM><DD>06</DD></Date></ConsolidationDate><EnablingAuthority><XRefExternal reference-type="act">FINANCIAL ADMINISTRATION ACT</XRefExternal></EnablingAuthority><ShortTitle>Advertising Material Remission Order</ShortTitle><LongTitle>Order Respecting the Remission of Taxes Paid or Payable Under Division III of Part IX and Under any Other Part of the Excise Tax Act on Certain Kinds of Advertising Material</LongTitle></Identification><Body><Heading level="1"><TitleText>Short Title</TitleText></Heading><Section><Label>1</Label><Text>This Order may be cited as the <XRefExternal reference-type="regulation">Advertising Material Remission Order</XRefExternal>.</Text></Section><Heading level="1"><TitleText>Interpretation</TitleText></Heading><Section><Label>2</Label><Text>In this Order, <DefinedTermEn>advertising material</DefinedTermEn> means catalogues, price-lists and trade notices.</Text></Section><Heading level="1"><TitleText>Remission</TitleText></Heading><Section><Label>3</Label><Text>Subject to section 4, remission is hereby granted of all taxes paid or payable under Division III of Part IX and under any other Part of the <XRefExternal reference-type="act">Excise Tax Act</XRefExternal> on advertising material imported into Canada on or after January 1, 1991, relating to</Text><Paragraph><Label>(a)</Label><Text>goods offered for sale or rental;</Text></Paragraph><Paragraph><Label>(b)</Label><Text>transport services; or</Text></Paragraph><Paragraph><Label>(c)</Label><Text>commercial insurance services.</Text></Paragraph><HistoricalNote>SI/88-18, s. 2(E); SI/91-8, s. 2; SI/98-7, s. 2.</HistoricalNote></Section><Section><Label>4</Label><Text>The remission mentioned in section 3 shall be granted only if</Text><Paragraph><Label>(a)</Label><Text>each importation of advertising material</Text><Subparagraph><Label>(i)</Label><Text>consists of one document,</Text></Subparagraph><Subparagraph><Label>(ii)</Label><Text>consists of more than one document but does not include more than one copy of any one document, or</Text></Subparagraph><Subparagraph><Label>(iii)</Label><Text>irrespective of the number of documents or copies, does not exceed 1 kg (2.205 lbs.) in gross weight; and</Text></Subparagraph></Paragraph><Paragraph><Label>(b)</Label><Text>the advertising material clearly indicates the name of the foreign supplier of the goods or services, and does not indicate any Canadian source of supply for the goods or services.</Text></Paragraph></Section></Body></Regulation>