﻿<?xml version="1.0" encoding="utf-8"?><!DOCTYPE Regulation PUBLIC "-//Justice Canada//DTD Regulation v1.2.2//EN" "Dtd/Regulations/Version_1.2.2/regulation.dtd"><Regulation regulation-type="SOR" xml:lang="en"><Identification><InstrumentNumber>C.R.C., c. 1311</InstrumentNumber><ConsolidationDate><Date><YYYY>2018</YYYY><MM>07</MM><DD>06</DD></Date></ConsolidationDate><LastModifiedDate><Date><YYYY>2005</YYYY><MM>7</MM><DD>25</DD></Date></LastModifiedDate><EnablingAuthority><XRefExternal reference-type="act">FOREIGN MISSIONS AND INTERNATIONAL ORGANIZATIONS ACT</XRefExternal></EnablingAuthority><ShortTitle>I.I.C.A. Privileges and Immunities Order</ShortTitle><LongTitle>Order Respecting the Privileges and Immunities in Canada of the Inter-American Institute of Agricultural Science (I.I.C.A.)</LongTitle></Identification><Body><Heading level="1"><TitleText>Short Title</TitleText></Heading><Section><Label>1</Label><Text>This Order may be cited as the <XRefExternal reference-type="regulation">I.I.C.A. Privileges and Immunities Order</XRefExternal>.</Text></Section><Heading level="1"><TitleText>Interpretation</TitleText></Heading><Section><Label>2</Label><Text>In this Order,</Text><Definition generate-in-text="no"><Text><DefinedTermEn>Convention</DefinedTermEn> means the Convention on the Privileges and Immunities of the United Nations; (<DefinedTermFr>Convention</DefinedTermFr>)</Text></Definition><Definition generate-in-text="no"><Text><DefinedTermEn>Organization</DefinedTermEn> means the Inter-American Institute of Agricultural Sciences. (<DefinedTermFr>Organisation</DefinedTermFr>)</Text></Definition></Section><Heading level="1"><TitleText>Privileges and Immunities</TitleText></Heading><Section><Label>3</Label><Subsection><Label>(1)</Label><Text>The Organization shall have in Canada the legal capacities of a body corporate and shall, to such extent as may be required for the performance of its functions, have the privileges and immunities set forth in Articles II and III of the Convention.</Text></Subsection><Subsection><Label>(2)</Label><Text>Representatives of states and governments that are Members of the Organization shall have in Canada, to such extent as may be required for the performance of its functions, the privileges and immunities set forth in Articles IV of the Convention for representatives of Members.</Text></Subsection><Subsection><Label>(3)</Label><Text>Officials of the Organization shall have in Canada, to such extent as may be required for the performance of their functions, the privileges and immunities set forth in Article V of the Convention for officials of the United Nations.</Text></Subsection><Subsection><Label>(4)</Label><Text>Experts performing missions for the Organization shall have in Canada, to such extent as may be required for the performance of their functions, the privileges and immunities set forth in Article VI of the Convention for experts on missions for the United Nations.</Text></Subsection></Section></Body></Regulation>