﻿<?xml version="1.0" encoding="utf-8"?><!DOCTYPE Regulation PUBLIC "-//Justice Canada//DTD Regulation v1.2.2//EN" "Dtd/Regulations/Version_1.2.2/regulation.dtd"><Regulation regulation-type="SOR" xml:lang="en"><Identification><InstrumentNumber>C.R.C., c. 240</InstrumentNumber><ConsolidationDate><Date><YYYY>2018</YYYY><MM>07</MM><DD>06</DD></Date></ConsolidationDate><LastModifiedDate><Date><YYYY>2005</YYYY><MM>6</MM><DD>13</DD></Date></LastModifiedDate><EnablingAuthority><XRefExternal reference-type="act">AGRICULTURAL PRODUCTS MARKETING ACT</XRefExternal></EnablingAuthority><ShortTitle>P.E.I. Vegetable Information (Interprovincial and Export) Regulations</ShortTitle><LongTitle>Regulations Respecting the Information Required from Persons Engaged in the Production in Prince Edward Island of Certain Vegetables and the Marketing of them in Interprovincial and Export Trade</LongTitle></Identification><Body><Heading level="1"><TitleText>Short Title</TitleText></Heading><Section><Label>1</Label><Text>These Regulations may be cited as the <XRefExternal reference-type="regulation">P.E.I. Vegetable Information (Interprovincial and Export) Regulations</XRefExternal>.</Text></Section><Heading level="1"><TitleText>Interpretation</TitleText></Heading><Section><Label>2</Label><Text>In these Regulations,</Text><Definition generate-in-text="no"><Text><DefinedTermEn>Commodity Board</DefinedTermEn> means the Prince Edward Island Vegetable Commodity Marketing Board; (<DefinedTermFr>Office de commercialisation</DefinedTermFr>)</Text></Definition><Definition generate-in-text="no"><Text><DefinedTermEn>person</DefinedTermEn> means any individual, firm, partnership, association or corporation that grows or markets the vegetable and includes any servants or agents thereof; (<DefinedTermFr>personne</DefinedTermFr>)</Text></Definition><Definition generate-in-text="no"><Text><DefinedTermEn>vegetable</DefinedTermEn> means any turnip produced in the Province of Prince Edward Island. (<DefinedTermFr>légumes</DefinedTermFr>)</Text></Definition></Section><Heading level="1"><TitleText>Application</TitleText></Heading><Section><Label>3</Label><Text>These Regulations apply only to vegetable when marketed in interprovincial and export trade and to persons and property situated in the Province of Prince Edward Island.</Text></Section><Heading level="1"><TitleText>Records</TitleText></Heading><Section><Label>4</Label><Subsection><Label>(1)</Label><Text>Every person engaged in the production or marketing of vegetable shall keep complete and accurate records of all matters relating to such production or marketing.</Text></Subsection><Subsection><Label>(2)</Label><Text>Every person referred to in subsection (1) shall, upon the request of the Commodity Board or any member or authorized representative of the Commodity Board, produce to the Commodity Board, member or representative all records referred to in that subsection.</Text></Subsection></Section><Heading level="1"><TitleText>Inspection and Information</TitleText></Heading><Section><Label>5</Label><Subsection><Label>(1)</Label><Text>Any member or authorized representative of the Commodity Board may at any reasonable time inspect any place or premises used for the production or marketing of vegetable.</Text></Subsection><Subsection><Label>(2)</Label><Text>Every person in possession or control of any place or premises referred to in subsection (1) shall</Text><Paragraph><Label>(a)</Label><Text>permit any member or authorized representative of the Commodity Board to inspect the place or premises; and</Text></Paragraph><Paragraph><Label>(b)</Label><Text>furnish any member or authorized representative of the Commodity Board with such information in respect of the production and marketing of vegetable as he may reasonably require.</Text></Paragraph></Subsection></Section><Heading level="1"><TitleText>Appeal</TitleText></Heading><Section><Label>6</Label><Text>Any person aggrieved by any act or decision of any member or authorized representative of the Commodity Board may appeal to the Commodity Board and, if not satisfied with the decision of the Commodity Board, may appeal to the Prince Edward Island Marketing Board.</Text></Section></Body></Regulation>