﻿<?xml version="1.0" encoding="utf-8"?><!DOCTYPE Regulation PUBLIC "-//Justice Canada//DTD Regulation v1.2.2//EN" "Dtd/Regulations/Version_1.2.2/regulation.dtd"><Regulation regulation-type="SOR" xml:lang="en"><Identification><InstrumentNumber>C.R.C., c. 1298</InstrumentNumber><ConsolidationDate><Date><YYYY>2018</YYYY><MM>07</MM><DD>06</DD></Date></ConsolidationDate><LastModifiedDate><Date><YYYY>2005</YYYY><MM>11</MM><DD>25</DD></Date></LastModifiedDate><EnablingAuthority><XRefExternal reference-type="act">CANADA POST CORPORATION ACT</XRefExternal></EnablingAuthority><ShortTitle>Undeliverable and Redirected Mail Regulations</ShortTitle><LongTitle>Regulations Providing for the Disposition of Undeliverable and Redirected Mail</LongTitle></Identification><Body><Heading level="1"><TitleText>Short Title</TitleText></Heading><Section><Label>1</Label><Text>These Regulations may be cited as the <XRefExternal reference-type="regulation">Undeliverable and Redirected Mail Regulations</XRefExternal>.</Text></Section><Heading level="1"><TitleText>Interpretation</TitleText><HistoricalNote>[SOR/2000-199, s. 12(F)]</HistoricalNote></Heading><Section><Label>2</Label><Text>In these Regulations,</Text><Definition generate-in-text="no"><Text><DefinedTermEn>address mail</DefinedTermEn><Repealed>[Repealed, SOR/88-442, s. 1]</Repealed></Text></Definition><Definition generate-in-text="no"><Text><DefinedTermEn>redirected mail</DefinedTermEn> means mail that cannot be delivered as addressed because the addressee has filed with the Corporation a request to redirect mail form; (<DefinedTermFr>envoi réexpédié</DefinedTermFr>)</Text></Definition><Definition generate-in-text="no"><Text><DefinedTermEn>request mail</DefinedTermEn><Repealed>[Repealed, SOR/88-442, s. 1]</Repealed></Text></Definition><Definition generate-in-text="no"><Text><DefinedTermEn>request to redirect mail</DefinedTermEn><Repealed>[Repealed, SOR/90-16, s. 1]</Repealed></Text></Definition><Definition generate-in-text="no"><Text><DefinedTermEn>undeliverable mail</DefinedTermEn> means mail that for any cause cannot be delivered to the addressee and includes any mail the delivery of which is prohibited by law or is refused by the addressee or on which postage due is not paid by the sender on demand. (<DefinedTermFr>objet non livrable</DefinedTermFr><Emphasis style="italic"> ou </Emphasis><DefinedTermFr>envoi tombé en rebut</DefinedTermFr><Emphasis style="italic"> ou </Emphasis><DefinedTermFr>rebuts</DefinedTermFr>) </Text></Definition><HistoricalNote>SOR/86-1106, s. 1; SOR/88-442, s. 1; SOR/90-16, s. 1; SOR/98-558, s. 3(E).</HistoricalNote></Section><Heading level="1"><TitleText>Application</TitleText></Heading><Section><Label>3</Label><Text>These Regulations apply to undeliverable and redirected mail.</Text></Section><Heading level="1"><TitleText>Redirected Mail</TitleText></Heading><Section><Label>4</Label><Text>Subject to sections 5 and 6, and on payment of the applicable fee for a redirection of mail, redirected mail shall be delivered to the addressee at the forwarding address left by that person.</Text><HistoricalNote>SOR/82-29, s. 1; SOR/86-1106, s. 2; SOR/87-165, s. 1; SOR/88-442, s. 2; SOR/98-556, s. 1; SOR/2003-382, s. 7(F).</HistoricalNote></Section><Section><Label>4.1 and 4.2</Label><Text><Repealed>[Repealed, SOR/94-209, s. 1]</Repealed></Text></Section><Section><Label>5</Label><Subsection><Label>(1)</Label><Text>Where mail is addressed to an individual, or to the attention of an individual, at the address of an organization, an association, a corporation or an establishment that has the character of a commercial enterprise, that mail shall not be redirected by the Corporation for delivery to that individual at a forwarding address in or outside Canada, notwithstanding that the individual has filed with the Corporation a request to redirect mail form.</Text></Subsection><Subsection><Label>(2)</Label><Text>Subject to sections 6 and 7, where a person files with the Corporation a request to redirect mail form setting out a forwarding address outside Canada, the Corporation shall redirect that person’s mail to the forwarding address unless the sender of the mail requests that it not be redirected.</Text></Subsection><Subsection><Label>(3)</Label><Text>Where redirected mail that is letter mail bears on its cover a request for return to sender and the sender has entered into an agreement with the corporation for such return, it shall be returned to the sender.</Text></Subsection><Subsection><Label>(4)</Label><Text>If the name of the addressee on addressed admail is followed by the words “or occupant” or similar wording, that mail shall not be redirected by the Corporation.</Text></Subsection><HistoricalNote>SOR/79-65, s. 1; SOR/79-813, s. 1(F); SOR/86-107, s. 1; SOR/86-1106, s. 3; SOR/90-16, s. 2; SOR/91-183, s. 1; SOR/92-699, s. 2; SOR/98-556, s. 2; SOR/2003-382, s. 8(F).</HistoricalNote></Section><Section><Label>6</Label><Subsection><Label>(1)</Label><Text>Where redirected mail that is addressed admail bears on its cover a request for return to the sender, it shall be returned to the sender.</Text></Subsection><Subsection><Label>(2) and (3)</Label><Text><Repealed>[Repealed, SOR/94-209, s. 2]</Repealed></Text></Subsection><HistoricalNote>SOR/78-289, s. 1; SOR/83-61, s. 1; SOR/87-688, s. 1; SOR/88-442, s. 3; SOR/88-622, s. 1; SOR/90-803, s. 1; SOR/91-638, s. 1; SOR/94-209, s. 2; SOR/2003-382, s. 11F).</HistoricalNote></Section><Section><Label>7</Label><Text>Notwithstanding section 6, where an employee of the Corporation believes on reasonable grounds that a person is sending addressed admail by post to obtain a forwarding address that would not otherwise be available to the person, the employee shall redirect the mail to the addressee.</Text><HistoricalNote>SOR/78-289, s. 2; SOR/87-165, s. 2; SOR/87-688, s. 2; SOR/88-442, s. 4; SOR/88-622, s. 2; SOR/90-803, s. 2; SOR/2003-382, s. 11(F).</HistoricalNote></Section><Section><Label>8</Label><Subsection><Label>(1)</Label><Text>Redirected mail that is returned to the sender or forwarded to the addressee is subject to accrued postage due charges, if any.</Text></Subsection><Subsection><Label>(2)</Label><Text><Repealed>[Repealed, SOR/91-638, s. 2]</Repealed></Text></Subsection><HistoricalNote>SOR/82-29, s. 2; SOR/83-61, s. 2; SOR/87-165, s. 3; SOR/88-442, s. 4; SOR/90-16, s. 3; SOR/91-638, s. 2; SOR/98-556, s. 3; SOR/2003-382, s. 9(F).</HistoricalNote></Section><Section><Label>8.1</Label><Text><Repealed>[Repealed, SOR/94-209, s. 3]</Repealed></Text></Section><Section><Label>8.2</Label><Text>Where an item of mail that consists of international letters, printed papers, small packets or literature for the blind bears an endorsement on the address side indicating that the item is not to be redirected to the addressee, that item shall be treated as undeliverable mail.</Text><HistoricalNote>SOR/88-442, s. 4.</HistoricalNote></Section><Heading level="1"><TitleText>Undeliverable Mail</TitleText></Heading><Section><Label>9</Label><Subsection><Label>(1)</Label><Text>Subject to sections 10, 12, 14 and 18, undeliverable mail shall be returned to the sender or forwarded to the addressee on payment of the applicable fee.</Text></Subsection><Subsection><Label>(2)</Label><Text>Undeliverable mail that is returned to the sender or forwarded to the addressee is also subject to accrued postage due charges, if any.</Text></Subsection><Subsection><Label>(2.1)</Label><Text>Despite subsections (1) and (2), mail that is addressed admail or unaddressed admail shall be withheld from delivery by the Corporation and returned to the sender, if</Text><Paragraph><Label>(a)</Label><Text>the sender makes a written application to the Corporation for the return of the mail;</Text></Paragraph><Paragraph><Label>(b)</Label><Text>the sender’s application stipulates the special circumstances that require the mail to be returned, such as an error or omission made by the sender with respect to the mail;</Text></Paragraph><Paragraph><Label>(c)</Label><Text>the sender enters into an agreement with the Corporation for the return of the mail; and</Text></Paragraph><Paragraph><Label>(d)</Label><Text>the sender agrees to pay the applicable fee.</Text></Paragraph></Subsection><HistoricalNote>SOR/82-29, s. 3; SOR/88-442, s. 5; SOR/90-16, s. 4; SOR/91-183, s. 2; SOR/91-629, s. 1; SOR/91-638, s. 3; SOR/98-556, s. 4; SOR/2003-376, s. 1; SOR/2003-382, s. 10(F); SOR/2006-232, s. 1.</HistoricalNote></Section><Heading level="1"><TitleText>Handling Procedure</TitleText></Heading><Section><Label>10</Label><Subsection><Label>(1)</Label><Text>Subject to subsection (2), undeliverable mail that bears the return address of the sender on its cover shall</Text><Paragraph><Label>(a)</Label><Text>if the address of the sender is in Canada, be returned to the sender by the Corporation; and</Text></Paragraph><Paragraph><Label>(b)</Label><Text>if the address of the sender is outside Canada, be handled pursuant to section 15.</Text></Paragraph></Subsection><Subsection><Label>(2)</Label><Text>If an item of undeliverable mail is incentive letter mail as defined in the <XRefExternal reference-type="other">Canada Postal Guide</XRefExternal>, addressed admail, publications mail or advertising or promotional matter addressed to householders and bears on its cover the return address of a sender in Canada, it must be handled in a manner set out in the <XRefExternal reference-type="other">Canada Postal Guide</XRefExternal>, as it read on June 1, 2010.</Text></Subsection><HistoricalNote>SOR/88-442, s. 6; SOR/88-622, s. 3; SOR/90-803, s. 3; SOR/91-638, s. 4; SOR/2003-376, s. 2; SOR/2003-382, s. 11(F); SOR/2008-285, s. 4; SOR/2010-289, s. 4.</HistoricalNote></Section><Section><Label>11</Label><Text>Undeliverable mail that cannot be redirected or returned to the sender owing to an insufficient or incorrect address on the cover of the mail shall be sent to the appropriate regional undeliverable mail office and</Text><Paragraph><Label>(a)</Label><Text>opened to determine whether it contains the address of the sender or addressee, in the case of mail posted in Canada; or</Text></Paragraph><Paragraph><Label>(b)</Label><Text>handled pursuant to section 15, in the case of mail posted elsewhere than in Canada.</Text></Paragraph></Section><Heading level="1"><TitleText>Handling Procedure for Domestic Undeliverable Mail</TitleText></Heading><Section><Label>12</Label><Subsection><Label>(1)</Label><Text>Subject to subsection (2), undeliverable mail that is opened pursuant to section 11 and found to contain the address of the sender or addressee in Canada shall be placed under separate cover and returned to the sender or forwarded to the addressee.</Text></Subsection><Subsection><Label>(2)</Label><Text>If an item of undeliverable mail that is opened under section 11 is incentive letter mail as defined in the <XRefExternal reference-type="other">Canada Postal Guide</XRefExternal>, addressed admail, publications mail or advertising or promotional matter addressed to householders, it must be handled in a manner set out in the <XRefExternal reference-type="other">Canada Postal Guide</XRefExternal>, as it read on June 1, 2010.</Text></Subsection><HistoricalNote>SOR/88-442, s. 7; SOR/88-622, s. 4; SOR/90-803, s. 4; SOR/91-638, s. 5; SOR/2003-376, s. 3; SOR/2003-382, s. 11(F); SOR/2008-285, s. 5; SOR/2010-289, s. 5.</HistoricalNote></Section><Section><Label>13</Label><Text>Where undeliverable mail, opened pursuant to section 11, does not contain sufficient information to permit the mail to be returned to the sender or forwarded to the addressee, it shall be handled as follows:</Text><Paragraph><Label>(a)</Label><Text>mail with no obvious value shall be destroyed;</Text></Paragraph><Paragraph><Label>(b)</Label><Text>where the mail contains cash, the cash shall be deposited to the credit of the Canada Post Corporation;</Text></Paragraph><Paragraph><Label>(c)</Label><Text>subject to paragraph (d), where the mail contains merchandise, the merchandise shall be sold or otherwise disposed of in a manner approved by the Canada Post Corporation and the proceeds of such disposition shall be deposited to the credit of the Canada Post Corporation; and</Text></Paragraph><Paragraph><Label>(d)</Label><Text>where the disposition of merchandise in accordance with paragraph (c) would be contrary to any law of Canada or of any province or where, in the opinion of the Canada Post Corporation, the merchandise is dangerous or is of an immoral or indecent character, the merchandise shall be disposed of in a manner approved by the Canada Post Corporation.</Text></Paragraph><HistoricalNote>SOR/81-841, s. 1; SOR/82-347, s. 1.</HistoricalNote></Section><Heading level="1"><TitleText>Detained Domestic Undeliverable Mail</TitleText></Heading><Section><Label>14</Label><Text>Mail posted in Canada, detained by the Minister under paragraph 47(3)(a) of the <XRefExternal reference-type="act">Canada Post Corporation Act</XRefExternal> and declared to be undeliverable mail under paragraph 47(3)(b) or deemed to be undeliverable mail under subsection 47(4) of that Act shall be handled as follows:</Text><Paragraph><Label>(a)</Label><Text>mail</Text><Subparagraph><Label>(i)</Label><Text>with no obvious value,</Text></Subparagraph><Subparagraph><Label>(ii)</Label><Text>that contravenes any provision of the <XRefExternal reference-type="act">Criminal Code</XRefExternal> or other law of Canada, and</Text></Subparagraph><Subparagraph><Label>(iii)</Label><Text>that by order of the Minister may not be returned to the sender</Text></Subparagraph><ContinuedParagraph><Text>shall be destroyed; and</Text></ContinuedParagraph></Paragraph><Paragraph><Label>(b)</Label><Text>mail, other than that referred to in paragraph (a), shall be handled pursuant to sections 10 to 13.</Text></Paragraph><HistoricalNote>SOR/81-841, s. 2; SOR/98-558, s. 4.</HistoricalNote></Section><Heading level="1"><TitleText>International Undeliverable Mail</TitleText></Heading><Section><Label>15</Label><Subsection><Label>(1)</Label><Text>Undeliverable mail posted elsewhere than in Canada shall be dealt with as follows:</Text><Paragraph><Label>(a)</Label><Text>where the mail was posted in Australia, Great Britain (including Northern Ireland), the Republic of Ireland, Mexico or the United States with postage thereon paid at the current rate of postage for letters in that country and where the mail bears a return address, with or without a request for return, the mail shall be returned directly to the sender;</Text></Paragraph><Paragraph><Label>(b)</Label><Text>subject to subsection (1.1), where the mail was posted in a country other than a country mentioned in paragraph (a) with postage thereon paid at the current rate of postage for letters in that country, whether or not the mail bears a return address or request for return, the mail shall be returned to an office of exchange of the country of origin; and</Text></Paragraph><Paragraph><Label>(c)</Label><Text>mail on which the postage has not been paid at the current rate of postage for letters in the country of origin shall be sent to the appropriate regional undeliverable mail office and handled in accordance with subsections (2) and (3) except that mail referred to in those subsections that is posted in the United States shall be returned to the sender.</Text></Paragraph></Subsection><Subsection><Label>(1.1)</Label><Text>Postcards that do not bear a return address and are posted in countries other than those referred to in paragraph (1)(a) shall be destroyed.</Text></Subsection><Subsection><Label>(2)</Label><Text>A regional undeliverable mail office shall return</Text><Paragraph><Label>(a)</Label><Text>undeliverable mail that consists of printed papers and that is registered or bears a request for return, and</Text></Paragraph><Paragraph><Label>(b)</Label><Text>mail that consists of small packets, literature for the blind or books whether registered or unregistered,</Text></Paragraph><ContinuedSectionSubsection><Text>to the country of origin of the mail.</Text></ContinuedSectionSubsection></Subsection><Subsection><Label>(3)</Label><Text>A regional undeliverable mail office shall destroy mail that</Text><Paragraph><Label>(a)</Label><Text>is not registered;</Text></Paragraph><Paragraph><Label>(b)</Label><Text>consists of undeliverable printed papers posted elsewhere than in Canada; and</Text></Paragraph><Paragraph><Label>(c)</Label><Text>does not bear a request for return.</Text></Paragraph></Subsection><HistoricalNote>SOR/82-29, s. 4; SOR/83-623, s. 1.</HistoricalNote></Section><Heading level="1"><TitleText>Undeliverable International Parcels</TitleText></Heading><Section><Label>16</Label><Text>Undeliverable mail that consists of parcels posted elsewhere than in Canada and that does not bear a request for abandonment shall be sent to the appropriate exchange office for return to the country of origin.</Text></Section><Heading level="1"><TitleText>Newspapers and Periodicals</TitleText><HistoricalNote>[SOR/91-183, s. 3]</HistoricalNote></Heading><Section><Label>17</Label><Subsection><Label>(1)</Label><Text>Where a subscriber to a newspaper or periodical has moved from the place to which the newspaper or periodical is addressed and</Text><Paragraph><Label>(a)</Label><Text>has not filed with the Corporation a request to redirect mail form, or</Text></Paragraph><Paragraph><Label>(b)</Label><Text>has filed the request referred to in paragraph (a) with the Corporation but the redirection period specified in the request has expired,</Text></Paragraph><ContinuedSectionSubsection><Text>the Corporation may treat the newspaper or periodical as undeliverable mail.</Text></ContinuedSectionSubsection></Subsection><Subsection><Label>(2)</Label><Text>Where a subscriber referred to in subsection (1) files with the Corporation a request to redirect mail form, the Corporation may notify the publisher of the newspaper or periodical that the address of the subscriber has changed.</Text></Subsection><Subsection><Label>(3)</Label><Text>The notification referred to in subsection (2) shall be in the form set out in Schedule III.</Text></Subsection><HistoricalNote>SOR/85-560, s. 1; SOR/87-165, s. 4(F); SOR/90-16, s. 5; SOR/91-183, s. 4; SOR/96-212, s. 1.</HistoricalNote></Section><Heading level="1"><TitleText>Detained International Undeliverable Mail</TitleText></Heading><Section><Label>18</Label><Text>Mail posted elsewhere than in Canada, detained by the Minister under paragraph 47(3)(a) of the <XRefExternal reference-type="act">Canada Post Corporation Act</XRefExternal> and declared to be undeliverable mail under paragraph 47(3)(b) or deemed to be undeliverable mail under subsection 47(4) of that Act shall be handled as follows:</Text><Paragraph><Label>(a)</Label><Text>mail</Text><Subparagraph><Label>(i)</Label><Text>with no obvious value,</Text></Subparagraph><Subparagraph><Label>(ii)</Label><Text>that contravenes any provision of the <XRefExternal reference-type="act">Criminal Code</XRefExternal> or other law of Canada, and</Text></Subparagraph><Subparagraph><Label>(iii)</Label><Text>that by order of the Minister may not be returned to the sender</Text></Subparagraph><ContinuedParagraph><Text>shall be destroyed; and</Text></ContinuedParagraph></Paragraph><Paragraph><Label>(b)</Label><Text>mail, other than that referred to in paragraph (a), shall be handled as set out in sections 15 and 16.</Text></Paragraph><HistoricalNote>SOR/81-841, s. 3; SOR/85-560, s. 2; SOR/98-558, s. 5.</HistoricalNote></Section><Heading level="1"><TitleText>Non-mailable Matter</TitleText></Heading><Section><Label>19</Label><Text>Notwithstanding anything in these Regulations, undeliverable mail that is found to be non-mailable matter pursuant to the <XRefExternal reference-type="regulation">Non-mailable Matter Regulations</XRefExternal> shall be dealt with in accordance with those Regulations.</Text><HistoricalNote>SOR/90-16, s. 6.</HistoricalNote></Section><Heading level="1"><TitleText>Detention Period</TitleText></Heading><Section><Label>20</Label><Text>The Canada Post Corporation may detain mail for a period not exceeding 30 days where, in its opinion, the detention of such mail is in the interest of the sender or of the addressee.</Text><HistoricalNote>SOR/81-841, s. 4.</HistoricalNote></Section></Body><Schedule bilingual="no" spanlanguages="no"><ScheduleFormHeading><Label>SCHEDULES I AND II</Label></ScheduleFormHeading><Repealed>[Repealed, SOR/98-556, s. 5]</Repealed></Schedule><Schedule spanlanguages="no" bilingual="no"><ScheduleFormHeading><Label>SCHEDULE III</Label><OriginatingRef>(s. 17)</OriginatingRef></ScheduleFormHeading><ImageGroup bilingual="yes"><AlternateText>Change of Address Notice to Publisher form</AlternateText><Image source="CRC1298img\CRC1298_ef001.png" /></ImageGroup></Schedule></Regulation>