﻿<?xml version="1.0" encoding="utf-8"?><!DOCTYPE Regulation PUBLIC "-//Justice Canada//DTD Regulation v1.2.2//EN" "Dtd/Regulations/Version_1.2.2/regulation.dtd"><Regulation gazette-part="II" regulation-type="SOR" xml:lang="en"><Identification><InstrumentNumber>C.R.C., c. 115</InstrumentNumber><ConsolidationDate><Date><YYYY>2018</YYYY><MM>07</MM><DD>06</DD></Date></ConsolidationDate><LastModifiedDate><Date><YYYY>2012</YYYY><MM>2</MM><DD>29</DD></Date></LastModifiedDate><EnablingAuthority><XRefExternal reference-type="act">AERONAUTICS ACT</XRefExternal></EnablingAuthority><ShortTitle>Springbank Airport Zoning Regulations</ShortTitle><LongTitle>Regulations Respecting Zoning at Springbank (Calgary Satellite) Airport</LongTitle></Identification><Body><Heading level="1"><TitleText>Short Title</TitleText></Heading><Section><Label>1</Label><Text>These Regulations may be cited as the <XRefExternal reference-type="regulation">Springbank Airport Zoning Regulations</XRefExternal>.</Text></Section><Heading level="1"><TitleText>Interpretation</TitleText></Heading><Section><Label>2</Label><Text>In these Regulations,</Text><Definition generate-in-text="no"><Text><DefinedTermEn>airport</DefinedTermEn> means Springbank (Calgary Satellite) Airport near Calgary, in the Province of Alberta; (<DefinedTermFr>aéroport</DefinedTermFr>)</Text></Definition><Definition generate-in-text="no"><Text><DefinedTermEn>airport reference point</DefinedTermEn> means the point determined in the manner set out in Part I of the schedule; (<DefinedTermFr>point de repère de l’aéroport</DefinedTermFr>)</Text></Definition><Definition generate-in-text="no"><Text><DefinedTermEn>approach surface</DefinedTermEn> means an imaginary inclined plane extending upward and outward from each end of a strip along and at right angles to the projected centre line thereof, which approach surface is more particularly described in Part III of the schedule; (<DefinedTermFr>surface d’approche</DefinedTermFr>)</Text></Definition><Definition generate-in-text="no"><Text><DefinedTermEn>Minister</DefinedTermEn> means the Minister of Transport; (<DefinedTermFr>ministre</DefinedTermFr>)</Text></Definition><Definition generate-in-text="no"><Text><DefinedTermEn>outer surface</DefinedTermEn> means an imaginary surface located above and in the immediate vicinity of the airport, which outer surface is more particularly described in Part IV of the schedule; (<DefinedTermFr>surface extérieure</DefinedTermFr>)</Text></Definition><Definition generate-in-text="no"><Text><DefinedTermEn>strip</DefinedTermEn> means the rectangular portion of the landing area of the airport including the runway prepared for the take-off and landing of aircraft in a particular direction, which strip is more particularly described in Part V of the schedule; (<DefinedTermFr>bande</DefinedTermFr>)</Text></Definition><Definition generate-in-text="no"><Text><DefinedTermEn>transitional surface</DefinedTermEn> means an imaginary inclined plane extending upward and outward from the lateral limits of a strip and its approach surfaces, which transitional surface is more particularly described in Part VI of the schedule. (<DefinedTermFr>surface de transition</DefinedTermFr>)</Text></Definition></Section><Section><Label>3</Label><Text>For the purposes of these Regulations, the airport reference point is deemed to be 3,930 feet above sea level.</Text></Section><Heading level="1"><TitleText>Application</TitleText></Heading><Section><Label>4</Label><Text>These Regulations apply to all the lands and lands under water, including public road allowances, adjacent to or in the vicinity of the airport, that consist of</Text><Paragraph><Label>(a)</Label><Text>the lands the outer limits of which are described in Part II of the schedule, other than such lands as from time to time form part of the airport; and</Text></Paragraph><Paragraph><Label>(b)</Label><Text>the lands directly beneath the approach surface, other than the Sarcee Indian Reserve No. 145 and such lands as from time to time form part of the airport.</Text></Paragraph></Section><Heading level="1"><TitleText>General</TitleText></Heading><Section><Label>5</Label><Text>No person shall erect or construct, on any land or any land under water to which these Regulations apply, any building, structure or object or any addition to any existing building, structure or object, the highest point of which will exceed in elevation at the location of that point any of the surfaces hereinafter set out that project immediately over and above the surface of the land at that location, namely,</Text><Paragraph><Label>(a)</Label><Text>the approach surfaces;</Text></Paragraph><Paragraph><Label>(b)</Label><Text>the outer surface; or</Text></Paragraph><Paragraph><Label>(c)</Label><Text>the transitional surfaces.</Text></Paragraph></Section><Heading level="1"><TitleText>Natural Growth</TitleText></Heading><Section><Label>6</Label><Text>Where an object of natural growth on any land to which these Regulations apply exceeds in elevation any of the surfaces referred to in section 5, the Minister may make a direction that the owner or occupier of the land on which that object is growing remove the excessive growth.</Text><HistoricalNote>SOR/81-179, s. 1.</HistoricalNote></Section><Section><Label>7</Label><Text><Repealed>[Revoked, SOR/81-179, s. 1]</Repealed></Text></Section></Body><Schedule bilingual="no" spanlanguages="no"><ScheduleFormHeading><Label>SCHEDULE</Label><OriginatingRef>(Sections 2 and 4)</OriginatingRef></ScheduleFormHeading><Heading level="1"><Label>PART I</Label><TitleText>Airport Reference Point</TitleText></Heading><Provision format-ref="indent-0-0" language-align="yes" list-item="no"><Text>COMMENCING at the intersection of the runways designated 16L-34R and 07-25, THENCE, easterly along the centre line of runway designated 07-25 for a distance of seventeen hundred (1,700) feet, THENCE, northerly perpendicular to the centre line a distance of two hundred and fifty (250) feet to a point, being the airport reference point.</Text></Provision><Heading level="1"><Label>PART II</Label><TitleText>Description of Outer Limits of Land</TitleText></Heading><Provision format-ref="indent-0-0" language-align="yes" list-item="no"><Text>COMMENCING at the southwest corner of the southeast quarter of Section one (1), Township twenty-five (25), Range four (4), west of the Fifth Meridian in the Province of Alberta; THENCE, northerly along the western boundaries of the east halves of Sections one (1) and twelve (12) to the northwest corner of the northeast quarter of the said Section twelve (12); THENCE, easterly along the northern boundary of the said northeast quarter and its production across the road allowance to the northwest corner of Section seven (7), Township twenty-five (25), Range three (3), West of the Fifth Meridian; THENCE, northerly along the western boundary of the southwest quarter of Section eighteen (18) and its production across the road allowance to intersect the southern limit of right-of-way plan 4851 J.K.; THENCE, easterly along the said southern limit of said plan 4851 J.K. to intersect the western boundary of the east half of the said Section eighteen (18); THENCE, northerly along the western boundary of the said east half and its production across the said right-of-way plan 4851 J.K. to the northwest corner of the northeast quarter of said Section eighteen (18); THENCE, easterly along the northern boundary of the said quarter section and its production across the road allowance to the southwest corner of Section twenty (20); THENCE, northerly along the western boundary of the southwest quarter of the said Section to the northwest corner of said quarter; THENCE, easterly along the northern boundaries of the south halves of Sections twenty (20) and twenty-one (21) and their productions across the road allowance to the northeast corner of the southeast quarter of the said Section twenty-one (21); THENCE, southerly along the eastern boundary of said quarter to the southeast corner thereof; THENCE, easterly along the northern boundary of the northwest quarter of Section fifteen (15) and its production across the road allowance to the northeast corner of said quarter section; THENCE, northerly along the eastern boundary of the southwest quarter of Section twenty-two (22) to the northwesterly corner of Block “C”, plan 7410359; THENCE, easterly following the northerly limit of said Block “C” to the northeasterly corner thereof; THENCE, southeasterly in a straight line to the northwesterly corner of lot twenty-two (22) of said Plan 7410359; THENCE, southeasterly along the northeastern limit of said lot to the northeasterly corner thereof; THENCE, southerly along the eastern limits of lots twenty-two (22) and twenty-three (23) to the southeasterly corner of said lot twenty-three (23); THENCE, southeasterly in a straight line to the northeasterly corner of lot twenty-four (24) of said plan 7410359; THENCE, southeasterly along the northeasterly limit of said lot and its production to intersect the southern limit of right-of-way plan 4851 J.K.; THENCE, easterly along the said southern limit of said right-of-way and its production across Plan 7410370 to the intersection of said southern limit with the eastern boundary of the southwest quarter of section fourteen (14); THENCE, southerly along the eastern boundaries of the said southwest quarter fourteen (14) and the west halves of Sections eleven (11) and two (2) of said township and range and the east boundary of the west half of Section thirty-five (35), Township twenty-four (24), Range three (3), West of the Fifth Meridian, and their production across road allowances intersecting the northern limit of road plan 3461 J.K.; THENCE, westerly along the northern limit of said road plan and its production across the road allowance to intersect the eastern boundary of the southeast quarter of Section thirty-four (34); THENCE, southerly along the Eastern boundary of the northeast quarter of Section twenty-seven (27) and its production across said road plan 3461 J.K. to the southeast corner of said quarter section; thence westerly along the southern boundary of said northeast quarter section to the southwest corner thereof; THENCE, southerly along the eastern limits of lots thirteen (13) and five (5) and their production across the road as said lots and road are shown on plan 731549 to the southern limit of said plan; THENCE, southerly along the eastern boundary of the southwest quarter of said Section twenty-seven (27) to the southeast corner of said quarter; THENCE, westerly along the southern boundaries of the said southwest quarter of said Section twenty-seven (27) and the south halves of Sections twenty-eight (28) and twenty-nine (29) and their productions across road allowances to the southwest corner of the southwest quarter of said Section twenty-nine (29); THENCE, northerly along the western boundary of the said southwest quarter to the northwest corner thereof; THENCE, westerly along the southern boundary of the north half of Section thirty (30) and its production across the road allowance to the southwest corner of the northwest quarter of said Section thirty (30); THENCE, northerly along the western boundary of the said northwest quarter to the northwest corner thereof; thence westerly along the southern boundary of the southeast quarter of Section thirty-six (36), Township twenty-four (24), Range four (4), West of the Fifth Meridian and its production across the road allowance to the southwest corner of said southeast quarter; THENCE, northerly along the western boundary of the east half of said Section thirty-six (36) and its production across the road allowance to the point of commencement.</Text></Provision><Heading level="1"><Label>PART III</Label><TitleText>Description of Approach Surfaces</TitleText></Heading><Provision format-ref="indent-0-0" language-align="yes" list-item="no"><Text>Approach surfaces are surfaces abutting each end of the strips associated with the runways designated 16L-34R, 16R-34L and 07-25 and more particularly described as follows:</Text><Provision format-ref="indent-1-1" language-align="no" list-item="no"><Label>(a)</Label><Text>a surface abutting the end of the strip associated with runway approach 34R consisting of an inclined plane having a ratio of one (1) foot measured vertically to fifty (50) feet measured horizontally rising to an imaginary horizontal line drawn at right angles to the projected centre line of the strip, one thousand (1,000) feet measured vertically above the elevation at the end of the strip and fifty thousand (50,000) feet measured horizontally from the end of the strip, the outer ends of the imaginary horizontal line being eight thousand (8,000) feet from the projected centre line, excepting thereout all that portion of the said surface contained within the vertical projections of the boundaries of the Sarcee Indian Reserve No. 145,</Text></Provision><Provision format-ref="indent-1-1" language-align="no" list-item="no"><Label>(b)</Label><Text>a surface abutting the end of the strip associated with runway approach 34L consisting of an inclined plane having a ratio of one (1) foot measured vertically to forty (40) feet measured horizontally rising to an imaginary horizontal line drawn at right angles to the projected centre line of the strip, two hundred and seven and five tenths (207.5) feet measured vertically above the elevation at the end of the strip and eight thousand three hundred (8,300) feet measured horizontally from the end of the strip, the outer ends of the imaginary horizontal line being nine hundred and eighty (980) feet from the projected centre line,</Text></Provision><Provision format-ref="indent-1-1" language-align="no" list-item="no"><Label>(c)</Label><Text>a surface abutting the end of the strip associated with runway approach 16L consisting of an inclined plane having a ratio of one (1) foot measured vertically to fifty (50) feet measured horizontally rising to an imaginary horizontal line drawn at right angles to the projected centre line of the strip, one thousand (1,000) feet measured vertically above the elevation at the end of the strip and fifty thousand (50,000) feet measured horizontally from the end of the strip, the outer ends of the imaginary horizontal line being eight thousand (8,000) feet from the projected centre line,</Text></Provision><Provision format-ref="indent-1-1" language-align="no" list-item="no"><Label>(d)</Label><Text>a surface abutting the end of the strip associated with runway approach 16R consisting of an inclined plane having a ratio of one (1) foot measured vertically to forty (40) feet measured horizontally rising to an imaginary horizontal line drawn at right angles to the projected centre line of the strip, two hundred and seven and five tenths (207.5) feet measured vertically above the elevation at the end of the strip and eight thousand three hundred (8,300) feet measured horizontally from the end of the strip, the outer ends of the imaginary horizontal line being nine hundred and eighty (980) feet from the projected centre line,</Text></Provision><Provision format-ref="indent-1-1" language-align="no" list-item="no"><Label>(e)</Label><Text>a surface abutting the end of the strip associated with runway approach 07 consisting of an inclined plane having a ratio of one (1) foot measured vertically to forty (40) feet measured horizontally rising to an imaginary horizontal line drawn at right angles to the projected centre line of the strip, two hundred and seven and five tenths (207.5) feet measured vertically above the elevation at the end of the strip, and eight thousand three hundred (8,300) feet measured horizontally from the end of the strip, the outer ends of the imaginary horizontal line being nine hundred and eighty (980) feet from the projected centre line, and</Text></Provision><Provision format-ref="indent-1-1" language-align="no" list-item="no"><Label>(f)</Label><Text>a surface abutting the end of the strip associated with runway approach 25 consisting of an inclined plane having a ratio of one (1) foot measured vertically to forty (40) feet measured horizontally rising to an imaginary horizontal line drawn at right angles to the projected centre line of the strip, two hundred and seven and five tenths (207.5) feet measured vertically above the elevation at the end of the strip and eight thousand three hundred (8,300) feet measured horizontally from the end of the strip, the outer ends of the imaginary horizontal line being nine hundred and eighty (980) feet from the projected centre line,</Text></Provision><Provision format-ref="indent-0-0" language-align="no" list-item="no"><Text>which approach surfaces are shown on Department of Public Works Plan No. E.1202, dated January 8, 1976, as revised on May 19, 1981.</Text></Provision></Provision><Heading level="1"><Label>PART IV</Label><TitleText>Description of the Outer Surface</TitleText></Heading><Provision format-ref="indent-0-0" language-align="yes" list-item="no"><Text>The outer surface is an imaginary surface consisting of</Text><Provision format-ref="indent-1-1" language-align="no" list-item="no"><Label>(a)</Label><Text>a common plane established at a constant elevation of one hundred and fifty (150) feet above the assigned elevation of the airport reference point, and</Text></Provision><Provision format-ref="indent-1-1" language-align="no" list-item="no"><Label>(b)</Label><Text>where the common plane described in paragraph (a) is less than thirty (30) feet above the surface of the ground, an imaginary surface located thirty (30) feet above the surface on the ground,</Text></Provision><Provision format-ref="indent-0-0" language-align="no" list-item="no"><Text>which outer surface is shown on Department of Public Works Plan No. E.1202, dated January 8, 1976, as revised on May 19, 1981.</Text></Provision></Provision><Heading level="1"><Label>PART V</Label><TitleText>Description of Strips</TitleText></Heading><Provision format-ref="indent-0-0" language-align="yes" list-item="no"><Text>Each strip is described as follows:</Text><Provision format-ref="indent-1-1" language-align="no" list-item="no"><Label>(a)</Label><Text>the strip associated with the runway designated as 16L-34R is one thousand (1,000) feet in width, five hundred (500) feet being on each side of the centre line of the runway and five thousand four hundred (5,400) feet in length,</Text></Provision><Provision format-ref="indent-1-1" language-align="no" list-item="no"><Label>(b)</Label><Text>the strip associated with runway 16R-34L is three hundred (300) feet in width, one hundred and fifty (150) feet on each side of the centre line of the runway and four thousand four hundred (4,400) feet in length, and</Text></Provision><Provision format-ref="indent-1-1" language-align="no" list-item="no"><Label>(c)</Label><Text>the strip associated with runway 07-25 is three hundred (300) feet in width, one hundred and fifty (150) feet on each side of the centre line of the runway and three thousand eight hundred (3,800) feet in length,</Text></Provision><Provision format-ref="indent-0-0" language-align="no" list-item="no"><Text>which strips are shown on Department of Public Works Plan No. E.1202, dated January 8, 1976, as revised on May 19, 1981.</Text></Provision></Provision><Heading level="1"><Label>PART VI</Label><TitleText>Description of Transitional Surfaces</TitleText></Heading><Provision format-ref="indent-0-0" language-align="yes" list-item="no"><Label>1</Label><Text>Transitional surfaces are shown on Department of Public Works Plan No. E.1202, dated January 8, 1976, as revised on May 19, 1981, and are described as follows:</Text><Provision format-ref="indent-1-1" language-align="no" list-item="no"><Label>(a)</Label><Text>transitional surfaces associated with runway 16L-34R being a surface consisting of an inclined plane having a ratio of one (1) foot measured vertically to seven (7) feet measured horizontally at right angles to the centre line and centre line produced of the strip and extending upward from the lateral limits of the strip and its approach surfaces to an intersection with the outer surface or another transitional surface of an adjoining strip; and</Text></Provision><Provision format-ref="indent-1-1" language-align="no" list-item="no"><Label>(b)</Label><Text>transitional surfaces associated with runways 16R-34L and 07-25 being a surface consisting of an inclined plane having a ratio of one (1) foot measured vertically to five (5) feet measured horizontally at right angles to the centre line and centre line produced of the strip and extending upward from the lateral limits of the strip and its approach surfaces to an intersection with the outer surface or another transitional surface of an adjoining strip.</Text></Provision></Provision><HistoricalNote>SOR/81-812, s. 1.</HistoricalNote></Schedule></Regulation>