﻿<?xml version="1.0" encoding="utf-8"?><!DOCTYPE Regulation PUBLIC "-//Justice Canada//DTD Regulation v1.2.2//EN" "Dtd/Regulations/Version_1.2.2/regulation.dtd"><Regulation regulation-type="SOR" xml:lang="en"><Identification><InstrumentNumber>C.R.C., c. 657</InstrumentNumber><ConsolidationDate><Date><YYYY>2018</YYYY><MM>07</MM><DD>06</DD></Date></ConsolidationDate><LastModifiedDate><Date><YYYY>2005</YYYY><MM>7</MM><DD>6</DD></Date></LastModifiedDate><EnablingAuthority><XRefExternal reference-type="act">FARM PRODUCTS AGENCIES ACT</XRefExternal></EnablingAuthority><ShortTitle>Canadian Egg Pricing (Interprovincial and Export) Regulations</ShortTitle><LongTitle>Regulations Respecting the Pricing and Marketing in the Interprovincial and Export Trade of Eggs Produced in Canada</LongTitle></Identification><Body><Heading level="1"><TitleText>Short Title</TitleText></Heading><Section><Label>1</Label><Text>These Regulations may be cited as the <XRefExternal reference-type="regulation">Canadian Egg Pricing (Interprovincial and Export) Regulations</XRefExternal>.</Text></Section><Heading level="1"><TitleText>Interpretation</TitleText></Heading><Section><Label>2</Label><Text>In these Regulations,</Text><Definition generate-in-text="no"><Text><DefinedTermEn>Agency</DefinedTermEn> means the Canadian Egg Marketing Agency; (<DefinedTermFr>Office</DefinedTermFr>)</Text></Definition><Definition generate-in-text="no"><Text><DefinedTermEn>egg</DefinedTermEn> means egg of a hen; (<DefinedTermFr>oeuf</DefinedTermFr>)</Text></Definition><Definition generate-in-text="no"><Text><DefinedTermEn>hen</DefinedTermEn> means a hen of any class of the domestic chicken belonging to the species <Language xml:lang="la">Gallus Domesticus</Language>. (<DefinedTermFr>poule</DefinedTermFr>)</Text></Definition></Section><Heading level="1"><TitleText>Application</TitleText></Heading><Section><Label>3</Label><Text>These Regulations apply only to the marketing of eggs in interprovincial and export trade.</Text></Section><Heading level="1"><TitleText>Price</TitleText></Heading><Section><Label>4</Label><Subsection><Label>(1)</Label><Text>No person shall sell or offer to sell eggs at less than the minimum price from time to time determined by the Agency.</Text></Subsection><Subsection><Label>(2)</Label><Text>No person shall buy eggs at less than the minimum price from time to time determined by the Agency.</Text></Subsection></Section><Section><Label>5</Label><Text><Repealed>[Revoked, SOR/80-891, s. 1]</Repealed></Text></Section></Body></Regulation>