﻿<?xml version="1.0" encoding="utf-8"?><!DOCTYPE Regulation PUBLIC "-//Justice Canada//DTD Regulation v1.2.2//EN" "Dtd/Regulations/Version_1.2.2/regulation.dtd"><Regulation regulation-type="SOR" xml:lang="en"><Identification><InstrumentNumber>C.R.C., c. 1045</InstrumentNumber><ConsolidationDate><Date><YYYY>2018</YYYY><MM>07</MM><DD>06</DD></Date></ConsolidationDate><LastModifiedDate><Date><YYYY>2005</YYYY><MM>7</MM><DD>19</DD></Date></LastModifiedDate><EnablingAuthority><XRefExternal reference-type="act">NATIONAL DEFENCE ACT</XRefExternal></EnablingAuthority><ShortTitle>Canadian Forces Dental Treatment by Civilians Regulations</ShortTitle><LongTitle>Regulations Respecting Dental Treatment by Civilian Practitioners for Personnel of the Canadian Forces</LongTitle></Identification><Body><Heading level="1"><TitleText>Short Title</TitleText></Heading><Section><Label>1</Label><Text>These Regulations may be cited as the <XRefExternal reference-type="regulation">Canadian Forces Dental Treatment by Civilians Regulations</XRefExternal>.</Text></Section><Heading level="1"><TitleText>General</TitleText></Heading><Section><Label>2</Label><Text>Dental treatment for personnel of the Canadian Forces by a civilian dental practitioner selected by the Command Dental Officer of the Canadian Forces Dental Services in the region concerned, may be given</Text><Paragraph><Label>(a)</Label><Text>where a Canadian Forces Dental Services clinic is not available, or</Text></Paragraph><Paragraph><Label>(b)</Label><Text>where Canadian Forces Dental Services personnel lack the specialized equipment or facilities or are otherwise unable to render the required treatment,</Text></Paragraph><ContinuedSectionSubsection><Text>but such treatment shall not be commenced by a practitioner without prior authorization of the Command Dental Officer.</Text></ContinuedSectionSubsection></Section><Section><Label>3</Label><Text>Treatment shall be sufficient to establish and maintain dental fitness and to provide reasonable assurance of masticatory efficiency and freedom from pain for a period of 12 months.</Text></Section><Section><Label>4</Label><Text>Notwithstanding section 2, where Canadian Forces Dental Services facilities are not available, civilian dental practitioners may undertake treatment, without prior authorization, in the following emergencies only:</Text><Paragraph><Label>(a)</Label><Text>the relief of pain or acute infection, or</Text></Paragraph><Paragraph><Label>(b)</Label><Text>the repair of broken dentures,</Text></Paragraph><ContinuedSectionSubsection><Text>but the reconstruction or alteration of any dental appliances is not permitted without prior authorization.</Text></ContinuedSectionSubsection></Section><Section><Label>5</Label><Text>The Minister of National Defence may prescribe the procedure to be followed and the forms to be used in arranging and making payment for treatment given under the authority of these Regulations.</Text></Section><Section><Label>6</Label><Text>Civilian dental practitioners who treat personnel of the Canadian Forces under the authority of these Regulations shall be paid in accordance with the scale of fees authorized from time to time for that type of dental treatment when made in respect of persons under the care of the Department of Veterans Affairs.</Text></Section><Section><Label>7</Label><Subsection><Label>(1)</Label><Text>The Command Dental Officer may, if in his opinion it is in the interest of economy, employ a civilian practitioner on a <Language xml:lang="la">per diem</Language> basis rather than on a fee basis.</Text></Subsection><Subsection><Label>(2)</Label><Text>The civilian dental practitioner shall receive payment at the rates prescribed from time to time by the Treasury Board for civilian medical practitioners similarly employed by the Department of National Defence.</Text></Subsection><Subsection><Label>(3)</Label><Text>No payment shall be made unless</Text><Paragraph><Label>(a)</Label><Text>the civilian dental practitioner submits a signed certificate certifying the specific days of the month on which services were rendered and for which payment is claimed, and</Text></Paragraph><Paragraph><Label>(b)</Label><Text>the officer who authorized the work certifies that the certificate is correct.</Text></Paragraph></Subsection></Section></Body></Regulation>