﻿<?xml version="1.0" encoding="utf-8"?><!DOCTYPE Regulation PUBLIC "-//Justice Canada//DTD Regulation v1.2.2//EN" "Dtd/Regulations/Version_1.2.2/regulation.dtd"><Regulation regulation-type="SOR" xml:lang="en"><Identification><InstrumentNumber>C.R.C., c. 1292</InstrumentNumber><ConsolidationDate><Date><YYYY>2018</YYYY><MM>07</MM><DD>06</DD></Date></ConsolidationDate><LastModifiedDate><Date><YYYY>2005</YYYY><MM>7</MM><DD>22</DD></Date></LastModifiedDate><EnablingAuthority><XRefExternal reference-type="act">CANADA POST CORPORATION ACT</XRefExternal></EnablingAuthority><ShortTitle>Reproduction of Postage Stamps Regulations</ShortTitle><LongTitle>Regulations Respecting the Reproduction of Postage Stamps</LongTitle></Identification><Body><Heading level="1"><TitleText>Short Title</TitleText></Heading><Section><Label>1</Label><Text>These Regulations may be cited as the <XRefExternal reference-type="regulation">Reproduction of Postage Stamps Regulations</XRefExternal>.</Text></Section><Heading level="1"><TitleText>Reproductions Authorized</TitleText></Heading><Section><Label>2</Label><Text>Subject to sections 3 and 4, reproductions of postage stamps</Text><Paragraph><Label>(a)</Label><Text>may be made and published to illustrate or accompany a news item or article in a newspaper, magazine or periodical; and</Text></Paragraph><Paragraph><Label>(b)</Label><Text>may be made and published</Text><Subparagraph><Label>(i)</Label><Text>in a philatelic publication or catalogue, or</Text></Subparagraph><Subparagraph><Label>(ii)</Label><Text>on the stationery of a philatelic club or society, other than on envelopes or other like containers or articles.</Text></Subparagraph></Paragraph></Section><Section><Label>3</Label><Text>Any reproduction made and published pursuant to section 2 shall be</Text><Paragraph><Label>(a)</Label><Text>at least 50 per cent larger or 50 per cent smaller, by area measurement, than the postage stamp of which it is a reproduction; or</Text></Paragraph><Paragraph><Label>(b)</Label><Text>clearly defaced by means of a line that is embodied in the plate or die from which the reproduction is made.</Text></Paragraph></Section><Section><Label>4</Label><Text>Plates or dies used or employed in the reproduction of postage stamps pursuant to section 2 shall be made entirely of babbit or other soft metal or material.</Text></Section><Heading level="1"><TitleText>Reproduction with Consent of the Canada Post Corporation</TitleText></Heading><Section><Label>5</Label><Text>In addition to reproductions of postage stamps authorized by section 2, reproduction of postage stamps may, where the Canada Post Corporation considers that it will be in the public interest, be made or published with the written consent of the Canada Post Corporation, which consent may be sought by an application in writing addressed to the following address:</Text><Provision format-ref="indent-1-1" list-item="yes"><Text>DIRECTOR OF STAMP PRODUCTS</Text><Provision format-ref="indent-1-1" topmarginspacing="0" list-item="yes"><Text>CANADA POST</Text></Provision><Provision format-ref="indent-1-1" topmarginspacing="0" list-item="yes"><Text>2701 RIVERSIDE DR</Text></Provision><Provision format-ref="indent-1-1" topmarginspacing="0" list-item="yes"><Text>OTTAWA, ONTARIO K1A 0B1</Text></Provision></Provision><HistoricalNote>SOR/81-845, s. 1; SOR/2000-199, s. 7.</HistoricalNote></Section></Body></Regulation>