﻿<?xml version="1.0" encoding="utf-8"?><!DOCTYPE Regulation PUBLIC "-//Justice Canada//DTD Regulation v1.2.2//EN" "Dtd/Regulations/Version_1.2.2/regulation.dtd"><Regulation regulation-type="SOR" xml:lang="en"><Identification><InstrumentNumber>C.R.C., c. 221</InstrumentNumber><ConsolidationDate><Date><YYYY>2018</YYYY><MM>07</MM><DD>06</DD></Date></ConsolidationDate><LastModifiedDate><Date><YYYY>2005</YYYY><MM>5</MM><DD>31</DD></Date></LastModifiedDate><EnablingAuthority><XRefExternal reference-type="act">AGRICULTURAL PRODUCTS MARKETING ACT</XRefExternal></EnablingAuthority><ShortTitle>Ontario Turkey Marketing Levies Order</ShortTitle><LongTitle>Order Providing for the Fixing, Imposing and Collecting of Levies from Certain Turkey Producers in Ontario</LongTitle></Identification><Body><Heading level="1"><TitleText>Short Title</TitleText></Heading><Section><Label>1</Label><Text>This Order may be cited as the <XRefExternal reference-type="regulation">Ontario Turkey Marketing Levies Order</XRefExternal>.</Text></Section><Heading level="1"><TitleText>Interpretation</TitleText></Heading><Section><Label>2</Label><Text>In this Order,</Text><Definition generate-in-text="no"><Text><DefinedTermEn>Act</DefinedTermEn> means <XRefExternal reference-type="act">The Farm Products Marketing Act</XRefExternal> of Ontario; (<DefinedTermFr>Loi</DefinedTermFr>)</Text></Definition><Definition generate-in-text="no"><Text><DefinedTermEn>Commodity Board</DefinedTermEn> means The Ontario Turkey Producers’ Marketing Board established pursuant to the Act; (<DefinedTermFr>Office de commercialisation</DefinedTermFr>)</Text></Definition><Definition generate-in-text="no"><Text><DefinedTermEn>market allotment</DefinedTermEn> means the total quantity of turkey meat that a producer is entitled to market in intraprovincial, interprovincial and export trade pursuant to the <XRefExternal reference-type="regulation">Canadian Turkey Marketing Quota Regulations</XRefExternal> and the Orders made by the Commodity Board pursuant to the Plan; (<DefinedTermFr>allocation de commercialisation</DefinedTermFr>)</Text></Definition><Definition generate-in-text="no"><Text><DefinedTermEn>Plan</DefinedTermEn> means The Ontario Turkey Producers’ Marketing Plan established and amended from time to time pursuant to the Act and any regulations made thereunder to give effect to the Plan; (<DefinedTermFr>Plan</DefinedTermFr>)</Text></Definition><Definition generate-in-text="no"><Text><DefinedTermEn>producer</DefinedTermEn> means any person engaged in the production of turkeys in the Province of Ontario; (<DefinedTermFr>producteur</DefinedTermFr>)</Text></Definition><Definition generate-in-text="no"><Text><DefinedTermEn>turkey</DefinedTermEn> means a turkey or any class or part thereof produced or grown in the Province of Ontario. (<DefinedTermFr>dindon</DefinedTermFr>)</Text></Definition></Section><Heading level="1"><TitleText>Levies</TitleText></Heading><Section><Label>3</Label><Text>Every producer shall pay to the Commodity Board, in addition to the licence fees set out under the Plan, levies at the rate of $0.05 per pound live weight on every turkey sold by him that is in excess of his market allotment.</Text></Section><Heading level="1"><TitleText>Method of Payment</TitleText></Heading><Section><Label>4</Label><Subsection><Label>(1)</Label><Text>Every person who buys turkeys from a producer shall deduct from the moneys payable to the producer for the turkeys all levies payable by the producer to the Commodity Board under section 3 and shall pay such levies to the Commodity Board at its office, 29 Wellington Street South, St. Marys, Ontario, not later than the 15th day of the month next following the month in which the levies were deducted.</Text></Subsection><Subsection><Label>(2)</Label><Text>Every producer shall pay to the Commodity Board at its office, 29 Wellington Street South, St. Marys, Ontario, all levies payable by him under section 3 that were not deducted and paid to the Commodity Board in the manner prescribed in subsection (1), not later than the 15th day of the month next following the month in which the turkeys in respect of which the levies are payable were sold.</Text></Subsection></Section></Body></Regulation>