﻿<?xml version="1.0" encoding="utf-8"?><!DOCTYPE Regulation PUBLIC "-//Justice Canada//DTD Regulation v1.2.2//EN" "Dtd/Regulations/Version_1.2.2/regulation.dtd"><Regulation regulation-type="SOR" xml:lang="en"><Identification><InstrumentNumber>C.R.C., c. 427</InstrumentNumber><ConsolidationDate><Date><YYYY>2018</YYYY><MM>07</MM><DD>06</DD></Date></ConsolidationDate><LastModifiedDate><Date><YYYY>2005</YYYY><MM>7</MM><DD>4</DD></Date></LastModifiedDate><EnablingAuthority><XRefExternal reference-type="act">CANADA BUSINESS CORPORATIONS ACT</XRefExternal></EnablingAuthority><ShortTitle>Minister Designation Order (Canada Business Corporations Act)</ShortTitle><LongTitle>Order Designating a Member of the Queen’s Privy Council for Canada to Act as the Minister for the Purposes of the Canada Business Corporations Act</LongTitle></Identification><Body><Heading level="1"><TitleText>Short Title</TitleText></Heading><Section><Label>1</Label><Text>This Order may be cited as the <XRefExternal reference-type="act">Minister Designation Order (Canada Business Corporations Act)</XRefExternal>.</Text></Section><Heading level="1"><TitleText>Designation</TitleText></Heading><Section><Label>2</Label><Text>The Minister of Consumer and Corporate Affairs is hereby designated as the member of the Queen's Privy Council for Canada to act as the Minister for the purposes of the <XRefExternal reference-type="act">Canada Business Corporations Act</XRefExternal>.</Text></Section></Body></Regulation>