﻿<?xml version="1.0" encoding="utf-8"?><!DOCTYPE Regulation PUBLIC "-//Justice Canada//DTD Regulation v1.2.2//EN" "Dtd/Regulations/Version_1.2.2/regulation.dtd"><Regulation regulation-type="SOR" xml:lang="en"><Identification><InstrumentNumber>C.R.C., c. 590</InstrumentNumber><ConsolidationDate><Date><YYYY>2018</YYYY><MM>07</MM><DD>06</DD></Date></ConsolidationDate><LastModifiedDate><Date><YYYY>2005</YYYY><MM>7</MM><DD>5</DD></Date></LastModifiedDate><EnablingAuthority><XRefExternal reference-type="act">EXCISE TAX ACT</XRefExternal></EnablingAuthority><ShortTitle>Energy Conservation Equipment Exemption Regulations</ShortTitle><LongTitle>Regulations Respecting the Application of Section 9 of Part XVIII of Schedule III to the Excise Tax Act to Energy Conservation Equipment</LongTitle></Identification><Body><Heading level="1"><TitleText>Short Title</TitleText></Heading><Section><Label>1</Label><Text>These Regulations may be cited as the <XRefExternal reference-type="regulation">Energy Conservation Equipment Exemption Regulations</XRefExternal>.</Text></Section><Heading level="1"><TitleText>Determination</TitleText></Heading><Section><Label>2</Label><Text>The following equipment, articles and materials are hereby prescribed, for the purposes of section 9 of Part XVIII of Schedule III to the <XRefExternal reference-type="act">Excise Tax Act</XRefExternal>, to be energy conservation equipment:</Text><Paragraph><Label>(a)</Label><Text>thermal insulation designed for pipes, ducts, boilers, tanks and wrapping materials designed exclusively for use with such insulation;</Text></Paragraph><Paragraph><Label>(b)</Label><Text>wood-burning stoves, wood-burning stove kits, wood-burning furnaces and wood-burning space heaters other than</Text><Subparagraph><Label>(i)</Label><Text>fireplaces, or</Text></Subparagraph><Subparagraph><Label>(ii)</Label><Text>stoves, furnaces or space heaters that burn any oil or gas;</Text></Subparagraph></Paragraph><Paragraph><Label>(c)</Label><Text><Repealed>[Revoked, SOR/79-716, s. 1]</Repealed></Text></Paragraph><Paragraph><Label>(d)</Label><Text>wind deflectors designed to reduce fuel consumption and for installation on motor vehicles and trailers;</Text></Paragraph><Paragraph><Label>(e)</Label><Text>waterwheels for converting water power to mechanical or electrical energy and pumps and generators specifically designed for use with such waterwheels;</Text></Paragraph><Paragraph><Label>(f)</Label><Text>loading dock door seals and shelters designed to conserve heated or refrigerated air during loading and unloading; and</Text></Paragraph><Paragraph><Label>(g)</Label><Text>power factor correction capacitors.</Text></Paragraph><HistoricalNote>SOR/79-21, s. 1; SOR/79-716, s. 1.</HistoricalNote></Section></Body></Regulation>