﻿<?xml version="1.0" encoding="utf-8"?><!DOCTYPE Regulation PUBLIC "-//Justice Canada//DTD Regulation v1.2.2//EN" "Dtd/Regulations/Version_1.2.2/regulation.dtd"><Regulation regulation-type="SOR" xml:lang="en"><Identification><InstrumentNumber>C.R.C., c. 391</InstrumentNumber><ConsolidationDate><Date><YYYY>2018</YYYY><MM>07</MM><DD>06</DD></Date></ConsolidationDate><LastModifiedDate><Date><YYYY>2005</YYYY><MM>6</MM><DD>30</DD></Date></LastModifiedDate><EnablingAuthority><XRefExternal reference-type="act">CANADA PENSION PLAN</XRefExternal></EnablingAuthority><ShortTitle>Prescribed Province Pension Regulations</ShortTitle><LongTitle>Regulations Prescribing the Province of Quebec as a Province Providing a Comprehensive Pension Plan</LongTitle></Identification><Body><Heading level="1"><TitleText>Short Title</TitleText></Heading><Section><Label>1</Label><Text>These Regulations may be cited as the <XRefExternal reference-type="regulation">Prescribed Province Pension Regulations</XRefExternal>.</Text></Section><Heading level="1"><TitleText>General</TitleText></Heading><Section><Label>2</Label><Text>The Province of Quebec is hereby prescribed, for the purposes of the <XRefExternal reference-type="act">Canada Pension Plan</XRefExternal>, as a province the government of which has, before the 30th day after April 3, 1965, signified the intention of such province to provide for the establishment and operation in that province, in lieu of the operation therein of the <XRefExternal reference-type="act">Canada Pension Plan</XRefExternal>, of a plan of old age pensions and supplementary benefits providing for the making of contributions thereunder, commencing with the year 1966 and providing for the payment of benefits thereunder comparable to those provided by the <XRefExternal reference-type="act">Canada Pension Plan</XRefExternal>.</Text></Section></Body></Regulation>