﻿<?xml version="1.0" encoding="utf-8"?><!DOCTYPE Regulation PUBLIC "-//Justice Canada//DTD Regulation v1.2.2//EN" "Dtd/Regulations/Version_1.2.2/regulation.dtd"><Regulation xml:lang="en"><Identification><InstrumentNumber>C.R.C., c. 1266</InstrumentNumber><LastAmendedDate><Date><YYYY>2004</YYYY><MM>10</MM><DD>20</DD></Date></LastAmendedDate><ConsolidationDate><Date><YYYY>2018</YYYY><MM>07</MM><DD>06</DD></Date></ConsolidationDate><EnablingAuthority><XRefExternal reference-type="act">PILOTAGE ACT</XRefExternal></EnablingAuthority><ShortTitle>Great Lakes Pilotage Regulations</ShortTitle><LongTitle>Regulations Respecting the Establishment, Operation, Maintenance and Administration of Pilotage Services within the Great Lakes Pilotage Authority Region</LongTitle></Identification><Body><Heading level="1"><TitleText>Short Title</TitleText></Heading><Section><Label>1</Label><Text>These Regulations may be cited as the <XRefExternal reference-type="regulation">Great Lakes Pilotage Regulations</XRefExternal>.</Text><HistoricalNote>SOR/2007-95, s. 1(F).</HistoricalNote></Section><Heading level="1"><TitleText>Interpretation</TitleText></Heading><Section><Label>2</Label><Text>In these Regulations,</Text><Definition generate-in-text="no"><Text><DefinedTermEn>Act</DefinedTermEn> means the <XRefExternal reference-type="act">Pilotage Act</XRefExternal>; (<DefinedTermFr>Loi</DefinedTermFr>)</Text></Definition><Definition generate-in-text="no"><Text><DefinedTermEn>arrangement of ships</DefinedTermEn> means a number of ships travelling together that are joined by lines or other means; (<DefinedTermFr>ensemble de navires</DefinedTermFr>)</Text></Definition><Definition generate-in-text="no"><Text><DefinedTermEn>Authority</DefinedTermEn> means the Great Lakes Pilotage Authority; (<DefinedTermFr>Administration</DefinedTermFr>)</Text></Definition><Definition generate-in-text="no"><Text><DefinedTermEn>Board of Examiners</DefinedTermEn> means a Board of Examiners established pursuant to section 14; (<DefinedTermFr>jury d'examen</DefinedTermFr>)</Text></Definition><Definition generate-in-text="no"><Text><DefinedTermEn>breadth</DefinedTermEn> means, in respect of a ship, the maximum breadth in metres to the outside of the shell plating of the ship; (<DefinedTermFr>largeur</DefinedTermFr>)</Text></Definition><Definition generate-in-text="no"><Text><DefinedTermEn>Chairman</DefinedTermEn> [<Repealed>Repealed, SOR/2004-215, s. 1</Repealed>]</Text></Definition><Definition generate-in-text="no"><Text><DefinedTermEn>deck watch officer</DefinedTermEn> means a person who has the immediate charge of the navigation and security of a ship, but does not include a pilot; (<DefinedTermFr>officier de quart à la passerelle</DefinedTermFr>)</Text></Definition><Definition generate-in-text="no"><Text><DefinedTermEn>depth</DefinedTermEn> means, in respect of a ship, the vertical distance in metres at amidships from the top of the keel plate to the uppermost continuous deck, fore and aft, that extends to the sides of the ship and, for the purpose of this definition, the continuity of a deck is deemed not to be affected by the existence of tonnage openings, engine spaces or a step in the deck; (<DefinedTermFr>creux</DefinedTermFr>)</Text></Definition><Definition generate-in-text="no"><Text><DefinedTermEn>gross registered tons</DefinedTermEn><Repealed>[Repealed, SOR/2011-136, s. 1]</Repealed></Text></Definition><Definition><Text><DefinedTermEn>gross tonnage</DefinedTermEn> has the meaning assigned by section 2 of the <XRefExternal reference-type="act">Canada Shipping Act, 2001</XRefExternal>; (<DefinedTermFr>jauge brute</DefinedTermFr>)</Text></Definition><Definition generate-in-text="no"><Text><DefinedTermEn>length</DefinedTermEn> means, in respect of a ship, the distance in metres between the fore and aft extremities of the ship; (<DefinedTermFr>longueur</DefinedTermFr>)</Text></Definition><Definition generate-in-text="no"><Text><DefinedTermEn>movage</DefinedTermEn> means the shifting of a ship from one place to another within the confines of a port but does not include shifting carried out solely by means of a ship’s lines for the purpose of loading or unloading cargo or clearing berthing space for use by another ship; (<DefinedTermFr>déplacement</DefinedTermFr>)</Text></Definition><Definition generate-in-text="no"><Text><DefinedTermEn>region</DefinedTermEn> means the Great Lakes Pilotage Authority Region described in the schedule to the Act; (<DefinedTermFr>région</DefinedTermFr>)</Text></Definition><Definition generate-in-text="no"><Text><DefinedTermEn>supervisor</DefinedTermEn> [<Repealed>Repealed, SOR/2004-215, s. 1</Repealed>]</Text></Definition><Definition generate-in-text="no"><Text><DefinedTermEn>Vice-Chairman</DefinedTermEn> [<Repealed>Repealed, SOR/2004-215, s. 1</Repealed>]</Text></Definition><HistoricalNote>SOR/2004-215, s. 1; SOR/2007-95, s. 3(F); SOR/2009-64, s. 1; SOR/2011-136, s. 1.</HistoricalNote></Section><Heading level="1"><TitleText>Compulsory Pilotage Areas</TitleText></Heading><Section><Label>3</Label><Text>The following areas are established as compulsory pilotage areas:</Text><Paragraph><Label>(a)</Label><Text>Cornwall District, being the Canadian waters of the St. Lawrence River between the northern entrance to St. Lambert Lock and the pilot boarding station near St. Regis in the Province of Quebec;</Text></Paragraph><Paragraph><Label>(b)</Label><Text>International District 1, being the Canadian waters of the St. Lawrence River between the pilot boarding station near St. Regis, in the Province of Quebec, and a line drawn from Carruthers Point light in the Port of Kingston, in the Province of Ontario, on a true bearing of 127° through Wolfe Island south side light and extended to the shore of the State of New York;</Text></Paragraph><Paragraph><Label>(c)</Label><Text>International District 2, being</Text><Subparagraph><Label>(i)</Label><Text>all the waters of the Welland Canal between the following geographic limits:</Text><Clause><Label>(A)</Label><Text>in the southern approach, within an arc drawn one mile southward of the outer light on the western breakwater at Port Colborne, and</Text></Clause><Clause><Label>(B)</Label><Text>in the northern approach, within an arc drawn one mile northward of the western breakwater light at Port Weller,</Text></Clause></Subparagraph><Subparagraph><Label>(ii)</Label><Text>the Canadian waters of Lake Erie westward of a line running approximately 206° true from the Southeast Shoal light to Sandusky Pierhead light at Cedar Point in the State of Ohio, and</Text></Subparagraph><Subparagraph><Label>(iii)</Label><Text>the Canadian waters of the connecting channels between Lake Erie and Lake Huron;</Text></Subparagraph></Paragraph><Paragraph><Label>(d)</Label><Text>International District 3, being the Canadian waters of St. Mary's River connecting Lake Huron and Lake Superior as far as, in the northern approach, longitude 84° 33’ W;</Text></Paragraph><Paragraph><Label>(e)</Label><Text>the Canadian waters of Lakes Ontario, Erie, Huron and Superior other than the waters in the compulsory pilotage areas established under paragraphs (a) to (d); and</Text></Paragraph><Paragraph><Label>(f)</Label><Text>the navigable waters within the limits of the Port of Churchill, Manitoba.</Text></Paragraph><HistoricalNote>SOR/2004-215, s. 2(E).</HistoricalNote></Section><Heading level="1"><TitleText>Compulsory Pilotage</TitleText></Heading><Heading level="2"><TitleText>General</TitleText></Heading><Section><Label>4</Label><Text>The following ships are subject to compulsory pilotage:</Text><Paragraph><Label>(a)</Label><Text>a ship of more than 1 500 gross tonnage; and</Text></Paragraph><Paragraph><Label>(b)</Label><Text>a ship that is not registered in Canada and is over 35 m in length.</Text></Paragraph><HistoricalNote>SOR/79-48, s. 1; SOR/81-63, s. 1; SOR/83-256, s. 1; SOR/2007-95, s. 3(F); SOR/2009-64, s. 2; SOR/2011-136, s. 2.</HistoricalNote></Section><Heading level="2"><TitleText>Ferries</TitleText></Heading><Section><Label>4.1</Label><Subsection><Label>(1)</Label><Text>A ship is not subject to compulsory pilotage under section 4 if the ship is a ferry that operates on a regular schedule.</Text></Subsection><Subsection><Label>(2)</Label><Text>Subsection (1) does not apply if the operation of the ship constitutes a risk to the safety of navigation because of</Text><Paragraph><Label>(a)</Label><Text>the ship’s seaworthiness;</Text></Paragraph><Paragraph><Label>(b)</Label><Text>exceptional conditions on board the ship; or</Text></Paragraph><Paragraph><Label>(c)</Label><Text>conditions related to weather, currents or ice.</Text></Paragraph></Subsection><HistoricalNote>SOR/2011-136, s. 2.</HistoricalNote></Section><Heading level="2"><TitleText>Tugs</TitleText></Heading><Section><Label>4.2</Label><Text>A ship that is not subject to compulsory pilotage under section 4 is subject to compulsory pilotage if the ship is a tug that</Text><Paragraph><Label>(a)</Label><Text>is engaged in towing or pushing two or more ships and the combined length of those ships, including the length of any lines, is 80 m or more; or</Text></Paragraph><Paragraph><Label>(b)</Label><Text>is outside a harbour and is part of an arrangement of ships whose total gross tonnage is 1 500 gross tonnage or more.</Text></Paragraph><HistoricalNote>SOR/2011-136, s. 2.</HistoricalNote></Section><Section><Label>4.3</Label><Subsection><Label>(1)</Label><Text>A ship is not subject to compulsory pilotage under section 4 if the ship is a tug that</Text><Paragraph><Label>(a)</Label><Text>is not engaged in towing or pushing another ship or object;</Text></Paragraph><Paragraph><Label>(b)</Label><Text>is engaged in towing or pushing a ship that is less than 80 m in length; or</Text></Paragraph><Paragraph><Label>(c)</Label><Text>is engaged in towing or pushing a ship in a harbour.</Text></Paragraph></Subsection><Subsection><Label>(2)</Label><Text>Subsection (1) does not apply if the operation of the ship constitutes a risk to the safety of navigation because of</Text><Paragraph><Label>(a)</Label><Text>the ship’s seaworthiness;</Text></Paragraph><Paragraph><Label>(b)</Label><Text>exceptional conditions on board the ship; or</Text></Paragraph><Paragraph><Label>(c)</Label><Text>conditions related to weather, currents or ice.</Text></Paragraph></Subsection><HistoricalNote>SOR/2011-136, s. 2.</HistoricalNote></Section><Heading level="2"><TitleText>Ships Under the Conduct of Masters or Deck Watch Officers Licensed in the United States</TitleText></Heading><Section><Label>4.4</Label><Text>A ship that is subject to compulsory pilotage under section 4 need not be under the conduct of a licensed pilot or the holder of a pilotage certificate if the ship</Text><Paragraph><Label>(a)</Label><Text>navigates only on the Great Lakes or the inland waters of Canada, except for occasional near coastal voyages; and</Text></Paragraph><Paragraph><Label>(b)</Label><Text>is under the conduct of a master or deck watch officer who holds a certificate of competency or similar document issued pursuant to the laws of the United States that authorizes that person to have the conduct of the ship within the compulsory pilotage area in which the ship is navigating.</Text></Paragraph><HistoricalNote>SOR/2011-136, s. 2.</HistoricalNote></Section><Heading level="2"><TitleText>Transitional Exception</TitleText></Heading><Section><Label>4.5</Label><Text>Until December 31, 2012, a ship is not subject to compulsory pilotage under section 4 if the ship</Text><Paragraph><Label>(a)</Label><Text>has an inspection certificate issued by the Minister of Transport under section 10 of the <XRefExternal reference-type="regulation">Vessel Certificates Regulations</XRefExternal>;</Text></Paragraph><Paragraph><Label>(b)</Label><Text>navigates only on the Great Lakes or the inland waters of Canada, except for occasional near coastal voyages; and</Text></Paragraph><Paragraph><Label>(c)</Label><Text>is under the conduct of a master or deck watch officer who</Text><Subparagraph><Label>(i)</Label><Text>is a regular member of the complement of the ship,</Text></Subparagraph><Subparagraph><Label>(ii)</Label><Text>holds an appropriate and valid certificate of competency issued by the Minister of Transport under the <XRefExternal reference-type="act">Canada Shipping Act</XRefExternal> or the <XRefExternal reference-type="act">Canada Shipping Act, 2001</XRefExternal>, and</Text></Subparagraph><Subparagraph><Label>(iii)</Label><Text>has been certified within the preceding 12 months by the owner of the ship as having completed, within the three-years immediately preceding the date of the certificate, in the capacity of master or deck watch officer, not less than 10 one-way trips of the compulsory pilotage area in which the ship is navigating.</Text></Subparagraph></Paragraph><HistoricalNote>SOR/2011-136, s. 2.</HistoricalNote></Section><Heading level="1"><TitleText>Waiving of Compulsory Pilotage</TitleText></Heading><Section><Label>5</Label><Subsection><Label>(1)</Label><Text>The Authority may waive compulsory pilotage in respect of a ship if</Text><Paragraph><Label>(a)</Label><Text>the ship is in distress;</Text></Paragraph><Paragraph><Label>(b)</Label><Text>the ship is proceeding to or assisting a ship in difficulty or in a position of danger;</Text></Paragraph><Paragraph><Label>(c)</Label><Text>the ship is engaged in rescue or salvage operations;</Text></Paragraph><Paragraph><Label>(d)</Label><Text>the ship is entering a compulsory pilotage area for the purpose of seeking refuge;</Text></Paragraph><Paragraph><Label>(e)</Label><Text>the ship is in any compulsory pilotage area described in paragraph 3(e) and</Text><Subparagraph><Label>(i)</Label><Text>a licensed pilot or the holder of a pilotage certificate for that area is on board and available on call, or</Text></Subparagraph><Subparagraph><Label>(ii)</Label><Text>the master or deck watch officer of the ship is the holder of a pilotage certificate, or a similar document issued by an appropriate authority of the United States, which certificate or document authorizes the master or deck watch officer to have the conduct of a ship within the area;</Text></Subparagraph></Paragraph><Paragraph><Label>(f)</Label><Text>a licensed pilot is not available to perform the functions of a pilot and the following conditions have been satisfied, namely,</Text><Subparagraph><Label>(i)</Label><Text>the owner, agent or master of the ship has complied with subsection 8(1), </Text></Subparagraph><Subparagraph><Label>(ii)</Label><Text>the owner, agent or master of the ship has provided notice to the Authority of the pilotage services to be performed, the limits of the area for which the waiver is requested, the immediate and ultimate destinations of the ship within the compulsory pilotage area, the name, nationality, length, breadth, deepest draft and gross registered tonnage of the ship and the nature of the cargo on board the ship,</Text></Subparagraph><Subparagraph><Label>(iii)</Label><Text>the master of the ship is familiar with the route and any marine traffic control system in the compulsory pilotage area and is prepared to proceed without the services of a pilot, and</Text></Subparagraph><Subparagraph><Label>(iv)</Label><Text>a person referred to in subparagraph (i) has provided to the Authority any other information required by it to ensure safe navigation;</Text></Subparagraph></Paragraph><Paragraph><Label>(g)</Label><Text>) one or more licensed pilots refuse to perform the functions of a pilot for any reason other than the safety of the ship; or</Text></Paragraph><Paragraph><Label>(h)</Label><Text>the ship is necessary for carrying out the following work or for any related operations and the Authority determines that the waiver will not impede safe navigation, namely,</Text><Subparagraph><Label>(i)</Label><Text>dredging work, in which case the waiver applies only for the site specified in the waiver and for travelling to and from the port and spoil grounds within the distance specified in the waiver, or</Text></Subparagraph><Subparagraph><Label>(ii)</Label><Text>underwater engineering work such as the construction, laying or maintenance of underwater pipeline or cable or other similar facilities.</Text></Subparagraph></Paragraph></Subsection><Subsection><Label>(2)</Label><Text>A waiver under paragraph (1)(h) is valid only if it is provided by the Authority in writing and may be made subject to the condition that a licensed pilot be engaged for the overall supervision of the ships specified in the waiver, in which case the waiver does not apply unless the licensed pilot is so engaged.</Text></Subsection><HistoricalNote>SOR/79-48, s. 2(F); SOR/2004-215, s. 3; SOR/2011-136, s. 3.</HistoricalNote></Section><Heading level="1"><TitleText>United States Pilots</TitleText></Heading><Section><Label>6</Label><Subsection><Label>(1)</Label><Text>Subject to subsection (2), where Canadian waters are contiguous with waters of the United States, a ship subject to compulsory pilotage may be under the conduct of a person who is duly authorized to have such conduct by an appropriate authority of the United States.</Text></Subsection><Subsection><Label>(2)</Label><Text>Subsection (1) does not apply unless persons holding licences or pilotage certificates under the Act and any regulations made pursuant to the Act are granted similar authority by the Government of the United States for the United States waters of the Great Lakes, their connecting and tributary waters and the St. Lawrence River as far east as St. Regis in the Province of Quebec.</Text></Subsection><HistoricalNote>SOR/2007-95, s. 3(F).</HistoricalNote></Section><Heading level="1"><TitleText>Navigation in the Compulsory Pilotage Areas</TitleText></Heading><Section><Label>7</Label><Text>The Authority may deny or withdraw pilotage service in respect of a ship if, without reasonable cause,</Text><Paragraph><Label>(a)</Label><Text>the person in charge of the ship fails to</Text><Subparagraph><Label>(i)</Label><Text>provide safe boarding and disembarking facilities for a pilot,</Text></Subparagraph><Subparagraph><Label>(ii)</Label><Text>provide adequate accommodation and meals to a pilot in any case when the pilot is required to be on board the ship for a period of more than three hours, or</Text></Subparagraph><Subparagraph><Label>(iii)</Label><Text>sign the pilotage card supplied by the Authority to the pilot; or</Text></Subparagraph></Paragraph><Paragraph><Label>(b)</Label><Text>the owner, agent or master of the ship has not complied with subsection 8(1).</Text></Paragraph><HistoricalNote>SOR/2004-215, s. 4.</HistoricalNote></Section><Heading level="1"><TitleText>Notice of Requirement for a Pilot</TitleText></Heading><Section><Label>8</Label><Subsection><Label>(1)</Label><Text>Subject to subsection (2), the owner, agent or master of a ship that requires the services of a pilot shall advise a person at the nearest pilot office of the Authority of the time the pilot will be required to be on board the ship at least 12 hours before the pilot is so required, and shall confirm the time four hours before the pilot is so required.</Text></Subsection><Subsection><Label>(2)</Label><Text>A notice required by subsection (1) may be waived with the permission of an officer of the Authority.</Text></Subsection></Section><Heading level="1"><TitleText>Exchange of Pilots at Iroquois Lock</TitleText></Heading><Section><Label>8.1</Label><Subsection><Label>(1)</Label><Text>A ship that is under the conduct of a licensed pilot and is transiting International District No. 1 shall exchange pilots at Iroquois Lock if</Text><Paragraph><Label>(a)</Label><Text>in respect of an upbound voyage, the ship takes longer than 1 hour and 15 minutes to transit from Valleyfield Bridge to Calling-In Point No. 7; or</Text></Paragraph><Paragraph><Label>(b)</Label><Text>in respect of a downbound voyage, the ship takes longer than 3 hours and 46 minutes to transit from Cape Vincent to Crossover Island.</Text></Paragraph></Subsection><Subsection><Label>(2)</Label><Text>Subsection (1) does not apply if no licensed pilots are available for an exchange at Iroquois Lock.</Text></Subsection><HistoricalNote>SOR/2007-95, s. 2; SOR/2011-136, s. 4.</HistoricalNote></Section><Heading level="1"><TitleText>Pilotage Certificates</TitleText></Heading><Section><Label>9</Label><Text>A pilotage certificate issued by the Authority permits its holder to perform pilotage duties on board a ship in a compulsory pilotage area if</Text><Paragraph><Label>(a)</Label><Text>the holder is a regular member of the complement of the ship; and</Text></Paragraph><Paragraph><Label>(b)</Label><Text>the certificate was issued for that compulsory pilotage area.</Text></Paragraph><HistoricalNote>SOR/2004-215, s. 5; SOR/2009-64, s. 3(F); SOR/2011-136, s. 5.</HistoricalNote></Section><Heading level="1"><TitleText>Apprenticeship</TitleText></Heading><Section><Label>10</Label><Subsection><Label>(1)</Label><Text>For the purpose of gaining experience on ships of different types and sizes, an apprentice pilot for a compulsory pilotage area may, under the supervision of a licensed pilot for that area, undertake shipboard pilotage training on any ship that is subject to compulsory pilotage.</Text></Subsection><Subsection><Label>(2)</Label><Text>A deck watch officer who is training for a pilotage certificate for a compulsory pilotage area may, under the supervision of the holder of a pilotage certificate for that area or a licensed pilot for that area, undertake shipboard pilotage training on</Text><Paragraph><Label>(a)</Label><Text>a Canadian ship of more than 1 500 gross tonnage; or</Text></Paragraph><Paragraph><Label>(b)</Label><Text>an arrangement of ships whose total gross tonnage is 1 500 gross tonnage or more.</Text></Paragraph></Subsection><HistoricalNote>SOR/2004-215, s. 6; SOR/2011-136, s. 5.</HistoricalNote></Section><Heading level="1"><TitleText>Endorsements</TitleText></Heading><Section><Label>11</Label><Subsection><Label>(1)</Label><Text>A licence or pilotage certificate shall be endorsed in respect of any restrictions or appropriate qualifications pertaining to the holder thereof.</Text></Subsection><Subsection><Label>(2)</Label><Text>Subject to any restrictions or qualifications that are endorsed on it, a licence or pilotage certificate permits its holder to perform pilotage duties on a ship in any compulsory pilotage area that is endorsed on the licence or certificate.</Text></Subsection><HistoricalNote>SOR/2004-215, s. 7(F); SOR/2011-136, s. 6.</HistoricalNote></Section><Heading level="1"><TitleText>Qualifications</TitleText></Heading><Heading level="2"><TitleText>Applicant for a Licence</TitleText></Heading><Section><Label>12</Label><Subsection><Label>(1)</Label><Text>An applicant for a licence shall</Text><Paragraph><Label>(a)</Label><Text>have the sea service described in section 12 of the <XRefExternal reference-type="regulation">General Pilotage Regulations</XRefExternal>;</Text></Paragraph><Paragraph><Label>(b)</Label><Text>pass an examination conducted by a Board of Examiners by showing a knowledge of the topics set out in section 13 that is compatible with the safe performance of pilotage duties;</Text></Paragraph><Paragraph><Label>(c)</Label><Text>hold a Restricted Operator’s Certificate (ROC-MC) or General Operator Certificate (GOC) issued under the <XRefExternal reference-type="act">Radiocommunication Act</XRefExternal>;</Text></Paragraph><Paragraph><Label>(d)</Label><Text>hold training certificates showing that the applicant has successfully completed</Text><Subparagraph><Label>(i)</Label><Text>SEN Level II, as referred to in the <XRefExternal reference-type="regulation">Marine Personnel Regulations</XRefExternal>, and</Text></Subparagraph><Subparagraph><Label>(ii)</Label><Text>a bridge resource management training course that has been approved by the Minister under section 114 of the <XRefExternal reference-type="regulation">Marine Personnel Regulations</XRefExternal>;</Text></Subparagraph></Paragraph><Paragraph><Label>(e)</Label><Text>demonstrate professional conduct;</Text></Paragraph><Paragraph><Label>(f)</Label><Text>have been declared fit to perform pilotage duties in accordance with the medical requirements of the <XRefExternal reference-type="regulation">General Pilotage Regulations</XRefExternal>; and</Text></Paragraph><Paragraph><Label>(g)</Label><Text>be able to speak and understand English to the extent necessary to perform pilotage duties.</Text></Paragraph></Subsection><Subsection><Label>(2)</Label><Text>An applicant for a licence for a compulsory pilotage area for which an apprenticeship system has been established shall have completed the full apprenticeship required by the Authority before taking the examination referred to in paragraph (1)(b).</Text></Subsection><Subsection><Label>(3)</Label><Text>An applicant for a licence for a compulsory pilotage area, other than the Port of Churchill, Manitoba, shall have completed at least 50 training trips in that area before taking the examination referred to in paragraph (1)(b).</Text></Subsection><Subsection><Label>(4)</Label><Text>An applicant for a licence for the Cornwall District shall be able to speak and understand French to the extent necessary to perform pilotage duties in that area.</Text></Subsection><HistoricalNote>SOR/80-15, s. 1; SOR/2004-215, s. 8; SOR/2011-136, s. 7.</HistoricalNote></Section><Heading level="2"><TitleText>Applicant for a Pilotage Certificate — Before January 1, 2013</TitleText></Heading><Section><Label>12.1</Label><Text>Subject to section 12.2, an applicant for a pilotage certificate who applies before January 1, 2013 shall</Text><Paragraph><Label>(a)</Label><Text>have the sea service described in section 12 of the <XRefExternal reference-type="regulation">General Pilotage Regulations</XRefExternal>;</Text></Paragraph><Paragraph><Label>(b)</Label><Text>have completed, within the three years immediately preceding the date of the application, at least 10 one-way trips in each compulsory pilotage area in which the applicant intends to perform pilotage duties;</Text></Paragraph><Paragraph><Label>(c)</Label><Text>pass an examination conducted by a Board of Examiners by showing a knowledge of the topics set out in section 13 that is compatible with the safe performance of pilotage duties;</Text></Paragraph><Paragraph><Label>(d)</Label><Text>hold a Restricted Operator’s Certificate (ROC-MC) or General Operator Certificate (GOC) issued under the <XRefExternal reference-type="act">Radiocommunication Act</XRefExternal>;</Text></Paragraph><Paragraph><Label>(e)</Label><Text>hold training certificates showing that the applicant has successfully completed</Text><Subparagraph><Label>(i)</Label><Text>a marine emergency duties training course for senior officers taught at a recognized institution, as defined in subsection 1(1) of the <XRefExternal reference-type="regulation">Marine Personnel Regulations</XRefExternal>, and</Text></Subparagraph><Subparagraph><Label>(ii)</Label><Text>SEN Level II, as referred to in the <XRefExternal reference-type="regulation">Marine Personnel Regulations</XRefExternal>;</Text></Subparagraph></Paragraph><Paragraph><Label>(f)</Label><Text>demonstrate professional conduct;</Text></Paragraph><Paragraph><Label>(g)</Label><Text>have been declared fit to perform pilotage duties in accordance with the medical requirements of the <XRefExternal reference-type="regulation">General Pilotage Regulations</XRefExternal>; and</Text></Paragraph><Paragraph><Label>(h)</Label><Text>be able to speak and understand English to the extent necessary to perform pilotage duties.</Text></Paragraph><HistoricalNote>SOR/2011-136, s. 7.</HistoricalNote></Section><Section><Label>12.2</Label><Subsection><Label>(1)</Label><Text>An applicant for a pilotage certificate who applies before January 1, 2013 is not required to meet the qualifications prescribed in paragraph 12.1(c) if, before that date, the applicant provides the Authority with a statutory declaration stating the following information:</Text><Paragraph><Label>(a)</Label><Text>the applicant’s experience and service in the conduct of Canadian ships in and through the parts of each compulsory pilotage area that the pilotage certificate is applied for;</Text></Paragraph><Paragraph><Label>(b)</Label><Text>that the applicant is a Canadian citizen or is a permanent resident as described in paragraph 22(2)(b) of the Act;</Text></Paragraph><Paragraph><Label>(c)</Label><Text>the applicant’s age; and</Text></Paragraph><Paragraph><Label>(d)</Label><Text>the type of each certificate of competency that the applicant holds.</Text></Paragraph></Subsection><Subsection><Label>(2)</Label><Text>The statutory declaration referred to in subsection (1) shall include the following attachments:</Text><Paragraph><Label>(a)</Label><Text>proof that the applicant is a Canadian citizen or is a permanent resident as described in paragraph 22(2)(b) of the Act;</Text></Paragraph><Paragraph><Label>(b)</Label><Text>proof of the applicant’s sea service;</Text></Paragraph><Paragraph><Label>(c)</Label><Text>proof of the applicant’s experience and service in the conduct of Canadian ships in and through the parts of each compulsory pilotage area that the pilotage certificate is applied for;</Text></Paragraph><Paragraph><Label>(d)</Label><Text>a photocopy of the applicant’s Restricted Operator’s Certificate (ROC-MC) or General Operator Certificate (GOC);</Text></Paragraph><Paragraph><Label>(e)</Label><Text>a photocopy of each training certificate required under paragraph 12.1(e);</Text></Paragraph><Paragraph><Label>(f)</Label><Text>a photocopy of each certificate of competency that the applicant holds; and</Text></Paragraph><Paragraph><Label>(g)</Label><Text>proof of the applicant’s age.</Text></Paragraph></Subsection><HistoricalNote>SOR/2011-136, s. 7.</HistoricalNote></Section><Heading level="2"><TitleText>Applicant for a Pilotage Certificate — After December 31, 2012</TitleText></Heading><Section><Label>12.3</Label><Text>An applicant for a pilotage certificate who applies after December 31, 2012 shall</Text><Paragraph><Label>(a)</Label><Text>have the sea service described in section 12 of the <XRefExternal reference-type="regulation">General Pilotage Regulations</XRefExternal>;</Text></Paragraph><Paragraph><Label>(b)</Label><Text>have completed, within the three years immediately preceding the date of the application, at least 15 trips in each compulsory pilotage area in which the applicant intends to perform pilotage duties;</Text></Paragraph><Paragraph><Label>(c)</Label><Text>either</Text><Subparagraph><Label>(i)</Label><Text>pass an examination conducted by a Board of Examiners by showing a knowledge of the topics set out in section 13 that is compatible with the safe performance of pilotage duties, or</Text></Subparagraph><Subparagraph><Label>(ii)</Label><Text>have successfully completed the Great Lakes Marine Pilotage Certificate Training Program;</Text></Subparagraph></Paragraph><Paragraph><Label>(d)</Label><Text>hold a Restricted Operator’s Certificate (ROC-MC) or General Operator Certificate (GOC) issued under the <XRefExternal reference-type="act">Radiocommunication Act</XRefExternal>;</Text></Paragraph><Paragraph><Label>(e)</Label><Text>hold training certificates showing that the applicant has successfully completed</Text><Subparagraph><Label>(i)</Label><Text>SEN Level II, as referred to in the <XRefExternal reference-type="regulation">Marine Personnel Regulations</XRefExternal>, and</Text></Subparagraph><Subparagraph><Label>(ii)</Label><Text>a bridge resource management training course that has been approved by the Minister under section 114 of the <XRefExternal reference-type="regulation">Marine Personnel Regulations</XRefExternal>;</Text></Subparagraph></Paragraph><Paragraph><Label>(f)</Label><Text>demonstrate professional conduct;</Text></Paragraph><Paragraph><Label>(g)</Label><Text>have been declared fit to perform pilotage duties in accordance with the medical requirements of the <XRefExternal reference-type="regulation">General Pilotage Regulations</XRefExternal>; and</Text></Paragraph><Paragraph><Label>(h)</Label><Text>be able to speak and understand English to the extent necessary to perform pilotage duties.</Text></Paragraph><HistoricalNote>SOR/2011-136, s. 7.</HistoricalNote></Section><Section><Label>12.4</Label><Text>An applicant for a pilotage certificate who applies after December 31, 2012 shall provide the Authority with</Text><Paragraph><Label>(a)</Label><Text>proof that the applicant is a Canadian citizen or is a permanent resident as described in paragraph 22(2)(b) of the Act;</Text></Paragraph><Paragraph><Label>(b)</Label><Text>proof of the applicant’s acquired experience and service in the conduct of Canadian ships, or arrangements of ships, whose total gross tonnage is 1 500 gross tonnage or more in and through the parts of each compulsory pilotage area in which the applicant intends to perform pilotage duties;</Text></Paragraph><Paragraph><Label>(c)</Label><Text>a photocopy of the applicant’s Restricted Operator’s Certificate (ROC-MC) or General Operator Certificate (GOC);</Text></Paragraph><Paragraph><Label>(d)</Label><Text>a photocopy of each training certificate required under paragraph 12.3(e);</Text></Paragraph><Paragraph><Label>(e)</Label><Text>a photocopy of each certificate of competency that the applicant holds; and</Text></Paragraph><Paragraph><Label>(f)</Label><Text>proof of the applicant’s age.</Text></Paragraph><HistoricalNote>SOR/2011-136, s. 7.</HistoricalNote></Section><Heading level="1"><TitleText>Great Lakes Marine Pilotage Certificate Training Program</TitleText></Heading><Section><Label>12.5</Label><Text>For greater certainty, the Authority shall ensure that successfully completing the Great Lakes Marine Pilotage Certificate Training Program is equivalent to passing an examination for a pilotage certificate.</Text><HistoricalNote>SOR/2011-136, s. 7.</HistoricalNote></Section><Heading level="1"><TitleText>Examinations</TitleText></Heading><Section><Label>13</Label><Subsection><Label>(1)</Label><Text>An examination for a licence or pilotage certificate shall relate to the applicant’s knowledge of the following topics:</Text><Paragraph><Label>(a)</Label><Text>the pilotage and navigational requirements of each area in which the applicant intends to perform pilotage duties, including knowledge of the currents, depths of water, anchorage areas, aids to navigation and, as applicable, tides;</Text></Paragraph><Paragraph><Label>(b)</Label><Text>the marine traffic control system, if any, in each area in which the applicant intends to perform pilotage duties;</Text></Paragraph><Paragraph><Label>(c)</Label><Text>the relevant parts of the Act and the regulations made under it;</Text></Paragraph><Paragraph><Label>(d)</Label><Text>ship handling, including the related characteristics of a ship and the principles of hydrodynamics;</Text></Paragraph><Paragraph><Label>(e)</Label><Text>the practical use of all shipboard navigational instruments;</Text></Paragraph><Paragraph><Label>(f)</Label><Text>the duties, responsibilities and obligations of a pilot; and</Text></Paragraph><Paragraph><Label>(g)</Label><Text>the relevant customs, port, immigration and pollution regulations.</Text></Paragraph></Subsection><Subsection><Label>(2)</Label><Text>If an applicant intends to perform pilotage duties in an area other than the Port of Churchill, Manitoba, the examination shall also relate to the applicant’s knowledge of the <XRefExternal reference-type="regulation">Seaway Property Regulations</XRefExternal>.</Text></Subsection><Subsection><Label>(3)</Label><Text>If an applicant intends to perform pilotage duties in the Port of Churchill, Manitoba, the examination shall also relate to the applicant’s knowledge of the <XRefExternal reference-type="regulation">Collision Regulations</XRefExternal> and any regulations respecting the Port of Churchill made under any law of Canada.</Text></Subsection><HistoricalNote>SOR/2011-136, s. 7.</HistoricalNote></Section><Section><Label>13.1</Label><Text>An examination for a licence or pilotage certificate shall be conducted at a place or places determined by the Authority and notice of the examination shall be communicated by the Authority to every applicant for a licence or pilotage certificate.</Text><HistoricalNote>SOR/2011-136, s. 7.</HistoricalNote></Section><Heading level="1"><TitleText>Board of Examiners</TitleText></Heading><Section><Label>14</Label><Subsection><Label>(1)</Label><Text>A Board of Examiners shall consist of an officer of the Authority, who shall be the Chairperson of the Board, and of the Board members appointed by the Authority under subsection (2) or (3).</Text></Subsection><Subsection><Label>(2)</Label><Text>In the case of an applicant for a licence for a compulsory pilotage area, the Authority shall appoint the following Board members:</Text><Paragraph><Label>(a)</Label><Text>two persons, each of whom holds a licence for the area; and</Text></Paragraph><Paragraph><Label>(b)</Label><Text>a person who does not hold a licence for the area but is knowledgeable about the area and holds</Text><Subparagraph><Label>(i)</Label><Text>a certificate not lower than master, local voyage, issued under the <XRefExternal reference-type="act">Canada Shipping Act</XRefExternal>, or</Text></Subparagraph><Subparagraph><Label>(ii)</Label><Text>a certificate not lower than Master, Near Coastal, issued under the <XRefExternal reference-type="act">Canada Shipping Act, 2001</XRefExternal>.</Text></Subparagraph></Paragraph></Subsection><Subsection><Label>(3)</Label><Text>In the case of an applicant for a pilotage certificate for a compulsory pilotage area, the Authority shall appoint the following Board members:</Text><Paragraph><Label>(a)</Label><Text>two persons, each of whom holds a licence or a pilotage certificate for the area; and</Text></Paragraph><Paragraph><Label>(b)</Label><Text>a person who does not hold a licence or pilotage certificate for the area but is knowledgeable about the area and holds</Text><Subparagraph><Label>(i)</Label><Text>a certificate not lower than master, local voyage, issued under the <XRefExternal reference-type="act">Canada Shipping Act</XRefExternal>, or</Text></Subparagraph><Subparagraph><Label>(ii)</Label><Text>a certificate not lower than Master, Near Coastal, issued under the <XRefExternal reference-type="act">Canada Shipping Act, 2001</XRefExternal>.</Text></Subparagraph></Paragraph></Subsection><Subsection><Label>(4)</Label><Text>The Chairperson of the Board of Examiners shall report to the Authority the results of every examination, including</Text><Paragraph><Label>(a)</Label><Text>the name of each person who passed the examination; and</Text></Paragraph><Paragraph><Label>(b)</Label><Text>the class of licence or pilotage certificate to which a person who passed the examination is entitled.</Text></Paragraph></Subsection><HistoricalNote>SOR/2004-215, ss. 9, 14(E); SOR/2011-136, s. 8.</HistoricalNote></Section><Heading level="1"><TitleText>Fees</TitleText></Heading><Section><Label>15</Label><Subsection><Label>(1)</Label><Text>The fee for an examination of an applicant for a licence or pilotage certificate is $500.</Text></Subsection><Subsection><Label>(2)</Label><Text>Until December 31, 2012, the fee for issuing a licence or pilotage certificate is $100.</Text></Subsection><Subsection><Label>(3)</Label><Text>Beginning on January 1, 2013, the fee for issuing a licence or pilotage certificate is $250.</Text></Subsection><HistoricalNote>SOR/81-63, s. 2; SOR/2004-215, s. 10; SOR/2011-136, s. 9.</HistoricalNote></Section><Heading level="1"><TitleText>Maintaining Qualifications</TitleText></Heading><Section><Label>16</Label><Subsection><Label>(1)</Label><Text>A licence expires unless its holder</Text><Paragraph><Label>(a)</Label><Text>remains fit to perform pilotage duties in accordance with the medical requirements of the <XRefExternal reference-type="regulation">General Pilotage Regulations</XRefExternal>;</Text></Paragraph><Paragraph><Label>(b)</Label><Text>maintains and, if possible, improves his or her competence with respect to pilotage duties;</Text></Paragraph><Paragraph><Label>(c)</Label><Text>holds valid certificates of competency and valid certificates issued under the <XRefExternal reference-type="act">Radiocommunication Act</XRefExternal>, if they were required for the issuance of the licence;</Text></Paragraph><Paragraph><Label>(d)</Label><Text>maintains valid training certificates, if they were required for the issuance of the licence; and</Text></Paragraph><Paragraph><Label>(e)</Label><Text>completes, every year, at least five one-way trips in each compulsory pilotage area for which the licence was issued.</Text></Paragraph></Subsection><Subsection><Label>(2)</Label><Text>Paragraph (1)(d) does not apply in respect of a licence for the Port of Churchill, Manitoba.</Text></Subsection><HistoricalNote>SOR/2004-215, s. 11; SOR/2011-136, s. 10.</HistoricalNote></Section><Section><Label>16.1</Label><Text>A pilotage certificate expires unless its holder</Text><Paragraph><Label>(a)</Label><Text>remains fit to perform pilotage duties in accordance with the medical requirements of the <XRefExternal reference-type="regulation">General Pilotage Regulations</XRefExternal>;</Text></Paragraph><Paragraph><Label>(b)</Label><Text>maintains and, if possible, improves his or her competence with respect to pilotage duties;</Text></Paragraph><Paragraph><Label>(c)</Label><Text>holds valid certificates of competency and valid certificates issued under the <XRefExternal reference-type="act">Radiocommunication Act</XRefExternal>, if they were required for the issuance of the pilotage certificate;</Text></Paragraph><Paragraph><Label>(d)</Label><Text>maintains valid training certificates, if they were required for the issuance of the pilotage certificate; and</Text></Paragraph><Paragraph><Label>(e)</Label><Text>completes, in the three-year period after the date of issuance of the certificate, in the capacity of master or deck watch officer, at least 10 one-way trips in the compulsory pilotage area for which the pilotage certificate was issued; and</Text></Paragraph><Paragraph><Label>(f)</Label><Text>provides, at the request of the Authority, satisfactory evidence that the holder has complied with the requirements of paragraph (e).</Text></Paragraph><HistoricalNote>SOR/2011-136, s. 10.</HistoricalNote></Section><Heading level="1"><TitleText>Further Training</TitleText></Heading><Section><Label>17</Label><Text>A holder of a licence or pilotage certificate shall, at the direction of the Authority or the Minister, undergo further training</Text><Paragraph><Label>(a)</Label><Text>to enable the holder to meet any new qualifications prescribed under these Regulations; or</Text></Paragraph><Paragraph><Label>(b)</Label><Text>to improve the holder’s competence with respect to pilotage duties, if the Authority or the Minister has reason to believe that the holder may have become a safety risk by virtue of loss of competence in the performance of any pilotage duty.</Text></Paragraph><HistoricalNote>SOR/2004-215, s. 12.</HistoricalNote></Section><Heading level="1"><TitleText>Shipping Casualty</TitleText></Heading><Section><Label>18</Label><Subsection><Label>(1)</Label><Text>Where an incident occurs whereby a ship in a compulsory pilotage area</Text><Paragraph><Label>(a)</Label><Text>causes loss or damage to any other ship or to property located in or adjacent to the waters in that area, whether or not loss or damage results to the ship, or</Text></Paragraph><Paragraph><Label>(b)</Label><Text>is damaged, stranded, lost or abandoned or is in any manner involved in an incident that may directly or indirectly cause damage to or pollution of the surrounding environment,</Text></Paragraph><ContinuedSectionSubsection><Text>and a holder of a licence or pilotage certificate was on board the ship at the time the incident occurred, such holder and any other person who had the conduct of the ship at the time shall report the incident forthwith by the fastest available means to the Authority.</Text></ContinuedSectionSubsection></Subsection><Subsection><Label>(2)</Label><Text>Every report referred to in subsection (1) shall set out all information in respect of the incident that is known to the person making the report, including any pollution or threat of pollution.</Text></Subsection><Subsection><Label>(3)</Label><Text>Where a report referred to in subsection (1) cannot be made directly to the Authority, it shall be made to the nearest maritime traffic control centre.</Text></Subsection><Subsection><Label>(4)</Label><Text>Every person who makes a report referred to in subsection (1) shall, as soon as possible after making the report, attend before an officer of the Authority and make a written report of the incident on a form provided by the Authority.</Text></Subsection><Subsection><Label>(5)</Label><Text>Every report made under subsection (1) or (4) shall be confidential and shall not be released by the Authority to any person without the prior consent of the person who made the report.</Text></Subsection><HistoricalNote>SOR/2004-215, s. 13; SOR/2009-64, s. 4.</HistoricalNote></Section></Body></Regulation>