﻿<?xml version="1.0" encoding="utf-8"?><!DOCTYPE Regulation PUBLIC "-//Justice Canada//DTD Regulation v1.2.2//EN" "Dtd/Regulations/Version_1.2.2/regulation.dtd"><Regulation regulation-type="SOR" xml:lang="en"><Identification><InstrumentNumber>C.R.C., c. 773</InstrumentNumber><ConsolidationDate><Date><YYYY>2018</YYYY><MM>07</MM><DD>06</DD></Date></ConsolidationDate><LastModifiedDate><Date><YYYY>2005</YYYY><MM>7</MM><DD>11</DD></Date></LastModifiedDate><EnablingAuthority><XRefExternal reference-type="act">FINANCIAL ADMINISTRATION ACT</XRefExternal></EnablingAuthority><ShortTitle>L-5 hydroxytryptophan Remission Order</ShortTitle><LongTitle>Order Respecting the Remission of Customs Duties on L-5 Hydroxytryptophan</LongTitle></Identification><Body><Heading level="1"><TitleText>Short Title</TitleText></Heading><Section><Label>1</Label><Text>This Order may be cited as the <XRefExternal reference-type="regulation">L-5 hydroxytryptophan Remission Order</XRefExternal>.</Text></Section><Heading level="1"><TitleText>Remission</TitleText></Heading><Section><Label>2</Label><Text>Remission is hereby granted of the customs duties paid or payable under the <XRefExternal reference-type="act">Customs Tariff</XRefExternal> on L-5 hydroxytryptophan imported on or after October 1, 1975.</Text><HistoricalNote>SI/88-17, s. 2(E).</HistoricalNote></Section></Body></Regulation>