﻿<?xml version="1.0" encoding="utf-8"?><!DOCTYPE Regulation PUBLIC "-//Justice Canada//DTD Regulation v1.2.2//EN" "Dtd/Regulations/Version_1.2.2/regulation.dtd"><Regulation gazette-part="II" regulation-type="SOR" xml:lang="en"><Identification><InstrumentNumber>C.R.C., c. 104</InstrumentNumber><ConsolidationDate><Date><YYYY>2018</YYYY><MM>07</MM><DD>06</DD></Date></ConsolidationDate><LastModifiedDate><Date><YYYY>2012</YYYY><MM>2</MM><DD>27</DD></Date></LastModifiedDate><EnablingAuthority><XRefExternal reference-type="act">AERONAUTICS ACT</XRefExternal></EnablingAuthority><ShortTitle>Quebec Airport Zoning Regulations</ShortTitle><LongTitle>Regulations Respecting Zoning at Quebec Airport</LongTitle></Identification><Body><Heading level="1"><TitleText>Short Title</TitleText></Heading><Section><Label>1</Label><Text>These Regulations may be cited as the <XRefExternal reference-type="regulation">Quebec Airport Zoning Regulations</XRefExternal>.</Text></Section><Heading level="1"><TitleText>Interpretation</TitleText></Heading><Section><Label>2</Label><Text>In these Regulations,</Text><Definition generate-in-text="no"><Text><DefinedTermEn>airport</DefinedTermEn> means Quebec Airport, L’Ancienne Lorette, in the Province of Quebec; (<DefinedTermFr>aéroport</DefinedTermFr>)</Text></Definition><Definition generate-in-text="no"><Text><DefinedTermEn>airport reference point</DefinedTermEn> means the point described in Part I of the schedule; (<DefinedTermFr>point de repère de l’aéroport</DefinedTermFr>)</Text></Definition><Definition generate-in-text="no"><Text><DefinedTermEn>approach surface</DefinedTermEn> means an imaginary inclined plane the lower end of which is a horizontal line at right angles to the centre line of a strip and passing through a point at the strip end on the centre line of the strip; (<DefinedTermFr>surface d’approche</DefinedTermFr>)</Text></Definition><Definition generate-in-text="no"><Text><DefinedTermEn>horizontal surface</DefinedTermEn> means an imaginary horizontal plane centering on and located 150 feet above the assigned elevation of the airport reference point; (<DefinedTermFr>surface horizontale</DefinedTermFr>)</Text></Definition><Definition generate-in-text="no"><Text><DefinedTermEn>Minister</DefinedTermEn><Repealed>[Revoked, SOR/93-401, s. 2]</Repealed></Text></Definition><Definition generate-in-text="no"><Text><DefinedTermEn>strip</DefinedTermEn> means a rectangular portion of the landing area of the airport, especially prepared for the take-off and landing of aircraft in a particular direction and being</Text><Paragraph><Label>(a)</Label><Text>1,200 feet, including the runway, in the case of the runway designated as 12-30, and</Text></Paragraph><Paragraph><Label>(b)</Label><Text>1,500 feet, including the runway, in the case of the runway designated as 06-24; (<DefinedTermFr>bande</DefinedTermFr>)</Text></Paragraph></Definition><Definition generate-in-text="no"><Text><DefinedTermEn>transitional surface</DefinedTermEn> means an imaginary inclined plane extending upward and outward from the outer lateral limits of a strip and its approach surface to an intersection with the horizontal surface or other transitional surfaces. (<DefinedTermFr>surface de transition</DefinedTermFr>)</Text></Definition><HistoricalNote>SOR/93-401, s. 2.</HistoricalNote></Section><Section><Label>3</Label><Text>For the purposes of these Regulations, the airport reference point is deemed to be 200 feet above sea level.</Text></Section><Heading level="1"><TitleText>Application</TitleText></Heading><Section><Label>4</Label><Text>These Regulations apply to all lands, including public road allowances, adjacent to or in the vicinity of the airport, as more particularly described in Part II of the schedule.</Text></Section><Heading level="1"><TitleText>General</TitleText></Heading><Section><Label>5</Label><Text>No person shall erect or construct, on any land to which these Regulations apply, any building, structure or object or any addition to any existing building, structure or object, the highest point of which will exceed in elevation at the location of the highest point any of the surfaces hereinafter set out that project immediately over and above the surface of the land at that location, namely,</Text><Paragraph><Label>(a)</Label><Text>a horizontal surface, the outer limits of which may be described as follows:</Text><Provision format-ref="indent-1-1" language-align="yes" list-item="no"><Text>BEGINNING at the intersection of the Northwesterly boundary of Highway No. 2 with the lot line between lots 113-30 and 114-10; THENCE, following the Northwesterly boundary of Highway No. 2 in a Southwesterly direction to its intersection with the Northwesterly production of the lot line between lots 124 and 123; THENCE, following the last mentioned lot line in a Southeasterly direction to its intersection with the parish line between the Parishes of L’Ancienne Lorette and Ste Foye; THENCE, following the last mentioned parish line in a Southwesterly direction to its intersection with the lot line between lot 22-1, Parish of Ste Foye, and lot 506, Parish of L’Ancienne Lorette; THENCE, following the same parish line in a Southeasterly direction to its intersection with the Northeasterly production of the parish line at the Southerly limit of lots 507 to 520; THENCE, following the last mentioned parish line to its intersection with the Northwesterly boundary of lot 6, Parish of Ste Foye; THENCE, in a Southwesterly direction to its intersection with the most Northerly corner of lot 521, Parish of L’Ancienne Lorette; THENCE, following the lot line between lots 521 and 522 in a Southwesterly direction to its intersection with the parish line between the Parishes of L’Ancienne Lorette and St. Félix; THENCE, following the last mentioned parish line in a Northwesterly direction, then in a Southerly direction, then in a Southwesterly direction to a point where there is an angle in the parish line at a corner of lot 533, Parish of L’Ancienne Lorette; THENCE, in a general Westerly direction to its intersection with the intersection of lot 556-23 with the parish line between the Parishes of L’Ancienne Lorette and St. Augustin; THENCE, following the last mentioned parish line in a Southwesterly direction to its intersection with the Southwesterly boundary of lot 564, Parish of L’Ancienne Lorette; THENCE, following the parish line between the Parishes of L’Ancienne Lorette and St. Augustin in a Northwesterly direction to a point on the Southerly boundary of Calvaire Lake; THENCE, following the last mentioned boundary in a general Southwesterly direction to a point on the parish line between the Parishes of L’Ancienne Lorette and St. Augustin; THENCE, following the last mentioned parish line and its production thereof in a Northwesterly direction to its intersection with the Northwesterly boundary of Highway No. 2; THENCE, following the last mentioned boundary in a Southwesterly direction to its intersection with the lot line between lots 612 and 615; THENCE, following the last mentioned lot line in a Northwesterly direction a distance of six hundred feet (600′) to a point; THENCE, following a line parallel to the Northwesterly boundary of Highway No. 2 in a Southwesterly direction to its intersection with the lot line between lots 616 and 620; THENCE, following the last mentioned lot line in a Northwesterly direction to its intersection with the Southeasterly boundary of the Canadian National Railway right-of-way; THENCE, following the last mentioned bound in a general Westerly direction to its intersection with the lot line between lots 621 and 624; THENCE, following the last mentioned lot line in a Northwesterly direction to its intersection with lot 649; THENCE, following the lot line between lots 649 and 622 in a Northeasterly direction to its intersection with the lot line between lots 649 and 652; THENCE, following the lot line between lots 649 and 652 and the lot line between lots 650 and 651 in a Northwesterly direction to its intersection with the Southeasterly boundary of lot 705; THENCE, following the lot line between lots 705 and 651 in a Northeasterly direction to its intersection with the lot line between lots 651 and 654; THENCE, in a Northwesterly direction to its intersection with the intersection of lot 703 with the lot line between lots 758 and 759; THENCE, in a general Northerly direction to its intersection with the intersection of the Northerly boundary of Notre Dame Road with the lot line between lots 744 and 749; THENCE, in a general Northeasterly direction to its intersection with the intersection of the Northeasterly boundary of Drolet Road with the concession line between Concessions I and II; THENCE, following the Northeasterly boundary of Drolet Road in a Northwesterly direction to its intersection with the parish line between the Parishes of St. Ambroise de la Jeune Lorette and L’Ancienne Lorette; THENCE following the last mentioned parish line in a Northeasterly direction to its intersection with the lot line between lots 330 and 333; THENCE, following the last mentioned lot line in a Southeasterly direction to its intersection with the Southerly boundary of the Hydro-Quebec right-of-way; THENCE, following the last mentioned boundary in a general Northeasterly direction to its intersection with the lot line between lots 260 and 261C; THENCE, following the last mentioned lot line in a Southeasterly direction to its intersection with the parish line between the Parishes of St. Ambroise de la Jeune Lorette and L’Ancienne Lorette; THENCE, following the last mentioned parish line in a Northeasterly direction to its intersection with the Northeasterly boundary of lot 289, Parish of L’Ancienne Lorette; THENCE, following the same parish line in a Southeasterly direction to its intersection with the Northwesterly boundary of Promenade Road; THENCE, following the northwesterly boundary of said road in a northeasterly direction to its intersection with the northwesterly production of the lot line between lots 239 and 240; THENCE, following the last mentioned lot line in a Southeasterly direction to its intersection with the Northwesterly boundary of St. Jean Baptiste Road; THENCE, following the same general direction to its intersection with the intersection of the Southeasterly boundary of St. Jean Baptiste Road with the lot line between lots 232 and 234; THENCE, following the last mentioned lot line in a Southeasterly direction to its intersection with the Northwesterly boundary of lot 98; THENCE, following the Southeasterly boundary of lots 232, 231 and 230 to its intersection with the Northwesterly boundary of lot 112-42; THENCE, following the lot line between lots 112 and 112-5 to 112-42 and its production in a Southeasterly direction to its intersection with the Southeasterly boundary of St. Paul Road; THENCE, following the Southeasterly boundary of said road in a Southwesterly direction to its intersection with the lot line between lots 113 and 116, 114; THENCE, following the last mentioned lot line in a Southeasterly direction to its intersection with the Northwesterly boundary of Highway No. 2 being the Point of Beginning,</Text></Provision></Paragraph><Paragraph><Label>(b)</Label><Text>the approach surfaces abutting each end of the strip designated as 12-30 and the strip designated as 06-24, and extending outward therefrom, the dimensions of which approach surfaces are six hundred (600) feet on each side of the centre line of the strip at the strip ends for strip 12-30, seven hundred and fifty (750) feet on each side of the centre line of the strip at the strip ends for strip 06-24 and two thousand (2,000) feet on each side of the projected centre line of the strip at the outer ends for strips 12-30 and 06-24, the said outer ends being two hundred (200) feet above the elevations at the strip ends, and measured horizontally ten thousand (10,000) feet from the strip ends and their abutting surfaces, and</Text></Paragraph><Paragraph><Label>(c)</Label><Text>the several transitional surfaces, each rising at an angle determined on the basis of a ratio of one (1) foot vertically for every seven (7) feet measured horizontally from the outer lateral limits of the strips and their abutting surfaces,</Text></Paragraph><ContinuedSectionSubsection><Text>as shown on Plan No. M-2440 (A, B, C) dated December 5, 1962, of record in the Department of Transport at Ottawa.</Text></ContinuedSectionSubsection></Section></Body><Schedule bilingual="no" spanlanguages="no"><ScheduleFormHeading><Label>SCHEDULE</Label><OriginatingRef>(Sections 2 and 4)</OriginatingRef></ScheduleFormHeading><Heading level="1"><Label>PART I</Label><TitleText>Airport Reference Point</TitleText></Heading><Provision format-ref="indent-0-0" language-align="yes" list-item="no"><Text>Premising that the bearings hereinafter mentioned are astronomical and are referred to the centre line of strip 06-24, Quebec Airport, L’Ancienne Lorette, Province of Quebec, as North forty-four degrees forty-nine minutes East (N. 44°49′ E.):</Text><Provision format-ref="indent-1-1" language-align="yes" list-item="no"><Text>BEGINNING at the intersection of the centre line of strip 06-24 with the centre line of strip 12-30; THENCE North forty-four degrees forty-nine minutes East (N. 44°49′ E.) along the centre line of strip 06-24 a distance of two thousand feet (2,000′) to a point; THENCE, North forty-five degrees eleven minutes West (N. 45°11′ W.) a distance of seven hundred and fifty feet (750′) to a point henceforth designated as the airport reference point, said airport reference point being also at one thousand eight hundred and ninety-nine feet and one tenth (1,899.1′) measured along a line having a bearing of South twenty-one degrees seven minutes West (S. 21°07′ W.) from a concrete monument at the intersection of the concession line between Concessions V and VI and the lot line between lots 376 and 383, the said airport reference point having an assigned true elevation of two hundred feet (200′) above sea level.</Text></Provision></Provision><Heading level="1"><Label>PART II</Label><TitleText>Description of Lands to Which These Regulations Apply</TitleText></Heading><Provision format-ref="indent-0-0" language-align="yes" list-item="no"><Text>ALL AND SINGULAR those certain parcels or tracts of land and premises situate, lying and being partly in the Parish of L’Ancienne Lorette, partly in the Parish of Ste Foye and partly in the Parish of St. Ambroise de la Jeune Lorette, County of Quebec, Province of Quebec, and being more particularly described as follows:</Text></Provision><Provision format-ref="indent-1-1" language-align="yes" list-item="no"><Text>BEING composed of lots and/or parts of lots:</Text></Provision><Heading level="2"><TitleText>Parish of L’Ancienne Lorette</TitleText></Heading><Heading level="3" style="listcaption"><TitleText>Lots:</TitleText></Heading><List first-line-indent="0" subsequent-line-indent="0"><Item><Text>112</Text></Item><Item><Text>112-1 to 112-7</Text></Item><Item><Text>114</Text></Item><Item><Text>114-1 to 114-7</Text></Item><Item><Text>114-9 to 114-16</Text></Item><Item><Text>115</Text></Item><Item><Text>115-1 to 115-11</Text></Item><Item><Text>116</Text></Item><Item><Text>116-7 to 116-14</Text></Item><Item><Text>116-17 to 116-73</Text></Item><Item><Text>116-74-1</Text></Item><Item><Text>116-74-2</Text></Item><Item><Text>116-75 to 116-81</Text></Item><Item><Text>116-84</Text></Item><Item><Text>116-86</Text></Item><Item><Text>116-87</Text></Item><Item><Text>117</Text></Item><Item><Text>117-1 to 117-10</Text></Item><Item><Text>118</Text></Item><Item><Text>118-1</Text></Item><Item><Text>118-2</Text></Item><Item><Text>119</Text></Item><Item><Text>120</Text></Item><Item><Text>121</Text></Item><Item><Text>121-1</Text></Item><Item><Text>121-2</Text></Item><Item><Text>122</Text></Item><Item><Text>123</Text></Item><Item><Text>123-1</Text></Item><Item><Text>124</Text></Item><Item><Text>124-1 to 124-15</Text></Item><Item><Text>124-16-1</Text></Item><Item><Text>124-16-2</Text></Item><Item><Text>124-17 to 124-32</Text></Item><Item><Text>125</Text></Item><Item><Text>125-1 to 125-40</Text></Item><Item><Text>125-41A</Text></Item><Item><Text>125-41B</Text></Item><Item><Text>125-42 to 125-59</Text></Item><Item><Text>126</Text></Item><Item><Text>127</Text></Item><Item><Text>128</Text></Item><Item><Text>129</Text></Item><Item><Text>130</Text></Item><Item><Text>130-1 to 130-4</Text></Item><Item><Text>130-4-1 to 130-4-3</Text></Item><Item><Text>130-5 to 130-22</Text></Item><Item><Text>131</Text></Item><Item><Text>132</Text></Item><Item><Text>132-1 to 132-12</Text></Item><Item><Text>133</Text></Item><Item><Text>134</Text></Item><Item><Text>134A</Text></Item><Item><Text>135</Text></Item><Item><Text>135-1 to 135-3</Text></Item><Item><Text>135-9 to 135-12</Text></Item><Item><Text>136</Text></Item><Item><Text>136-1-1 to 136-1-6</Text></Item><Item><Text>136-1-1-1</Text></Item><Item><Text>136-1-2-1</Text></Item><Item><Text>136-2-1</Text></Item><Item><Text>136-2 to 136-5</Text></Item><Item><Text>137</Text></Item><Item><Text>138</Text></Item><Item><Text>139</Text></Item><Item><Text>140</Text></Item><Item><Text>140-1</Text></Item><Item><Text>140-4</Text></Item><Item><Text>140-5</Text></Item><Item><Text>141</Text></Item><Item><Text>141-1 to 141-3</Text></Item><Item><Text>141-9</Text></Item><Item><Text>141-10</Text></Item><Item><Text>142</Text></Item><Item><Text>142-1</Text></Item><Item><Text>142-1-1</Text></Item><Item><Text>142-2 to 142-35</Text></Item><Item><Text>143</Text></Item><Item><Text>144</Text></Item><Item><Text>144-1</Text></Item><Item><Text>145</Text></Item><Item><Text>146</Text></Item><Item><Text>147</Text></Item><Item><Text>148</Text></Item><Item><Text>149</Text></Item><Item><Text>149-1 to 149-8</Text></Item><Item><Text>150</Text></Item><Item><Text>150-1</Text></Item><Item><Text>150-2</Text></Item><Item><Text>150-1-1</Text></Item><Item><Text>150-1-2</Text></Item><Item><Text>151</Text></Item><Item><Text>151-1</Text></Item><Item><Text>151-2</Text></Item><Item><Text>152</Text></Item><Item><Text>152-1</Text></Item><Item><Text>153</Text></Item><Item><Text>153-1 to 153-62</Text></Item><Item><Text>154</Text></Item><Item><Text>154-1 to 154-78</Text></Item><Item><Text>154-78-1</Text></Item><Item><Text>154-79 to 154-88</Text></Item><Item><Text>155</Text></Item><Item><Text>155-1-1</Text></Item><Item><Text>155-1-2</Text></Item><Item><Text>155-1-16 to 155-1-21</Text></Item><Item><Text>155-1-29</Text></Item><Item><Text>155-1-30</Text></Item><Item><Text>155-1-35 to 155-1-53</Text></Item><Item><Text>155-2</Text></Item><Item><Text>155-2-1 to 155-2-12</Text></Item><Item><Text>155-3 to 155-39</Text></Item><Item><Text>155-41</Text></Item><Item><Text>155-42</Text></Item><Item><Text>155-43-1</Text></Item><Item><Text>155-43-2</Text></Item><Item><Text>155-44 to 155-106</Text></Item><Item><Text>156</Text></Item><Item><Text>156-1</Text></Item><Item><Text>156-2</Text></Item><Item><Text>156-2-1</Text></Item><Item><Text>156-3 to 156-62</Text></Item><Item><Text>156-62-1</Text></Item><Item><Text>156-63 to 156-76</Text></Item><Item><Text>156-79 to 156-83</Text></Item><Item><Text>156-86 to 156-127</Text></Item><Item><Text>156-128-1</Text></Item><Item><Text>156-128-2</Text></Item><Item><Text>156-129 to 156-140</Text></Item><Item><Text>157</Text></Item><Item><Text>157-1</Text></Item><Item><Text>157-2</Text></Item><Item><Text>158</Text></Item><Item><Text>158-1 to 158-11</Text></Item><Item><Text>159</Text></Item><Item><Text>160</Text></Item><Item><Text>161</Text></Item><Item><Text>162</Text></Item><Item><Text>163</Text></Item><Item><Text>163-A to 163-D</Text></Item><Item><Text>163-A-1</Text></Item><Item><Text>163-1 to 163-38</Text></Item><Item><Text>163-38-1</Text></Item><Item><Text>163-39 to 163-42</Text></Item><Item><Text>164</Text></Item><Item><Text>164-1</Text></Item><Item><Text>165</Text></Item><Item><Text>165-A to 165-C</Text></Item><Item><Text>165-A-1</Text></Item><Item><Text>165-B-1 to 165-B-5</Text></Item><Item><Text>165-1 to 165-3</Text></Item><Item><Text>166</Text></Item><Item><Text>167</Text></Item><Item><Text>168</Text></Item><Item><Text>169</Text></Item><Item><Text>169-1</Text></Item><Item><Text>169-A</Text></Item><Item><Text>170</Text></Item><Item><Text>171</Text></Item><Item><Text>172</Text></Item><Item><Text>172-1</Text></Item><Item><Text>173</Text></Item><Item><Text>173-1</Text></Item><Item><Text>173-1-1</Text></Item><Item><Text>173-2</Text></Item><Item><Text>174</Text></Item><Item><Text>175</Text></Item><Item><Text>176</Text></Item><Item><Text>176-1</Text></Item><Item><Text>177-1</Text></Item><Item><Text>177-2</Text></Item><Item><Text>178</Text></Item><Item><Text>179</Text></Item><Item><Text>179-1</Text></Item><Item><Text>179-2</Text></Item><Item><Text>180</Text></Item><Item><Text>180-1</Text></Item><Item><Text>181</Text></Item><Item><Text>182</Text></Item><Item><Text>182-A</Text></Item><Item><Text>182-A-1</Text></Item><Item><Text>182-B</Text></Item><Item><Text>182-D</Text></Item><Item><Text>182-E</Text></Item><Item><Text>182-G</Text></Item><Item><Text>182-I to 182-S</Text></Item><Item><Text>182-T-1</Text></Item><Item><Text>182-T-2</Text></Item><Item><Text>182-U-1</Text></Item><Item><Text>182-U-2</Text></Item><Item><Text>182-V</Text></Item><Item><Text>183</Text></Item><Item><Text>184</Text></Item><Item><Text>185</Text></Item><Item><Text>185-A</Text></Item><Item><Text>185-1</Text></Item><Item><Text>185-2</Text></Item><Item><Text>186</Text></Item><Item><Text>186-1</Text></Item><Item><Text>187</Text></Item><Item><Text>188</Text></Item><Item><Text>189</Text></Item><Item><Text>190</Text></Item><Item><Text>190-1 to 190-3</Text></Item><Item><Text>191</Text></Item><Item><Text>192</Text></Item><Item><Text>192-1</Text></Item><Item><Text>193</Text></Item><Item><Text>194</Text></Item><Item><Text>195-1 to 195-3</Text></Item><Item><Text>196</Text></Item><Item><Text>197</Text></Item><Item><Text>198-1 to 198-7</Text></Item><Item><Text>198-7A</Text></Item><Item><Text>198-8 to 198-32</Text></Item><Item><Text>199</Text></Item><Item><Text>199-1</Text></Item><Item><Text>200</Text></Item><Item><Text>201</Text></Item><Item><Text>202</Text></Item><Item><Text>202-A to 202-C</Text></Item><Item><Text>202-1</Text></Item><Item><Text>202-2</Text></Item><Item><Text>203</Text></Item><Item><Text>204</Text></Item><Item><Text>205</Text></Item><Item><Text>206</Text></Item><Item><Text>207</Text></Item><Item><Text>208</Text></Item><Item><Text>209</Text></Item><Item><Text>210</Text></Item><Item><Text>210-1 to 210-4</Text></Item><Item><Text>211</Text></Item><Item><Text>212</Text></Item><Item><Text>213</Text></Item><Item><Text>214</Text></Item><Item><Text>215</Text></Item><Item><Text>216</Text></Item><Item><Text>217</Text></Item><Item><Text>217-A</Text></Item><Item><Text>217-1 to 217-6</Text></Item><Item><Text>218</Text></Item><Item><Text>219</Text></Item><Item><Text>220</Text></Item><Item><Text>221</Text></Item><Item><Text>222</Text></Item><Item><Text>222-1 to 222-38</Text></Item><Item><Text>223</Text></Item><Item><Text>224</Text></Item><Item><Text>225</Text></Item><Item><Text>225-1</Text></Item><Item><Text>226</Text></Item><Item><Text>227</Text></Item><Item><Text>228</Text></Item><Item><Text>229</Text></Item><Item><Text>230</Text></Item><Item><Text>231</Text></Item><Item><Text>232</Text></Item><Item><Text>232-1</Text></Item><Item><Text>237</Text></Item><Item><Text>238</Text></Item><Item><Text>239</Text></Item><Item><Text>240</Text></Item><Item><Text>240-1</Text></Item><Item><Text>241</Text></Item><Item><Text>242</Text></Item><Item><Text>242-1 to 242-31</Text></Item><Item><Text>243</Text></Item><Item><Text>243-1 to 243-3</Text></Item><Item><Text>243-4-1 to 243-4-7</Text></Item><Item><Text>243-5-1 to 243-5-6</Text></Item><Item><Text>243-6 to 243-30</Text></Item><Item><Text>244</Text></Item><Item><Text>245</Text></Item><Item><Text>246</Text></Item><Item><Text>246-1 to 246-45</Text></Item><Item><Text>247</Text></Item><Item><Text>248</Text></Item><Item><Text>248-1</Text></Item><Item><Text>248-2</Text></Item><Item><Text>249</Text></Item><Item><Text>250</Text></Item><Item><Text>250-1 to 250-89</Text></Item><Item><Text>251</Text></Item><Item><Text>251-1 to 251-14</Text></Item><Item><Text>252</Text></Item><Item><Text>252-1 to 252-8</Text></Item><Item><Text>253</Text></Item><Item><Text>253-1 to 253-23</Text></Item><Item><Text>254</Text></Item><Item><Text>254-1 to 254-16</Text></Item><Item><Text>254-17-1</Text></Item><Item><Text>254-17-2</Text></Item><Item><Text>254-18 to 254-42</Text></Item><Item><Text>255</Text></Item><Item><Text>255-1 to 255-13</Text></Item><Item><Text>255-15 to 255-26</Text></Item><Item><Text>255-14-1 to 255-14-7</Text></Item><Item><Text>255-28</Text></Item><Item><Text>256</Text></Item><Item><Text>256-1</Text></Item><Item><Text>257</Text></Item><Item><Text>257-3 to 257-7</Text></Item><Item><Text>258</Text></Item><Item><Text>258-1 to 258-18</Text></Item><Item><Text>259</Text></Item><Item><Text>259-3 to 259-33</Text></Item><Item><Text>259-34-1 to 259-34-8</Text></Item><Item><Text>259-35 to 259-47</Text></Item><Item><Text>259-49</Text></Item><Item><Text>260</Text></Item><Item><Text>260-1 to 260-84</Text></Item><Item><Text>261-1 to 261-24</Text></Item><Item><Text>262</Text></Item><Item><Text>263</Text></Item><Item><Text>264</Text></Item><Item><Text>265</Text></Item><Item><Text>265-1 to 265-20</Text></Item><Item><Text>266</Text></Item><Item><Text>267</Text></Item><Item><Text>268</Text></Item><Item><Text>269</Text></Item><Item><Text>270</Text></Item><Item><Text>270-1 to 270-33</Text></Item><Item><Text>274</Text></Item><Item><Text>275</Text></Item><Item><Text>275-1 to 275-11</Text></Item><Item><Text>275-11A</Text></Item><Item><Text>275-12 to 275-57</Text></Item><Item><Text>280</Text></Item><Item><Text>281</Text></Item><Item><Text>282</Text></Item><Item><Text>282-1 to 282-5</Text></Item><Item><Text>283-1 to 283-4</Text></Item><Item><Text>284</Text></Item><Item><Text>284-1 to 284-4</Text></Item><Item><Text>285</Text></Item><Item><Text>286</Text></Item><Item><Text>287</Text></Item><Item><Text>288</Text></Item><Item><Text>289</Text></Item><Item><Text>290</Text></Item><Item><Text>291</Text></Item><Item><Text>292</Text></Item><Item><Text>293</Text></Item><Item><Text>294</Text></Item><Item><Text>294-1 to 294-13</Text></Item><Item><Text>295-1</Text></Item><Item><Text>295-2</Text></Item><Item><Text>296</Text></Item><Item><Text>296-1</Text></Item><Item><Text>297</Text></Item><Item><Text>298</Text></Item><Item><Text>299</Text></Item><Item><Text>300</Text></Item><Item><Text>301</Text></Item><Item><Text>302</Text></Item><Item><Text>302-1 to 302-43</Text></Item><Item><Text>303</Text></Item><Item><Text>304</Text></Item><Item><Text>305</Text></Item><Item><Text>306</Text></Item><Item><Text>307</Text></Item><Item><Text>308</Text></Item><Item><Text>309</Text></Item><Item><Text>310</Text></Item><Item><Text>311</Text></Item><Item><Text>311-1</Text></Item><Item><Text>311-2</Text></Item><Item><Text>312</Text></Item><Item><Text>313</Text></Item><Item><Text>314</Text></Item><Item><Text>315</Text></Item><Item><Text>316</Text></Item><Item><Text>317</Text></Item><Item><Text>318</Text></Item><Item><Text>318-1</Text></Item><Item><Text>319</Text></Item><Item><Text>320-1</Text></Item><Item><Text>321</Text></Item><Item><Text>321-1</Text></Item><Item><Text>321-2</Text></Item><Item><Text>321-A</Text></Item><Item><Text>322</Text></Item><Item><Text>323</Text></Item><Item><Text>323-2</Text></Item><Item><Text>324</Text></Item><Item><Text>325</Text></Item><Item><Text>328</Text></Item><Item><Text>329</Text></Item><Item><Text>331</Text></Item><Item><Text>332</Text></Item><Item><Text>333</Text></Item><Item><Text>334</Text></Item><Item><Text>335</Text></Item><Item><Text>336</Text></Item><Item><Text>337</Text></Item><Item><Text>338</Text></Item><Item><Text>339</Text></Item><Item><Text>340</Text></Item><Item><Text>341</Text></Item><Item><Text>342</Text></Item><Item><Text>343</Text></Item><Item><Text>344</Text></Item><Item><Text>345</Text></Item><Item><Text>346</Text></Item><Item><Text>347</Text></Item><Item><Text>348</Text></Item><Item><Text>349</Text></Item><Item><Text>350</Text></Item><Item><Text>351</Text></Item><Item><Text>352</Text></Item><Item><Text>353</Text></Item><Item><Text>353-1</Text></Item><Item><Text>354</Text></Item><Item><Text>355</Text></Item><Item><Text>356</Text></Item><Item><Text>357</Text></Item><Item><Text>358</Text></Item><Item><Text>359</Text></Item><Item><Text>360</Text></Item><Item><Text>361</Text></Item><Item><Text>362</Text></Item><Item><Text>363</Text></Item><Item><Text>364</Text></Item><Item><Text>365</Text></Item><Item><Text>366</Text></Item><Item><Text>367</Text></Item><Item><Text>368</Text></Item><Item><Text>369</Text></Item><Item><Text>370</Text></Item><Item><Text>371</Text></Item><Item><Text>372</Text></Item><Item><Text>373</Text></Item><Item><Text>374</Text></Item><Item><Text>375</Text></Item><Item><Text>376</Text></Item><Item><Text>377</Text></Item><Item><Text>378</Text></Item><Item><Text>379</Text></Item><Item><Text>380</Text></Item><Item><Text>381</Text></Item><Item><Text>382</Text></Item><Item><Text>383</Text></Item><Item><Text>384</Text></Item><Item><Text>385</Text></Item><Item><Text>386</Text></Item><Item><Text>387</Text></Item><Item><Text>388</Text></Item><Item><Text>389</Text></Item><Item><Text>390</Text></Item><Item><Text>390-1</Text></Item><Item><Text>391</Text></Item><Item><Text>392</Text></Item><Item><Text>393</Text></Item><Item><Text>394</Text></Item><Item><Text>395</Text></Item><Item><Text>396</Text></Item><Item><Text>397</Text></Item><Item><Text>398</Text></Item><Item><Text>399</Text></Item><Item><Text>400</Text></Item><Item><Text>401</Text></Item><Item><Text>402</Text></Item><Item><Text>403</Text></Item><Item><Text>404</Text></Item><Item><Text>405</Text></Item><Item><Text>406</Text></Item><Item><Text>407</Text></Item><Item><Text>408</Text></Item><Item><Text>409</Text></Item><Item><Text>410</Text></Item><Item><Text>411</Text></Item><Item><Text>412</Text></Item><Item><Text>413</Text></Item><Item><Text>414</Text></Item><Item><Text>415</Text></Item><Item><Text>416</Text></Item><Item><Text>417</Text></Item><Item><Text>418</Text></Item><Item><Text>419</Text></Item><Item><Text>420</Text></Item><Item><Text>421</Text></Item><Item><Text>422</Text></Item><Item><Text>423</Text></Item><Item><Text>424</Text></Item><Item><Text>425</Text></Item><Item><Text>426</Text></Item><Item><Text>427</Text></Item><Item><Text>428</Text></Item><Item><Text>429</Text></Item><Item><Text>430</Text></Item><Item><Text>431</Text></Item><Item><Text>432</Text></Item><Item><Text>433</Text></Item><Item><Text>434</Text></Item><Item><Text>435</Text></Item><Item><Text>436</Text></Item><Item><Text>437</Text></Item><Item><Text>438</Text></Item><Item><Text>439</Text></Item><Item><Text>440</Text></Item><Item><Text>441</Text></Item><Item><Text>442</Text></Item><Item><Text>443</Text></Item><Item><Text>444</Text></Item><Item><Text>445</Text></Item><Item><Text>446</Text></Item><Item><Text>447</Text></Item><Item><Text>448</Text></Item><Item><Text>449</Text></Item><Item><Text>450</Text></Item><Item><Text>451</Text></Item><Item><Text>452</Text></Item><Item><Text>453</Text></Item><Item><Text>454</Text></Item><Item><Text>454-1-1</Text></Item><Item><Text>454-1-2</Text></Item><Item><Text>455</Text></Item><Item><Text>456</Text></Item><Item><Text>457</Text></Item><Item><Text>458</Text></Item><Item><Text>459</Text></Item><Item><Text>460</Text></Item><Item><Text>461</Text></Item><Item><Text>461-1</Text></Item><Item><Text>462</Text></Item><Item><Text>462-1 to 462-3</Text></Item><Item><Text>463</Text></Item><Item><Text>464</Text></Item><Item><Text>465</Text></Item><Item><Text>466</Text></Item><Item><Text>466-1</Text></Item><Item><Text>467</Text></Item><Item><Text>468</Text></Item><Item><Text>469</Text></Item><Item><Text>470</Text></Item><Item><Text>471</Text></Item><Item><Text>472</Text></Item><Item><Text>473</Text></Item><Item><Text>473-1</Text></Item><Item><Text>474</Text></Item><Item><Text>474-1</Text></Item><Item><Text>475-1</Text></Item><Item><Text>476</Text></Item><Item><Text>476-1</Text></Item><Item><Text>476-2-1</Text></Item><Item><Text>476-2-2</Text></Item><Item><Text>476-3</Text></Item><Item><Text>476-4</Text></Item><Item><Text>476-5-1</Text></Item><Item><Text>476-5-2</Text></Item><Item><Text>476-6 to 476-9</Text></Item><Item><Text>477</Text></Item><Item><Text>478</Text></Item><Item><Text>478A</Text></Item><Item><Text>479</Text></Item><Item><Text>480</Text></Item><Item><Text>481</Text></Item><Item><Text>482</Text></Item><Item><Text>482-A</Text></Item><Item><Text>482-1 to 482-7</Text></Item><Item><Text>483</Text></Item><Item><Text>484</Text></Item><Item><Text>484-1</Text></Item><Item><Text>484-2</Text></Item><Item><Text>485</Text></Item><Item><Text>486</Text></Item><Item><Text>486-1</Text></Item><Item><Text>487</Text></Item><Item><Text>488</Text></Item><Item><Text>488-1 to 488-3</Text></Item><Item><Text>489</Text></Item><Item><Text>489-1</Text></Item><Item><Text>489-2</Text></Item><Item><Text>490</Text></Item><Item><Text>491</Text></Item><Item><Text>492</Text></Item><Item><Text>492-1-1</Text></Item><Item><Text>492-1-2</Text></Item><Item><Text>492-2</Text></Item><Item><Text>493</Text></Item><Item><Text>494</Text></Item><Item><Text>495</Text></Item><Item><Text>496</Text></Item><Item><Text>496-A</Text></Item><Item><Text>497</Text></Item><Item><Text>497-1 to 497-3</Text></Item><Item><Text>498</Text></Item><Item><Text>499</Text></Item><Item><Text>500</Text></Item><Item><Text>501</Text></Item><Item><Text>501-1</Text></Item><Item><Text>502</Text></Item><Item><Text>502-1</Text></Item><Item><Text>502-2</Text></Item><Item><Text>503</Text></Item><Item><Text>504</Text></Item><Item><Text>505</Text></Item><Item><Text>506</Text></Item><Item><Text>506-1</Text></Item><Item><Text>507</Text></Item><Item><Text>508</Text></Item><Item><Text>509</Text></Item><Item><Text>510</Text></Item><Item><Text>511</Text></Item><Item><Text>512</Text></Item><Item><Text>513</Text></Item><Item><Text>514</Text></Item><Item><Text>514-1</Text></Item><Item><Text>515</Text></Item><Item><Text>516</Text></Item><Item><Text>517</Text></Item><Item><Text>518</Text></Item><Item><Text>519</Text></Item><Item><Text>520</Text></Item><Item><Text>522</Text></Item><Item><Text>523</Text></Item><Item><Text>523-1 to 523-7</Text></Item><Item><Text>524</Text></Item><Item><Text>525</Text></Item><Item><Text>526</Text></Item><Item><Text>526-1</Text></Item><Item><Text>527</Text></Item><Item><Text>528</Text></Item><Item><Text>529</Text></Item><Item><Text>530</Text></Item><Item><Text>530A</Text></Item><Item><Text>531</Text></Item><Item><Text>531-1</Text></Item><Item><Text>531-2</Text></Item><Item><Text>532</Text></Item><Item><Text>533</Text></Item><Item><Text>534</Text></Item><Item><Text>534-1 to 534-15</Text></Item><Item><Text>535</Text></Item><Item><Text>536</Text></Item><Item><Text>537</Text></Item><Item><Text>538</Text></Item><Item><Text>539</Text></Item><Item><Text>540</Text></Item><Item><Text>541</Text></Item><Item><Text>541-2</Text></Item><Item><Text>543</Text></Item><Item><Text>544</Text></Item><Item><Text>544-1</Text></Item><Item><Text>545</Text></Item><Item><Text>546</Text></Item><Item><Text>547</Text></Item><Item><Text>547-1</Text></Item><Item><Text>548</Text></Item><Item><Text>551</Text></Item><Item><Text>551-1 to 551-94</Text></Item><Item><Text>552</Text></Item><Item><Text>552-1</Text></Item><Item><Text>553</Text></Item><Item><Text>553-1 to 553-84</Text></Item><Item><Text>555</Text></Item><Item><Text>555-1 to 555-16</Text></Item><Item><Text>555-18</Text></Item><Item><Text>555-19</Text></Item><Item><Text>555-29 to 555-135</Text></Item><Item><Text>555-138 to 555-160</Text></Item><Item><Text>555-172 to 555-231</Text></Item><Item><Text>555-267 to 555-277</Text></Item><Item><Text>556-1 to 556-24</Text></Item><Item><Text>557</Text></Item><Item><Text>557-1</Text></Item><Item><Text>557-18 to 557-44</Text></Item><Item><Text>558</Text></Item><Item><Text>559</Text></Item><Item><Text>560</Text></Item><Item><Text>561</Text></Item><Item><Text>562</Text></Item><Item><Text>563</Text></Item><Item><Text>564</Text></Item><Item><Text>565</Text></Item><Item><Text>565-A</Text></Item><Item><Text>565-1</Text></Item><Item><Text>565-2</Text></Item><Item><Text>566-1-A to 566-1-E</Text></Item><Item><Text>566-1-1</Text></Item><Item><Text>566-1-2</Text></Item><Item><Text>566-1 to 566-26</Text></Item><Item><Text>566-26A to 566-26C</Text></Item><Item><Text>566-27 to 566-46</Text></Item><Item><Text>566-46A to 566-46C</Text></Item><Item><Text>566-47 to 566-71</Text></Item><Item><Text>566-73</Text></Item><Item><Text>566-73-1</Text></Item><Item><Text>566-74</Text></Item><Item><Text>566-74-1 to 566-74-3</Text></Item><Item><Text>566-75-1</Text></Item><Item><Text>566-75-2</Text></Item><Item><Text>566-76 to 566-78</Text></Item><Item><Text>566-78-1 to 566-78-3</Text></Item><Item><Text>566-80 to 566-93</Text></Item><Item><Text>566-94A</Text></Item><Item><Text>566-94B</Text></Item><Item><Text>566-95A to 566-95C</Text></Item><Item><Text>566-96 to 566-99</Text></Item><Item><Text>566-99-1</Text></Item><Item><Text>566-100 to 566-148</Text></Item><Item><Text>566-149A</Text></Item><Item><Text>566-149B</Text></Item><Item><Text>566-150 to 566-205</Text></Item><Item><Text>567</Text></Item><Item><Text>567-1 to 567-11</Text></Item><Item><Text>567-16</Text></Item><Item><Text>567-19 to 567-53</Text></Item><Item><Text>568</Text></Item><Item><Text>569</Text></Item><Item><Text>570</Text></Item><Item><Text>570-1</Text></Item><Item><Text>571</Text></Item><Item><Text>572</Text></Item><Item><Text>573</Text></Item><Item><Text>573-1</Text></Item><Item><Text>574A</Text></Item><Item><Text>574B</Text></Item><Item><Text>575</Text></Item><Item><Text>576</Text></Item><Item><Text>576-1</Text></Item><Item><Text>576-2</Text></Item><Item><Text>577</Text></Item><Item><Text>577-1 to 577-8</Text></Item><Item><Text>578</Text></Item><Item><Text>579</Text></Item><Item><Text>580</Text></Item><Item><Text>581</Text></Item><Item><Text>582</Text></Item><Item><Text>583</Text></Item><Item><Text>584</Text></Item><Item><Text>585</Text></Item><Item><Text>586</Text></Item><Item><Text>587</Text></Item><Item><Text>588</Text></Item><Item><Text>589</Text></Item><Item><Text>590</Text></Item><Item><Text>591</Text></Item><Item><Text>592</Text></Item><Item><Text>593</Text></Item><Item><Text>594</Text></Item><Item><Text>594-1</Text></Item><Item><Text>594-2</Text></Item><Item><Text>595</Text></Item><Item><Text>596</Text></Item><Item><Text>597</Text></Item><Item><Text>598</Text></Item><Item><Text>599</Text></Item><Item><Text>600</Text></Item><Item><Text>601</Text></Item><Item><Text>602</Text></Item><Item><Text>603</Text></Item><Item><Text>604</Text></Item><Item><Text>605</Text></Item><Item><Text>606</Text></Item><Item><Text>606-1</Text></Item><Item><Text>607</Text></Item><Item><Text>607-1</Text></Item><Item><Text>608</Text></Item><Item><Text>609</Text></Item><Item><Text>610</Text></Item><Item><Text>611</Text></Item><Item><Text>612</Text></Item><Item><Text>613</Text></Item><Item><Text>614</Text></Item><Item><Text>615</Text></Item><Item><Text>616</Text></Item><Item><Text>616-1</Text></Item><Item><Text>617</Text></Item><Item><Text>618</Text></Item><Item><Text>619</Text></Item><Item><Text>620</Text></Item><Item><Text>621</Text></Item><Item><Text>622</Text></Item><Item><Text>623</Text></Item><Item><Text>624</Text></Item><Item><Text>625</Text></Item><Item><Text>626</Text></Item><Item><Text>627</Text></Item><Item><Text>628</Text></Item><Item><Text>629</Text></Item><Item><Text>630</Text></Item><Item><Text>631</Text></Item><Item><Text>632</Text></Item><Item><Text>633</Text></Item><Item><Text>634</Text></Item><Item><Text>635</Text></Item><Item><Text>636</Text></Item><Item><Text>637</Text></Item><Item><Text>638-1</Text></Item><Item><Text>640</Text></Item><Item><Text>641</Text></Item><Item><Text>642</Text></Item><Item><Text>644</Text></Item><Item><Text>645</Text></Item><Item><Text>648</Text></Item><Item><Text>649</Text></Item><Item><Text>651</Text></Item><Item><Text>652</Text></Item><Item><Text>653</Text></Item><Item><Text>654</Text></Item><Item><Text>655</Text></Item><Item><Text>656</Text></Item><Item><Text>657</Text></Item><Item><Text>658</Text></Item><Item><Text>659</Text></Item><Item><Text>660</Text></Item><Item><Text>661</Text></Item><Item><Text>662</Text></Item><Item><Text>663</Text></Item><Item><Text>664</Text></Item><Item><Text>665</Text></Item><Item><Text>666</Text></Item><Item><Text>667</Text></Item><Item><Text>668</Text></Item><Item><Text>669</Text></Item><Item><Text>670</Text></Item><Item><Text>671</Text></Item><Item><Text>672</Text></Item><Item><Text>673</Text></Item><Item><Text>674</Text></Item><Item><Text>675</Text></Item><Item><Text>676</Text></Item><Item><Text>677</Text></Item><Item><Text>678</Text></Item><Item><Text>679</Text></Item><Item><Text>680</Text></Item><Item><Text>681</Text></Item><Item><Text>682</Text></Item><Item><Text>683</Text></Item><Item><Text>684</Text></Item><Item><Text>685</Text></Item><Item><Text>686</Text></Item><Item><Text>687</Text></Item><Item><Text>688</Text></Item><Item><Text>689</Text></Item><Item><Text>690</Text></Item><Item><Text>691</Text></Item><Item><Text>692</Text></Item><Item><Text>693</Text></Item><Item><Text>694</Text></Item><Item><Text>695</Text></Item><Item><Text>696</Text></Item><Item><Text>697</Text></Item><Item><Text>698</Text></Item><Item><Text>699</Text></Item><Item><Text>700</Text></Item><Item><Text>701</Text></Item><Item><Text>702</Text></Item><Item><Text>703</Text></Item><Item><Text>704</Text></Item><Item><Text>705</Text></Item><Item><Text>709</Text></Item><Item><Text>710</Text></Item><Item><Text>711</Text></Item><Item><Text>711-1</Text></Item><Item><Text>711-2</Text></Item><Item><Text>712</Text></Item><Item><Text>713</Text></Item><Item><Text>714</Text></Item><Item><Text>715</Text></Item><Item><Text>716</Text></Item><Item><Text>717</Text></Item><Item><Text>718</Text></Item><Item><Text>719</Text></Item><Item><Text>720</Text></Item><Item><Text>721</Text></Item><Item><Text>722</Text></Item><Item><Text>723</Text></Item><Item><Text>724</Text></Item><Item><Text>725</Text></Item><Item><Text>726</Text></Item><Item><Text>727</Text></Item><Item><Text>728</Text></Item><Item><Text>729</Text></Item><Item><Text>730</Text></Item><Item><Text>731</Text></Item><Item><Text>732</Text></Item><Item><Text>733</Text></Item><Item><Text>734</Text></Item><Item><Text>735</Text></Item><Item><Text>736</Text></Item><Item><Text>738</Text></Item><Item><Text>739</Text></Item><Item><Text>740</Text></Item><Item><Text>741</Text></Item><Item><Text>742</Text></Item><Item><Text>743</Text></Item><Item><Text>744</Text></Item><Item><Text>745</Text></Item><Item><Text>746</Text></Item><Item><Text>747</Text></Item><Item><Text>748</Text></Item><Item><Text>749</Text></Item><Item><Text>749-1</Text></Item><Item><Text>750</Text></Item><Item><Text>751</Text></Item><Item><Text>752</Text></Item><Item><Text>753</Text></Item><Item><Text>754</Text></Item><Item><Text>755</Text></Item><Item><Text>758</Text></Item><Item><Text>759</Text></Item><Item><Text>764</Text></Item><Item><Text>765</Text></Item><Item><Text>768</Text></Item><Item><Text>769</Text></Item><Item><Text>772</Text></Item><Item><Text>957</Text></Item><Item><Text>958</Text></Item><Item><Text>962</Text></Item><Item><Text>963</Text></Item><Item><Text>964</Text></Item><Item><Text>964-1</Text></Item><Item><Text>964-1-1 to 964-1-13</Text></Item><Item><Text>964-2</Text></Item><Item><Text>964-2-1</Text></Item></List><Heading level="2"><TitleText>Parish of Ste Foy</TitleText></Heading><Heading level="3" style="listcaption"><TitleText>Lots:</TitleText></Heading><List first-line-indent="0" subsequent-line-indent="0"><Item><Text>20</Text></Item><Item><Text>20-4</Text></Item><Item><Text>20-5</Text></Item><Item><Text>22</Text></Item><Item><Text>22-1</Text></Item><Item><Text>23</Text></Item><Item><Text>31</Text></Item><Item><Text>32</Text></Item><Item><Text>38</Text></Item><Item><Text>39A</Text></Item></List><Heading level="2"><TitleText>Parish of St Ambroise de la Jeune Lorette</TitleText></Heading><Heading level="3" style="listcaption"><TitleText>Lots:</TitleText></Heading><List first-line-indent="0" subsequent-line-indent="0"><Item><Text>241</Text></Item><Item><Text>242</Text></Item><Item><Text>243</Text></Item><Item><Text>244</Text></Item><Item><Text>245</Text></Item><Item><Text>246</Text></Item><Item><Text>247</Text></Item><Item><Text>248</Text></Item><Item><Text>249</Text></Item><Item><Text>250</Text></Item><Item><Text>251</Text></Item><Item><Text>252</Text></Item><Item><Text>256</Text></Item><Item><Text>257</Text></Item><Item><Text>258</Text></Item><Item><Text>259</Text></Item><Item><Text>260</Text></Item><Item><Text>550</Text></Item><Item><Text>555</Text></Item><Item><Text>556</Text></Item><Item><Text>557</Text></Item><Item><Text>558</Text></Item><Item><Text>561</Text></Item><Item><Text>562</Text></Item><Item><Text>565</Text></Item><Item><Text>567</Text></Item><Item><Text>568</Text></Item><Item><Text>568-1</Text></Item><Item><Text>569</Text></Item><Item><Text>570</Text></Item><Item><Text>571</Text></Item><Item><Text>572</Text></Item><Item><Text>573</Text></Item><Item><Text>1522</Text></Item><Item><Text>1523</Text></Item></List><Provision format-ref="indent-0-0" language-align="no" list-item="no"><Text>but excluding therefrom all lands, water and roads within five (5) parcels of land the outermost boundaries of which parcels are described as follows:</Text></Provision><Heading level="2"><TitleText>Parcel I:</TitleText></Heading><Provision format-ref="indent-1-1" language-align="yes" list-item="no"><Text>BEGINNING at a concrete monument at the intersection of the Northeasterly boundary of Dorion Road, so called, with the concession line between Concessions V and VI; THENCE, following the Northeasterly boundary of Dorion Road, so called, N. 45°01′ W. a distance of two thousand feet and two tenths (2,000.2) to a point where there is an iron boundary post; THENCE, N. 45°02′ E. a distance of two hundred and eighty-four feet and four tenths (284.4) to a point on the lot line between lots 349 and 351; THENCE, following the last mentioned lot line, S. 44°49′ E. a distance of four hundred and eighty-one feet and six tenths (481.6) to a point; THENCE, N. 45°02′ E. a distance of three hundred and thirty-eight feet and one tenth (338.1) to a point on the lot line between lots 351 and 354; THENCE, following the last mentioned lot line, S. 44°39′ E. a distance of five hundred and sixty-nine feet and eight tenths (569.8) to a point; THENCE, N. 45°02′ E. a distance of five hundred and seventy feet and four tenths (570.4) to a point on the lot line between lots 354 and 355; THENCE, following the last mentioned lot line, S. 44°26′ E. a distance of nine hundred and fifty-five feet and two tenths (955.2) to a point on the concession line between Concessions V and VI where there is an iron boundary post; THENCE, following the last mentioned concession line, N. 45°17′ E. a distance of three thousand eight hundred and two feet and seven tenths (3,802.7) to a point where there is a concrete monument; THENCE, following the same concession line, N. 43°46′ E. a distance of three thousand eight hundred and sixty-one feet and two tenths (3,861.2) to a point where there is a concrete monument; THENCE, following the same concession line, N. 43°46′ E. a distance of two feet (2.0) to a point on the Southwesterly boundary of De L’Eglise Nord Road, so called; THENCE, following the Southwesterly boundary of said road, S. 44°55′ E. a distance of two thousand four hundred and eighty-three feet (2,483.0) to a point; THENCE, N. 45°05′ E. a distance of fourteen feet and five tenths (14.5) to a point; THENCE, following the Southwesterly boundary of the last mentioned road, S. 44°55′ E. a distance of two thousand eight hundred and eighty-one feet (2,881.0) to a point on the Northwesterly boundary of De La Plaine Road, so called; THENCE, following the Northwesterly boundary of said road, S. 43°00′ W. a distance of twenty-one feet and six tenths (21.6) to a point where there is an iron boundary post; THENCE, following the same boundary, S. 43°00′ W. a distance of two thousand one hundred and ninety-eight feet and four tenths (2,198.4) to a point where there is an iron boundary post; THENCE, following the same boundary, S. 42°59′ W. a distance of one thousand two hundred and seventy-six feet and nine tenths (1,276.9) to a point where there is an iron boundary post; THENCE, S. 42°38′ E. a distance of forty-one feet and six tenths (41.6) to a point on the Northwesterly boundary of De La Plaine Road, so called, where there is a concrete monument; THENCE, following the Northwesterly boundary of said road, S. 42°52′ W. a distance of five hundred and ninety feet and five tenths (590.5), to a point where there is a concrete monument; THENCE, following the same boundary, S. 40°25′ W. a distance of six hundred and fifty feet and two tenths (650.2) to a point where there is a concrete monument; THENCE, following the same boundary, S. 43°17′ W. a distance of one thousand two hundred and seventy-two feet (1,272.0) to a point where there is a concrete monument; THENCE, following the same boundary, S. 42°10′ W. a distance of two thousand eight hundred and forty-five feet and nine tenths (2,845.9) to a point on the Northeasterly boundary of Dorion Road, so called, where there is a concrete monument; THENCE, following the Northeasterly boundary of said road, N. 45°06′ W. a distance of two thousand eight hundred and thirty-five feet and nine tenths (2,835.9) to a point where there is a concrete monument; THENCE, following the same boundary, N. 45°02′ W. a distance of two thousand eight hundred and eighty-eight feet and four tenths (2,888.4) to the Point of Beginning.</Text></Provision><Heading level="2"><TitleText>Parcel II:</TitleText></Heading><Provision format-ref="indent-1-1" language-align="yes" list-item="no"><Text>BEGINNING at an iron boundary post at the intersection of the Northwesterly boundary of St. Denis Road, so called, with the Southwesterly boundary of Dorion Road, so called; THENCE, following the Northwesterly boundary of St. Denis Road, so called, S. 59°19′ W. a distance of two thousand six hundred and eighty-one feet and two tenths (2,681.2) to a point where there is an iron boundary post; THENCE, N. 44°58′ W. a distance of four thousand eight hundred and ninety-eight feet and three tenths (4,898.3) to a point where there is an iron boundary post; THENCE, N. 59°19′ E. a distance of two thousand six hundred and seventy-five feet and seven tenths (2,675.7) to a point on the Southwesterly boundary of Dorion Road, so called, where there is an iron boundary post; THENCE, following the Southwesterly boundary of said road, S. 45°01′ E. a distance of four thousand and nine hundred feet (4,900.0) to the Point of Beginning.</Text></Provision><Heading level="2"><TitleText>Parcel III:</TitleText></Heading><Provision format-ref="indent-1-1" language-align="yes" list-item="no"><Text>COMMENCING at the intersection of the Northwesterly boundary of St. Denis Road, so called, with the lot line between lots 675 and 676; THENCE, following the last mentioned lot line in a Northwesterly direction a distance of four hundred and forty-five feet (445.0) to a point on the Southwesterly production of the centre line of Runway 06, Quebec Airport; THENCE, following the said Southwesterly production of the centre line of Runway 06 in a Southwesterly direction a distance of three hundred and eighty-six feet and five tenths (386.5) to a point called Point of Beginning; THENCE, from the Point of Beginning so determined following a line parallel with the property line between the lands now or formerly of Joseph Cyrille Gauvin and the lands now or formerly of Mrs. Albert Martel and fifteen feet (15.0) therefrom measured at right angle in a Southwesterly direction, S. 45°01′ E. a distance of one hundred feet (100) to a point; THENCE, S. 44°59′ W. a distance of two hundred and twenty-five feet (225) to a point; THENCE, N. 45°01′ W. a distance of two hundred feet (200) to a point; THENCE, N. 44°59′ E. a distance of two hundred and twenty-five feet (225) to a point; THENCE, S. 45°01′ E. a distance of one hundred feet (100) to the Point of Beginning.</Text></Provision><Heading level="2"><TitleText>Parcel IV:</TitleText></Heading><Provision format-ref="indent-1-1" language-align="yes" list-item="no"><Text>COMMENCING at the intersection of the lot line between lots 480 and 484 of the Parish of L’Ancienne Lorette with the Southeasterly boundary of Trait Carre De La Plaine Road, so called; THENCE, following the said Southeasterly boundary in a Northeasterly direction a distance of three hundred and eighty-two feet (382) to a point called Point of Beginning; THENCE, from the Point of Beginning so determined continuing along the Southeasterly boundary of the aforementioned road in a Northeasterly direction a distance of fifty feet (50) to a point; THENCE, at right angle in a Southeasterly direction a distance of eighty feet (80) to a point; THENCE, in a Southwesterly direction a distance of fifty-one feet (51), more or less, to a point; THENCE, in a Northwesterly direction at right angle with the Southeasterly boundary of the aforementioned road a distance of seventy feet (70) to the Point of Beginning.</Text></Provision><Heading level="2"><TitleText>Parcel V:</TitleText></Heading><Provision format-ref="indent-1-1" language-align="yes" list-item="no"><Text>COMMENCING at a point on the Northerly bank of the Lorette River distant ten feet (10) from the Southwesterly boundary of De L’Eglise Nord Road, so called; THENCE, Northwesterly parallel to said boundary and ten feet (10) therefrom, one hundred and seven feet and eight tenths (107.8) to a point; THENCE, Southwesterly turning an interior angle of 91°29′ a distance of one hundred and fifty-eight feet (158) to a point; THENCE, Southeasterly turning an interior angle of 101°38′ a distance of fifty-eight feet and five tenths (58.5) to the said bank of river; THENCE, Northeasterly following said bank of river to Point of Beginning.</Text></Provision><Provision format-ref="indent-0-0" language-align="yes" list-item="no"><Text>THE WHOLE as shown within coloured lines on the plan No. M-2440 (A, B, C) dated Montreal, December 5, 1962.</Text></Provision></Schedule></Regulation>