﻿<?xml version="1.0" encoding="utf-8"?><!DOCTYPE Regulation PUBLIC "-//Justice Canada//DTD Regulation v1.2.2//EN" "Dtd/Regulations/Version_1.2.2/regulation.dtd"><Regulation regulation-type="SOR" xml:lang="en"><Identification><InstrumentNumber>C.R.C., c. 950</InstrumentNumber><ConsolidationDate><Date><YYYY>2018</YYYY><MM>07</MM><DD>06</DD></Date></ConsolidationDate><LastModifiedDate><Date><YYYY>2005</YYYY><MM>6</MM><DD>27</DD></Date></LastModifiedDate><EnablingAuthority><XRefExternal reference-type="act">INDIAN ACT</XRefExternal></EnablingAuthority><ShortTitle>Indian Band Council Procedure Regulations</ShortTitle><LongTitle>Regulations Respecting Procedure at Indian Band Council Meetings</LongTitle></Identification><Body><Heading level="1"><TitleText>Short Title</TitleText></Heading><Section><Label>1</Label><Text>These Regulations may be cited as the <XRefExternal reference-type="regulation">Indian Band Council Procedure Regulations</XRefExternal>.</Text></Section><Heading level="1"><TitleText>Interpretation</TitleText></Heading><Section><Label>2</Label><Text>In these Regulations,</Text><Definition generate-in-text="no"><Text><DefinedTermEn>Assistant Deputy Minister</DefinedTermEn> means the Assistant Deputy Minister, Indian and Eskimo Affairs of the Department; (<DefinedTermFr>sous-ministre adjoint</DefinedTermFr>)</Text></Definition><Definition generate-in-text="no"><Text><DefinedTermEn>council</DefinedTermEn> means the council of a Band elected pursuant to section 74 of the <XRefExternal reference-type="act">Indian Act</XRefExternal>; (<DefinedTermFr>conseil</DefinedTermFr>)</Text></Definition><Definition generate-in-text="no"><Text><DefinedTermEn>Department</DefinedTermEn> means the Department of Indian Affairs and Northern Development; (<DefinedTermFr>ministère</DefinedTermFr>)</Text></Definition><Definition generate-in-text="no"><Text><DefinedTermEn>Minister</DefinedTermEn> means the Minister of Indian Affairs and Northern Development; (<DefinedTermFr>ministre</DefinedTermFr>)</Text></Definition><Definition generate-in-text="no"><Text><DefinedTermEn>secretary</DefinedTermEn> means the person appointed by the council of a band to record the minutes of the council meetings; (<DefinedTermFr>secrétaire</DefinedTermFr>)</Text></Definition><Definition generate-in-text="no"><Text><DefinedTermEn>superintendent</DefinedTermEn> means the Superintendent or Senior Field Officer of the Indian Affairs Branch in charge of the Agency, and includes the Indian Commissioner for British Columbia, all Regional Supervisors, all Assistants Indian Agency, and any other officer acting under the instructions of the Minister or the Assistant Deputy Minister. (<DefinedTermFr>surintendant</DefinedTermFr>)</Text></Definition></Section><Heading level="1"><TitleText>Meetings of the Council</TitleText></Heading><Section><Label>3</Label><Subsection><Label>(1)</Label><Text>The first meeting of the council shall be held not later than one month after its election, on a day, hour and place to be stated in a notice given to each member of the council, and meetings shall thereafter be held on such days and at such times as may be necessary for the business of the council or the affairs of the band.</Text></Subsection><Subsection><Label>(2)</Label><Text>No member of a council may be absent from meetings of the council for three consecutive meetings without being authorized to do so by the chief of the band or superintendent, with the consent of the majority of the councillors of the band.</Text></Subsection></Section><Section><Label>4</Label><Text>The chief of the band or superintendent may, at any time, summon a special meeting of the council, and shall summon a special meeting when requested to do so by a majority of the members of the council.</Text></Section><Section><Label>5</Label><Text>The superintendent shall notify each member of the council of the day, hour and place of the meeting.</Text></Section><Heading level="1"><TitleText>Order and Proceedings</TitleText></Heading><Section><Label>6</Label><Text>A majority of the whole council shall constitute a quorum, but where a council consists of nine or more members five members shall constitute a quorum.</Text></Section><Section><Label>7</Label><Text>If no quorum is present within 1 hour after the time appointed for the meeting, the secretary shall call the roll and take the names of the members then present and the council shall stand adjourned until the next meeting.</Text></Section><Section><Label>8</Label><Text>The chief of the band or, with the consent of the majority of the councillors present at the meeting, the superintendent shall be the presiding officer.</Text></Section><Section><Label>9</Label><Subsection><Label>(1)</Label><Text>Upon a quorum being present, the presiding officer shall take the chair and call the meeting to order.</Text></Subsection><Subsection><Label>(2)</Label><Text>A chairman shall be chosen</Text><Paragraph><Label>(a)</Label><Text>in the absence of the chief, or</Text></Paragraph><Paragraph><Label>(b)</Label><Text>where the superintendent is not chosen the presiding officer pursuant to section 8,</Text></Paragraph><ContinuedSectionSubsection><Text>from among the members present who shall preside during the meeting or until the arrival of the chief or until the superintendent is chosen as the presiding officer.</Text></ContinuedSectionSubsection></Subsection></Section><Section><Label>10</Label><Text>The presiding officer shall maintain order and decide all questions of procedure.</Text></Section><Section><Label>11</Label><Text>The order of business at each regular meeting shall be as follows:</Text><Paragraph><Label>(a)</Label><Text>reading (correction, if any) and adoption of the minutes of the previous meeting;</Text></Paragraph><Paragraph><Label>(b)</Label><Text>unfinished business;</Text></Paragraph><Paragraph><Label>(c)</Label><Text>presentation and reading of correspondence and petitions;</Text></Paragraph><Paragraph><Label>(d)</Label><Text>presentation and consideration of reports of committees;</Text></Paragraph><Paragraph><Label>(e)</Label><Text>new business;</Text></Paragraph><Paragraph><Label>(f)</Label><Text>hearing deputations;</Text></Paragraph><Paragraph><Label>(g)</Label><Text>adjournment.</Text></Paragraph></Section><Section><Label>12</Label><Text>Each resolution shall be presented or read by the mover, and when duly moved and seconded and placed before the meeting by the presiding officer, shall be open for consideration.</Text></Section><Section><Label>13</Label><Text>After a resolution has been placed before the meeting by the presiding officer it shall be deemed to be in the possession of the council, but it may be withdrawn by consent of the majority of the council members present.</Text></Section><Section><Label>14</Label><Text>When any member desires to speak, he shall address his remarks to the presiding officer and confine himself to the question then before the meeting.</Text></Section><Section><Label>15</Label><Text>In the event of more than one member desiring to speak at one time, the presiding officer shall determine who is entitled to speak.</Text></Section><Section><Label>16</Label><Subsection><Label>(1)</Label><Text>The presiding officer or any member may call a member to order while speaking and the debate shall then be suspended and the member shall not speak until the point of order is determined.</Text></Subsection><Subsection><Label>(2)</Label><Text>A member may speak only once on a point of order.</Text></Subsection></Section><Section><Label>17</Label><Text>Any member may appeal the decision of the presiding officer to the council and all appeals shall be decided by a majority vote and without debate.</Text></Section><Section><Label>18</Label><Subsection><Label>(1)</Label><Text>All questions before the council shall be decided by a majority vote of the councillors present.</Text></Subsection><Subsection><Label>(2)</Label><Text>The presiding officer shall not be entitled to vote but whenever the votes are equal the presiding officer, other than the superintendent, shall cast the deciding vote.</Text></Subsection></Section><Section><Label>19</Label><Text>Every member present when a question is put shall vote thereon unless the council excuses him or unless he is personally interested in the question, in which case he shall not be obliged to vote.</Text></Section><Section><Label>20</Label><Text>A member who refuses to vote shall be deemed to vote in the affirmative.</Text></Section><Section><Label>21</Label><Text>Whenever a division of the council is taken for any purpose, each member present and voting shall announce his vote upon the question openly and individually to the council and, when so requested by any member, the secretary shall record the same.</Text></Section><Section><Label>22</Label><Text>Any member may require the question or resolution under discussion to be read for his information at any period of the debate, but not so as to interrupt a member who is speaking.</Text></Section><Section><Label>23</Label><Subsection><Label>(1)</Label><Text>The regular meetings shall be open to members of the band, and no member shall be excluded therefrom except for improper conduct.</Text></Subsection><Subsection><Label>(2)</Label><Text>The presiding officer may expel or exclude from any meeting any person who causes a disturbance at the meeting.</Text></Subsection></Section><Section><Label>24</Label><Text>The council may at the first meeting thereof appoint in lieu of the committee of the whole council the following standing committees:</Text><Paragraph><Label>(a)</Label><Text>Finance;</Text></Paragraph><Paragraph><Label>(b)</Label><Text>Roads and Bridges; and</Text></Paragraph><Paragraph><Label>(c)</Label><Text>Welfare.</Text></Paragraph></Section><Section><Label>25</Label><Text>The council may appoint special committees on any matters as the interests of the band may require.</Text></Section><Section><Label>26</Label><Text>A majority of the members of a committee shall be a quorum.</Text></Section><Section><Label>27</Label><Text>The chief of the band shall <Language xml:lang="la">ex officio</Language> be a member of all committees and be entitled to vote at all meetings thereof, and other members of the council may attend meetings of a committee and may with the consent of the committee take part in the discussion but shall not be entitled to vote.</Text></Section><Section><Label>28</Label><Text>The general duties of standing and special committees are,</Text><Paragraph><Label>(a)</Label><Text>to report to the council from time to time as often as the interests of the band may require, all matters connected with the duties imposed on them respectively and to recommend such action by the council in relation thereto as they may deem necessary and expedient; and</Text></Paragraph><Paragraph><Label>(b)</Label><Text>to consider and report upon all matters referred to them by the council or by the chief of the band.</Text></Paragraph></Section><Section><Label>29</Label><Text>Special meetings of committees shall be called at the request of the chairman or a majority of the committee or, in the absence of the chairman on request of the chief of the band or the superintendent.</Text></Section><Section><Label>30</Label><Text>Any representative of the Minister present at a council meeting may</Text><Paragraph><Label>(a)</Label><Text>address the council, and explain to and advise the members thereof upon their powers and duties;</Text></Paragraph><Paragraph><Label>(b)</Label><Text>explain to and advise the members thereof upon any question of procedure; and</Text></Paragraph><Paragraph><Label>(c)</Label><Text>give such information as may be requested by any member of the council relating to the administration of the affairs of the band.</Text></Paragraph></Section><Section><Label>31</Label><Text>The council may make such rules of procedure as are not inconsistent with these Regulations in respect of matters not specifically provided for thereby, as it may deem necessary.</Text></Section></Body></Regulation>