﻿<?xml version="1.0" encoding="utf-8"?><!DOCTYPE Regulation PUBLIC "-//Justice Canada//DTD Regulation v1.2.2//EN" "Dtd/Regulations/Version_1.2.2/regulation.dtd"><Regulation regulation-type="SOR" xml:lang="en"><Identification><InstrumentNumber>C.R.C., c. 603</InstrumentNumber><ConsolidationDate><Date><YYYY>2018</YYYY><MM>07</MM><DD>06</DD></Date></ConsolidationDate><LastModifiedDate><Date><YYYY>2005</YYYY><MM>7</MM><DD>5</DD></Date></LastModifiedDate><EnablingAuthority><XRefExternal reference-type="act">EXPORT AND IMPORT PERMITS ACT</XRefExternal></EnablingAuthority><ShortTitle>Import Certificate Regulations</ShortTitle><LongTitle>Regulations Respecting Import Certificates</LongTitle></Identification><Body><Heading level="1"><TitleText>Short Title</TitleText></Heading><Section><Label>1</Label><Text>These Regulations may be cited as the <XRefExternal reference-type="regulation">Import Certificate Regulations</XRefExternal>.</Text></Section><Heading level="1"><TitleText>Application</TitleText></Heading><Section><Label>2</Label><Subsection><Label>(1)</Label><Text>These Regulations apply to any import certificate that is issued by or on behalf of the Minister of Industry, Trade and Commerce concerning goods for which such a certificate is required by the country of export before it will allow their export to Canada.</Text></Subsection><Subsection><Label>(2)</Label><Text>Where an applicant has applied for an import certificate, it shall be deemed, for the purpose of these Regulations and the <XRefExternal reference-type="act">Export and Import Permits Act</XRefExternal>, that the import certificate is required by the exporting country he has named in his application before it will allow the export of the goods to Canada.</Text></Subsection></Section><Heading level="1"><TitleText>Application for Certificates</TitleText></Heading><Section><Label>3</Label><Subsection><Label>(1)</Label><Text>An application for an import certificate shall be made only by a resident of Canada, that is to say, if the applicant is a natural person, he shall be a person who ordinarily resides in Canada and, if the applicant is a corporation, it shall be a corporation having its head office in Canada or operating a branch office in Canada.</Text></Subsection><Subsection><Label>(2)</Label><Text>No person shall apply for an import certificate unless he intends to import the goods into Canada.</Text></Subsection></Section><Section><Label>4</Label><Subsection><Label>(1)</Label><Text>An application for an import certificate shall be made on a form provided by the Department of Industry, Trade and Commerce and procurable from the Export and Import Permits Division of that Department.</Text></Subsection><Subsection><Label>(2)</Label><Text>An applicant shall furnish all information required in the application form and, without restricting the generality of the foregoing, shall, in particular,</Text><Paragraph><Label>(a)</Label><Text>describe the goods concerned in sufficient detail as to disclose their true identity and, in so doing, avoid the use of trade names, technical names or general terms that do not adequately describe the goods; and</Text></Paragraph><Paragraph><Label>(b)</Label><Text>truthfully certify that he intends to import those goods into Canada and that he will not cause or assist in their disposal or diversion to any other person during transit.</Text></Paragraph></Subsection><Subsection><Label>(3)</Label><Text>An applicant shall furnish such other information, in addition to that given in the application form, as may be required by or on behalf of the Chief of the Export and Import Permits Division.</Text></Subsection><Subsection><Label>(4)</Label><Text>The completed application form, together with such other information as may be required, shall be sent to the Export and Import Permits Division, Department of Industry, Trade and Commerce, Ottawa, Canada.</Text></Subsection></Section><Heading level="1"><TitleText>Issue of Certificates</TitleText></Heading><Section><Label>5</Label><Subsection><Label>(1)</Label><Text>When an application for an import certificate has been signed by the Chief of the Export and Import Permits Division or otherwise signed by or on behalf of the Minister of Industry, Trade and Commerce, the application form, with all information and certifications by the applicant appearing therein, becomes an import certificate and shall not, thereafter, be altered except by or on behalf of the Minister.</Text></Subsection><Subsection><Label>(2)</Label><Text>The import certificate and a copy thereof shall be sent to the applicant.</Text></Subsection><Subsection><Label>(3)</Label><Text>In any proceedings under the <XRefExternal reference-type="act">Export and Import Permits Act</XRefExternal>, a document, purporting to be certified by the Chief of the Export and Import Permits Division to be a true copy of an import certificate, is <Language xml:lang="la">prima facie</Language> evidence of the original document of which it purports to be a copy and that the same was issued at the time stated in the certificate and is signed, certified, attested or executed by the persons by whom and in the manner in which the same purports to be signed, certified, attested or executed as shown or appearing from such certified copy.</Text></Subsection></Section><Heading level="1"><TitleText>Prohibitions</TitleText></Heading><Section><Label>6</Label><Text>Unless otherwise authorized by the Minister of Industry, Trade and Commerce or on his behalf by the Chief of the Export and Import Permits Division or other person authorized by the Minister, no person shall</Text><Paragraph><Label>(a)</Label><Text>with respect to goods for which an import certificate has been issued and prior to their being received by the person to whom the certificate was issued, cause or assist in the disposal or diversion of such goods to any person other than the person to whom the certificate was issued;</Text></Paragraph><Paragraph><Label>(b)</Label><Text>use an import certificate in any manner other than in accordance with the information and certifications appearing in the import certificate; or</Text></Paragraph><Paragraph><Label>(c)</Label><Text>being the person to whom an import certificate was issued, refuse or otherwise fail to make any report or provide any information required by or under these Regulations.</Text></Paragraph></Section><Heading level="1"><TitleText>Duration</TitleText></Heading><Section><Label>7</Label><Text>An import certificate is not valid beyond the expiry date specified therein.</Text></Section><Heading level="1"><TitleText>Reports</TitleText></Heading><Section><Label>8</Label><Text>The following reports shall, where applicable, be made, in writing, to the Chief of the Export and Import Permits Division by a person to whom an import certificate has been issued:</Text><Paragraph><Label>(a)</Label><Text>an immediate report, with full particulars, of any information he receives that the certificate or any part of the goods to which it relates has been or will be dealt with by the exporter or any other person otherwise than in accordance with the terms of the certificate or the requirements of these Regulations;</Text></Paragraph><Paragraph><Label>(b)</Label><Text>a report of the arrival of the goods in Canada, together with a true copy of the customs entry document covering them and bearing the stamp of the collector of customs at the Canadian port of entry;</Text></Paragraph><Paragraph><Label>(c)</Label><Text>a report of any proposal to export the goods from Canada; and</Text></Paragraph><Paragraph><Label>(d)</Label><Text>if the goods have not arrived in Canada before the expiry date of the certificate, a report of that fact together with such information as he may have as to the reasons for the delay and the whereabouts of the goods.</Text></Paragraph></Section><Heading level="1"><TitleText>Delivery Verification Certificates</TitleText></Heading><Section><Label>9</Label><Subsection><Label>(1)</Label><Text>Delivery verification certificates of the delivery in Canada of goods imported into Canada may be granted by or on behalf of the Minister of Industry, Trade and Commerce to any person who requests such certificate in order to comply with or assist his exporter in complying with the requirements of the country of export of the goods.</Text></Subsection><Subsection><Label>(2)</Label><Text>Delivery verification certificates shall not be issued unless a report of the arrival of the goods in Canada, together with a true copy of the customs entry documents covering them and bearing the stamp of the collector of customs at the Canadian port of entry, has been made, in writing, to the Chief of the Export and Import Permits Division.</Text></Subsection></Section></Body></Regulation>