﻿<?xml version="1.0" encoding="utf-8"?><!DOCTYPE Regulation PUBLIC "-//Justice Canada//DTD Regulation v1.2.2//EN" "Dtd/Regulations/Version_1.2.2/regulation.dtd"><Regulation regulation-type="SOR" xml:lang="en"><Identification><InstrumentNumber>C.R.C., c. 669</InstrumentNumber><ConsolidationDate><Date><YYYY>2018</YYYY><MM>07</MM><DD>06</DD></Date></ConsolidationDate><LastModifiedDate><Date><YYYY>2005</YYYY><MM>7</MM><DD>7</DD></Date></LastModifiedDate><EnablingAuthority><XRefExternal reference-type="act">FINANCIAL ADMINISTRATION ACT</XRefExternal></EnablingAuthority><ShortTitle>Accountable Education and Travel Advance Regulations (Dependants of Members of the Canadian Forces)</ShortTitle><LongTitle>Regulations Respecting the Making of Accountable Advances of Public Funds to Officers and Men of the Canadian Forces for Education and Travel Expenses of Dependants</LongTitle></Identification><Body><Heading level="1"><TitleText>Short Title</TitleText></Heading><Section><Label>1</Label><Text>These Regulations may be cited as the <XRefExternal reference-type="regulation">Accountable Education and Travel Advance Regulations (Dependants of Members of the Canadian Forces)</XRefExternal>.</Text></Section><Heading level="1"><TitleText>Application</TitleText></Heading><Section><Label>2</Label><Text>These Regulations apply to officers and men of the Canadian Forces.</Text></Section><Heading level="1"><TitleText>Authorization of Advances</TitleText></Heading><Section><Label>3</Label><Text>The Chief of the Defence Staff may authorize the making of accountable advances of public funds to officers and men of the Canadian Forces for the expenses of travel and education of dependants when the expenses are authorized within existing regulations.</Text></Section><Heading level="1"><TitleText>Limitations</TitleText></Heading><Section><Label>4</Label><Text>Accountable advances made under these Regulations shall be limited to amounts sufficient to meet the estimated permissible expenses.</Text></Section><Heading level="1"><TitleText>Settlement of Advances</TitleText></Heading><Section><Label>5</Label><Text>Subject to subsections 31(2), (3) and (4) of the <XRefExternal reference-type="act">Financial Administration Act</XRefExternal>, the Chief of the Defence Staff may issue such orders as are required to provide for the accountability and recovery of advances issued pursuant to these Regulations.</Text></Section></Body></Regulation>