﻿<?xml version="1.0" encoding="utf-8"?><!DOCTYPE Regulation PUBLIC "-//Justice Canada//DTD Regulation v1.2.2//EN" "Dtd/Regulations/Version_1.2.2/regulation.dtd"><Regulation regulation-type="SOR" xml:lang="en"><Identification><InstrumentNumber>C.R.C., c. 1465</InstrumentNumber><LastAmendedDate><Date><YYYY>2005</YYYY><MM>11</MM><DD>16</DD></Date></LastAmendedDate><ConsolidationDate><Date><YYYY>2018</YYYY><MM>07</MM><DD>06</DD></Date></ConsolidationDate><LastModifiedDate><Date><YYYY>2006</YYYY><MM>1</MM><DD>24</DD></Date></LastModifiedDate><EnablingAuthority><XRefExternal reference-type="act">CANADA SHIPPING ACT, 2001</XRefExternal></EnablingAuthority><LongTitle>Sable Island Regulations</LongTitle></Identification><Body><Section><Label>1</Label><Text><Repealed>[Repealed, SOR/2005-326, s. 4]</Repealed></Text></Section><Heading level="1"><TitleText>Interpretation</TitleText></Heading><Section><Label>2</Label><Text>In these Regulations,</Text><Definition generate-in-text="no"><Text><DefinedTermEn>Act</DefinedTermEn> means the <XRefExternal reference-type="act">Canada Shipping Act</XRefExternal>;</Text></Definition><Definition generate-in-text="no"><Text><DefinedTermEn>Agent</DefinedTermEn> means the District Marine Agent of the Department of Transport at Dartmouth, Nova Scotia;</Text></Definition><Definition generate-in-text="no"><Text><DefinedTermEn>Island</DefinedTermEn> means Sable Island;</Text></Definition><Definition generate-in-text="no"><Text><DefinedTermEn>Minister</DefinedTermEn> means the Minister of Transport.</Text></Definition><HistoricalNote>SOR/2005-326, s. 5(F).</HistoricalNote></Section><Heading level="1"><TitleText>General</TitleText></Heading><Section><Label>3</Label><Text>The Island is under the control, management and administration of the Agent.</Text></Section><Heading level="1"><TitleText>Access to Island</TitleText></Heading><Section><Label>4</Label><Subsection><Label>(1)</Label><Text>No person shall go onto the Island without having first obtained written permission from the Agent.</Text></Subsection><Subsection><Label>(2)</Label><Text>Subsection (1) does not apply to</Text><Paragraph><Label>(a)</Label><Text>any person to whom the Minister has given a licence to reside on the Island;</Text></Paragraph><Paragraph><Label>(b)</Label><Text>any employee of the Government of Canada carrying out duties on the Island; or</Text></Paragraph><Paragraph><Label>(c)</Label><Text>any person landing on the Island by reason of stress of weather or by reason of the wreck or distress of any vessel or aircraft.</Text></Paragraph></Subsection><Subsection><Label>(3)</Label><Text>The Agent shall not give permission for any person to go onto the Island unless he is satisfied that such person is adequately supplied and equipped to avoid falling into distress while on the Island.</Text></Subsection></Section><Heading level="1"><TitleText>Construction</TitleText></Heading><Section><Label>5</Label><Text>No person shall, without having first obtained written permission from the Agent,</Text><Paragraph><Label>(a)</Label><Text>erect any building or other structure on the Island or in the waters within one mile thereof;</Text></Paragraph><Paragraph><Label>(b)</Label><Text>make any excavation or roadway or otherwise disturb the natural contours of the surface of the Island or of the bars or coasts thereof;</Text></Paragraph><Paragraph><Label>(c)</Label><Text>use any explosive on the Island or in the waters within one mile thereof; or</Text></Paragraph><Paragraph><Label>(d)</Label><Text>molest, interfere with, feed or otherwise have anything to do with the ponies on the Island.</Text></Paragraph></Section><Heading level="1"><TitleText>Wrecks</TitleText></Heading><Section><Label>6</Label><Text>Any person who finds a wreck on the Island shall take all practicable precautions to save it from damage and shall report the finding to the Agent or to any person designated by the Agent before delivering the wreck to a receiver of wrecks.</Text></Section><Heading level="1"><TitleText>Penalty</TitleText></Heading><Section><Label>7</Label><Text>Every person who violates any provision of these Regulations is guilty of an offence and is liable on summary conviction to a fine not exceeding $200 or to imprisonment for a term not exceeding two months, or to both.</Text></Section></Body></Regulation>