﻿<?xml version="1.0" encoding="utf-8"?><!DOCTYPE Regulation PUBLIC "-//Justice Canada//DTD Regulation v1.2.2//EN" "Dtd/Regulations/Version_1.2.2/regulation.dtd"><Regulation gazette-part="II" regulation-type="SOR" xml:lang="en"><Identification><InstrumentNumber>C.R.C., c. 931</InstrumentNumber><ConsolidationDate><Date><YYYY>2018</YYYY><MM>07</MM><DD>06</DD></Date></ConsolidationDate><LastModifiedDate><Date><YYYY>2009</YYYY><MM>9</MM><DD>24</DD></Date></LastModifiedDate><EnablingAuthority><XRefExternal reference-type="act">HAZARDOUS PRODUCTS ACT</XRefExternal></EnablingAuthority><ShortTitle>Hazardous Products (Toys) Regulations</ShortTitle><LongTitle>Regulations Respecting the Advertising, Sale and Importation of Hazardous Products (Toys)</LongTitle></Identification><Repealed>[Repealed, SOR/2011-17, s. 44]</Repealed><Body><Heading level="1"><TitleText>Short Title</TitleText><Note>[Repealed, SOR/2011-17, s. 44]</Note></Heading><Section><Label>1</Label><Text><Repealed>[Repealed, SOR/2011-17, s. 44]</Repealed></Text></Section><Heading level="1"><TitleText>Interpretation</TitleText><Note>[Repealed, SOR/2011-17, s. 44]</Note></Heading><Section><Label>2</Label><Text><Repealed>[Repealed, SOR/2011-17, s. 44]</Repealed></Text></Section><Heading level="1"><TitleText>General</TitleText><Note>[Repealed, SOR/2011-17, s. 44]</Note></Heading><Section><Label>3</Label><Text><Repealed>[Repealed, SOR/2011-17, s. 44]</Repealed></Text></Section><Heading level="1"><TitleText>Packaging</TitleText><Note>[Repealed, SOR/2011-17, s. 44]</Note></Heading><Section><Label>4</Label><Text><Repealed>[Repealed, SOR/2011-17, s. 44]</Repealed></Text></Section><Heading level="1"><TitleText>Electrical Hazards</TitleText><Note>[Repealed, SOR/2011-17, s. 44]</Note></Heading><Section><Label>5</Label><Text><Repealed>[Repealed, SOR/2011-17, s. 44]</Repealed></Text></Section><Section><Label>6</Label><Text><Repealed>[Repealed, SOR/2011-17, s. 44]</Repealed></Text></Section><Heading level="1"><TitleText>Mechanical Hazards</TitleText><Note>[Repealed, SOR/2011-17, s. 44]</Note></Heading><Section><Label>7</Label><Text><Repealed>[Repealed, SOR/2011-17, s. 44]</Repealed></Text></Section><Section><Label>8</Label><Text><Repealed>[Repealed, SOR/2011-17, s. 44]</Repealed></Text></Section><Heading level="1"><TitleText>Thermal Hazards</TitleText><Note>[Repealed, SOR/2011-17, s. 44]</Note></Heading><Section><Label>9</Label><Text><Repealed>[Repealed, SOR/2011-17, s. 44]</Repealed></Text></Section><Heading level="1"><TitleText>Toxicological Hazards</TitleText><Note>[Repealed, SOR/2011-17, s. 44]</Note></Heading><Section><Label>10</Label><Text><Repealed>[Repealed, SOR/2011-17, s. 44]</Repealed></Text></Section><Section><Label>11</Label><Text><Repealed>[Repealed, SOR/2011-17, s. 44]</Repealed></Text></Section><Section><Label>12</Label><Text><Repealed>[Repealed, SOR/2011-17, s. 44]</Repealed></Text></Section><Heading level="1"><TitleText>Specific Products</TitleText><Note>[Repealed, SOR/2011-17, s. 44]</Note></Heading><Heading level="2"><TitleText>Dolls and Soft Toys</TitleText><Note>[Repealed, SOR/2011-17, s. 44]</Note></Heading><Section><Label>13</Label><Text><Repealed>[Repealed, SOR/2011-17, s. 44]</Repealed></Text></Section><Section><Label>14</Label><Text><Repealed>[Repealed, SOR/2011-17, s. 44]</Repealed></Text></Section><Section><Label>15</Label><Text><Repealed>[Repealed, SOR/2011-17, s. 44]</Repealed></Text></Section><Section><Label>16</Label><Text><Repealed>[Repealed, SOR/2011-17, s. 44]</Repealed></Text></Section><Section><Label>17</Label><Text><Repealed>[Repealed, SOR/2011-17, s. 44]</Repealed></Text></Section><Section><Label>18</Label><Text><Repealed>[Repealed, SOR/2011-17, s. 44]</Repealed></Text></Section><Section><Label>19</Label><Text><Repealed>[Repealed, SOR/2011-17, s. 44]</Repealed></Text></Section><Section><Label>20</Label><Text><Repealed>[Repealed, SOR/2011-17, s. 44]</Repealed></Text></Section><Heading level="2"><TitleText>Pull and Push Toys</TitleText><Note>[Repealed, SOR/2011-17, s. 44]</Note></Heading><Section><Label>21</Label><Text><Repealed>[Repealed, SOR/2011-17, s. 44]</Repealed></Text></Section><Heading level="2"><TitleText>Toy Steam Engines</TitleText><Note>[Repealed, SOR/2011-17, s. 44]</Note></Heading><Section><Label>22</Label><Text><Repealed>[Repealed, SOR/2011-17, s. 44]</Repealed></Text></Section><Section><Label>23</Label><Text><Repealed>[Repealed, SOR/2011-17, s. 44]</Repealed></Text></Section><Heading level="2"><TitleText>Finger Paints</TitleText><Note>[Repealed, SOR/2011-17, s. 44]</Note></Heading><Section><Label>24</Label><Text><Repealed>[Repealed, SOR/2011-17, s. 44]</Repealed></Text></Section><Heading level="2"><TitleText>Rattles</TitleText><Note>[Repealed, SOR/2011-17, s. 44]</Note></Heading><Section><Label>25</Label><Text><Repealed>[Repealed, SOR/2011-17, s. 44]</Repealed></Text></Section><Heading level="2"><TitleText>Elastic</TitleText><Note>[Repealed, SOR/2011-17, s. 44]</Note></Heading><Section><Label>26</Label><Text><Repealed>[Repealed, SOR/2011-17, s. 44]</Repealed></Text></Section><Heading level="2"><TitleText>Batteries</TitleText><Note>[Repealed, SOR/2011-17, s. 44]</Note></Heading><Section><Label>27</Label><Text><Repealed>[Repealed, SOR/2011-17, s. 44]</Repealed></Text></Section></Body><Schedule bilingual="no" spanlanguages="no"><ScheduleFormHeading><Label>SCHEDULE I</Label><OriginatingRef>(Sections 10 and 14)</OriginatingRef><TitleText>Permissible Limits of Toxicity</TitleText></ScheduleFormHeading><Repealed>[Repealed, SOR/2011-17, s. 44]</Repealed></Schedule><Schedule bilingual="no" spanlanguages="no"><ScheduleFormHeading><Label>SCHEDULE II</Label><OriginatingRef>(Sections 11 and 14)</OriginatingRef><TitleText>Criteria for Deciding if a Substance Is Excessively Corrosive or Irritant or an Excessively Strong Sensitizer</TitleText></ScheduleFormHeading><Repealed>[Repealed, SOR/2011-17, s. 44]</Repealed></Schedule><Schedule bilingual="no" spanlanguages="no"><ScheduleFormHeading><Label>SCHEDULE III</Label><OriginatingRef>(Section 15)</OriginatingRef><TitleText>Method for Testing the Security of the Attachment of Eyes to Dolls and Soft Toys</TitleText></ScheduleFormHeading><Repealed>[Repealed, SOR/2011-17, s. 44]</Repealed></Schedule><Schedule bilingual="no" spanlanguages="no"><ScheduleFormHeading><Label>SCHEDULE IV</Label><OriginatingRef>(Section 27)</OriginatingRef><TitleText>Test Procedure for Batteries Used in Toys</TitleText></ScheduleFormHeading><Repealed>[Repealed, SOR/2011-17, s. 44]</Repealed></Schedule><Schedule bilingual="no" spanlanguages="no"><ScheduleFormHeading><Label>SCHEDULE V</Label><OriginatingRef>(Sections 16 and 17)</OriginatingRef><TitleText>Test Procedure for Dolls, Plush Toys and Soft Toys That Are Covered with a Flat or Raised Fibre Textile Material or Natural Fur</TitleText></ScheduleFormHeading><Repealed>[Repealed, SOR/2011-17, s. 44]</Repealed></Schedule><Schedule spanlanguages="no" bilingual="no"><ScheduleFormHeading><Label>SCHEDULE VI</Label><OriginatingRef>(Sections 16 and 18 and Schedules V and VII)</OriginatingRef><TitleText>Description of Apparatus</TitleText></ScheduleFormHeading><Repealed>[Repealed, SOR/2011-17, s. 44]</Repealed></Schedule><Schedule bilingual="no" spanlanguages="no"><ScheduleFormHeading><Label>SCHEDULE VII</Label><OriginatingRef>(Sections 16, 17 and 18)</OriginatingRef><TitleText>Test Procedure for Dolls, Plush Toys and Soft Toys Which in Whole or in Part Consist of or Are Covered with Spun Staple Yarn or Bulked Continuous Filament Yarn</TitleText></ScheduleFormHeading><Repealed>[Repealed, SOR/2011-17, s. 44]</Repealed></Schedule><Schedule spanlanguages="no" bilingual="no"><ScheduleFormHeading><Label>SCHEDULE VIII</Label><OriginatingRef>(Sections 7 and 19)</OriginatingRef><TitleText>Small Parts Cylinder</TitleText></ScheduleFormHeading><Repealed>[Repealed, SOR/2011-17, s. 44]</Repealed></Schedule><Schedule bilingual="no" spanlanguages="no"><ScheduleFormHeading><Label>SCHEDULE IX</Label><OriginatingRef>(Section 25)</OriginatingRef><TitleText>Template To Determine Impaction Hazard of Rattles</TitleText></ScheduleFormHeading><Repealed>[Repealed, SOR/2011-17, s. 44]</Repealed></Schedule></Regulation>