﻿<?xml version="1.0" encoding="utf-8"?><!DOCTYPE Regulation PUBLIC "-//Justice Canada//DTD Regulation v1.2.2//EN" "Dtd/Regulations/Version_1.2.2/regulation.dtd"><Regulation regulation-type="SOR" xml:lang="en"><Identification><InstrumentNumber>C.R.C., c. 1425</InstrumentNumber><ConsolidationDate><Date><YYYY>2018</YYYY><MM>07</MM><DD>06</DD></Date></ConsolidationDate><LastModifiedDate><Date><YYYY>2006</YYYY><MM>3</MM><DD>10</DD></Date></LastModifiedDate><EnablingAuthority><XRefExternal reference-type="act">CANADA SHIPPING ACT</XRefExternal></EnablingAuthority><ShortTitle>General Load Line Rules</ShortTitle><LongTitle>General Rules Respecting Load Lines for Ships</LongTitle></Identification><Repealed>[Repealed, SOR/2007-99, s. 21]</Repealed><Body><Heading level="1"><TitleText>Short Title</TitleText><Note>[Repealed, SOR/2007-99, s. 21]</Note></Heading><Section><Label>1</Label><Text><Repealed>[Repealed, SOR/2007-99, s. 21]</Repealed></Text></Section><Heading level="1"><TitleText>Interpretation</TitleText><Note>[Repealed, SOR/2007-99, s. 21]</Note></Heading><Section><Label>2</Label><Text><Repealed>[Repealed, SOR/2007-99, s. 21]</Repealed></Text></Section><Heading level="1"><TitleText>Application</TitleText><Note>[Repealed, SOR/2007-99, s. 21]</Note></Heading><Section><Label>3</Label><Text><Repealed>[Repealed, SOR/2007-99, s. 21]</Repealed></Text></Section><Heading level="1"><TitleText>General</TitleText><Note>[Repealed, SOR/2007-99, s. 21]</Note></Heading><Section><Label>4</Label><Text><Repealed>[Repealed, SOR/2007-99, s. 21]</Repealed></Text></Section><Heading level="1"><TitleText>Conditions of Assignment</TitleText><Note>[Repealed, SOR/2007-99, s. 21]</Note></Heading><Section><Label>5</Label><Text><Repealed>[Repealed, SOR/2007-99, s. 21]</Repealed></Text></Section><Heading level="1"><TitleText>Assignment of Freeboards</TitleText><Note>[Repealed, SOR/2007-99, s. 21]</Note></Heading><Section><Label>6</Label><Text><Repealed>[Repealed, SOR/2007-99, s. 21]</Repealed></Text></Section><Section><Label>7</Label><Text><Repealed>[Repealed, SOR/2007-99, s. 21]</Repealed></Text></Section><Section><Label>8</Label><Text><Repealed>[Repealed, SOR/2007-99, s. 21]</Repealed></Text></Section><Section><Label>9</Label><Text><Repealed>[Repealed, SOR/2007-99, s. 21]</Repealed></Text></Section><Section><Label>10</Label><Text><Repealed>[Repealed, SOR/2007-99, s. 21]</Repealed></Text></Section><Section><Label>10.1</Label><Text><Repealed>[Repealed, SOR/2007-99, s. 21]</Repealed></Text></Section><Heading level="1"><TitleText>Load Line Marks</TitleText><Note>[Repealed, SOR/2007-99, s. 21]</Note></Heading><Section><Label>11</Label><Text><Repealed>[Repealed, SOR/2007-99, s. 21]</Repealed></Text></Section><Heading level="1"><TitleText>Application for a Certificate</TitleText><Note>[Repealed, SOR/2007-99, s. 21]</Note></Heading><Section><Label>12</Label><Text><Repealed>[Repealed, SOR/2007-99, s. 21]</Repealed></Text></Section><Heading level="1"><TitleText>General Provisions Respecting Certificates</TitleText><Note>[Repealed, SOR/2007-99, s. 21]</Note></Heading><Section><Label>13</Label><Text><Repealed>[Repealed, SOR/2007-99, s. 21]</Repealed></Text></Section><Section><Label>14</Label><Text><Repealed>[Repealed, SOR/2007-99, s. 21]</Repealed></Text></Section><Heading level="1"><TitleText>Verification of Load Line Marks</TitleText><Note>[Repealed, SOR/2007-99, s. 21]</Note></Heading><Section><Label>15</Label><Text><Repealed>[Repealed, SOR/2007-99, s. 21]</Repealed></Text></Section><Heading level="1"><TitleText>Surveys and Inspections</TitleText><Note>[Repealed, SOR/2007-99, s. 21]</Note></Heading><Section><Label>16</Label><Text><Repealed>[Repealed, SOR/2007-99, s. 21]</Repealed></Text></Section><Heading level="1"><TitleText>Inspectors’ Reports and Records</TitleText><Note>[Repealed, SOR/2007-99, s. 21]</Note></Heading><Section><Label>17</Label><Text><Repealed>[Repealed, SOR/2007-99, s. 21]</Repealed></Text></Section><Heading level="1"><TitleText>Powers of Port Wardens</TitleText><Note>[Repealed, SOR/2007-99, s. 21]</Note></Heading><Section><Label>18</Label><Text><Repealed>[Repealed, SOR/2007-99, s. 21]</Repealed></Text></Section><Heading level="1"><TitleText>Limits of Submergence</TitleText><Note>[Repealed, SOR/2007-99, s. 21]</Note></Heading><Section><Label>19</Label><Text><Repealed>[Repealed, SOR/2007-99, s. 21]</Repealed></Text></Section><Section><Label>20</Label><Text><Repealed>[Repealed, SOR/2007-99, s. 21]</Repealed></Text></Section><Section><Label>21</Label><Text><Repealed>[Repealed, SOR/2007-99, s. 21]</Repealed></Text></Section><Section><Label>22</Label><Text><Repealed>[Repealed, SOR/2007-99, s. 21]</Repealed></Text></Section><Section><Label>23</Label><Text><Repealed>[Repealed, SOR/2007-99, s. 21]</Repealed></Text></Section></Body><Schedule bilingual="no" spanlanguages="no"><ScheduleFormHeading><Label>SCHEDULE I</Label><OriginatingRef>(ss. 2, 5, 6, 7, 8, 9, 10.1, 11, 19, 20 and 23)</OriginatingRef><TitleText>Freeboards and Marking</TitleText></ScheduleFormHeading><Repealed>[Repealed, SOR/2007-99, s. 21]</Repealed></Schedule><Schedule bilingual="no" spanlanguages="no"><ScheduleFormHeading><Label>SCHEDULE II</Label><OriginatingRef>(ss. 13 and 23)</OriginatingRef></ScheduleFormHeading><Repealed>[Repealed, SOR/2007-99, s. 21]</Repealed></Schedule><Schedule bilingual="no" spanlanguages="no"><ScheduleFormHeading><Label>SCHEDULE III</Label><OriginatingRef>(ss. 83, 84, 86 and 88 of Schedule I)</OriginatingRef><TitleText>Zones and Seasonal Areas for Ships Flying Flag of Country Signatory to the 1930 Convention Only</TitleText></ScheduleFormHeading><Repealed>[Repealed, SOR/2007-99, s. 21]</Repealed></Schedule><Schedule bilingual="no" spanlanguages="no"><ScheduleFormHeading><Label>SCHEDULE IV</Label><OriginatingRef>(s. 19)</OriginatingRef><TitleText>Zones, Areas and Seasonal Periods for Ships and Other than Ones Flying Flag of Country Signatory to 1930 Convention Only</TitleText></ScheduleFormHeading><Repealed>[Repealed, SOR/2007-99, s. 21]</Repealed></Schedule></Regulation>