﻿<?xml version="1.0" encoding="utf-8"?><!DOCTYPE Regulation PUBLIC "-//Justice Canada//DTD Regulation v1.2.2//EN" "Dtd/Regulations/Version_1.2.2/regulation.dtd"><Regulation regulation-type="SOR" xml:lang="en"><Identification><InstrumentNumber>C.R.C., c. 1268</InstrumentNumber><ConsolidationDate><Date><YYYY>2018</YYYY><MM>07</MM><DD>06</DD></Date></ConsolidationDate><LastModifiedDate><Date><YYYY>2005</YYYY><MM>12</MM><DD>21</DD></Date></LastModifiedDate><EnablingAuthority><XRefExternal reference-type="act">PILOTAGE ACT</XRefExternal></EnablingAuthority><ShortTitle>Laurentian Pilotage Authority Regulations</ShortTitle><LongTitle>Regulations Respecting the Establishment, Operation, Maintenance and Administration of Pilotage Services within the Laurentian Pilotage Authority Region</LongTitle></Identification><Body><Heading level="1"><TitleText>Short Title</TitleText></Heading><Section><Label>1</Label><Text>These Regulations may be cited as the <XRefExternal reference-type="regulation">Laurentian Pilotage Authority Regulations</XRefExternal>.</Text></Section><Heading level="1"><TitleText>Interpretation</TitleText></Heading><Section><Label>2</Label><Text>In these Regulations,</Text><Definition generate-in-text="no"><Text><DefinedTermEn>Act</DefinedTermEn> means the <XRefExternal reference-type="act">Pilotage Act</XRefExternal>; (<DefinedTermFr>Loi</DefinedTermFr>)</Text></Definition><Definition generate-in-text="no"><Text><DefinedTermEn>apprentice</DefinedTermEn> means an apprentice pilot; (<DefinedTermFr>apprenti</DefinedTermFr>)</Text></Definition><Definition generate-in-text="no"><Text><DefinedTermEn>Authority</DefinedTermEn> means the Laurentian Pilotage Authority; (<DefinedTermFr>Administration</DefinedTermFr>)</Text></Definition><Definition generate-in-text="no"><Text><DefinedTermEn>berth</DefinedTermEn> means a wharf, pier, anchorage or mooring buoy, and includes a berthed ship or a ship at anchor; (<DefinedTermFr>poste</DefinedTermFr>)</Text></Definition><Definition generate-in-text="no"><Text><DefinedTermEn>Board of Examiners</DefinedTermEn> means the persons appointed pursuant to section 30 to conduct an examination for any class of licence or pilotage certificate; (<DefinedTermFr>jury d’examen</DefinedTermFr>)</Text></Definition><Definition generate-in-text="no"><Text><DefinedTermEn>compulsory pilotage area</DefinedTermEn> means the area described in Schedule I; (<DefinedTermFr>zone de pilotage obligatoire</DefinedTermFr>)</Text></Definition><Definition generate-in-text="no"><Text><DefinedTermEn>dead weight tonnage</DefinedTermEn><Repealed>[Repealed, SOR/98-185, s. 1]</Repealed></Text></Definition><Definition generate-in-text="no"><Text><DefinedTermEn>deadweight tonnage</DefinedTermEn> means the weight in metric tons of cargo, ship’s fuel, passengers and crew carried by a ship when loaded to its maximum Summer Load Line; (<DefinedTermFr>port en lourd</DefinedTermFr>)</Text></Definition><Definition generate-in-text="no"><Text><DefinedTermEn>District</DefinedTermEn> means a district described in Schedule II; (<DefinedTermFr>circonscription</DefinedTermFr>)</Text></Definition><Definition generate-in-text="no"><Text><DefinedTermEn>gross tonnage</DefinedTermEn> has the meaning assigned by section 2 of the <XRefExternal reference-type="act">Canada Shipping Act</XRefExternal>; (<DefinedTermFr>jauge brute</DefinedTermFr>)</Text></Definition><Definition generate-in-text="no"><Text><DefinedTermEn>length of the ship</DefinedTermEn> means the distance in metres and centimetres between the fore and aft extremities of the ship; (<DefinedTermFr>longueur du navire</DefinedTermFr>)</Text></Definition><Definition generate-in-text="no"><Text><DefinedTermEn>movage</DefinedTermEn> means the moving of a ship within a harbour, whether the ship is moved from one berth to another or is returned to the same berth, but unless a pilot is employed does not include the warping of a ship from one berth to another solely by means of mooring lines attached to a wharf, the shore or a mooring buoy; (<DefinedTermFr>déplacement</DefinedTermFr>)</Text></Definition><Definition generate-in-text="no"><Text><DefinedTermEn>net registered tons</DefinedTermEn><Repealed>[Repealed, SOR/99-417, s. 1]</Repealed></Text></Definition><Definition generate-in-text="no"><Text><DefinedTermEn>part of a district</DefinedTermEn> means</Text><Paragraph><Label>(a)</Label><Text>for a licence, all navigable waters of a district lying between two pilot boarding stations, and</Text></Paragraph><Paragraph><Label>(b)</Label><Text>for a pilotage certificate, the navigable waters of a district lying between and in the vicinity of two berths, as indicated on the pilotage certificate; (<DefinedTermFr>partie d’une circonscription</DefinedTermFr>)</Text></Paragraph></Definition><HistoricalNote>SOR/83-274, s. 1; SOR/92-680, s. 1; SOR/98-185, s. 1; SOR/99-417, s. 1; SOR/2002-346, s. 1.</HistoricalNote></Section><Heading level="1"><TitleText>Compulsory Pilotage Area</TitleText></Heading><Section><Label>3</Label><Text>The compulsory pilotage area is divided into Districts No. 1, No. 1-1 and No. 2.</Text></Section><Heading level="1"><TitleText>Compulsory Pilotage</TitleText></Heading><Section><Label>4</Label><Subsection><Label>(1)</Label><Text>Subject to subsection (3), the following ships are subject to compulsory pilotage:</Text><Paragraph><Label>(a)</Label><Text>any ship registered in Canada that</Text><Subparagraph><Label>(i)</Label><Text>is operated in District No. 1 or District No. 1-1 and is over 70 m in length and over 2 400 tons gross tonnage, or</Text></Subparagraph><Subparagraph><Label>(ii)</Label><Text>is operated in District No. 2 and is over 80 m in length and over 3 300 tons gross tonnage; and</Text></Subparagraph></Paragraph><Paragraph><Label>(b)</Label><Text>any ship that is not registered in Canada and is over 35 m in length.</Text></Paragraph></Subsection><Subsection><Label>(2)</Label><Text>Every scow and barge that is registered in Canada, manned by Canadian masters and officers and carrying as cargo a pollutant, as defined in section 727 of the <XRefExternal reference-type="act">Canada Shipping Act</XRefExternal>, is subject to compulsory pilotage.</Text></Subsection><Subsection><Label>(3)</Label><Text>The following ships or classes of ships, if registered in Canada and manned by Canadian masters and officers, are not subject to compulsory pilotage:</Text><Paragraph><Label>(a)</Label><Text>any ship owned by the Government of Canada and not engaged in commercial trade;</Text></Paragraph><Paragraph><Label>(b)</Label><Text>any ferry operating in the passenger carrying trade on a regular schedule between two or more terminals;</Text></Paragraph><Paragraph><Label>(c)</Label><Text>any ship designed for and engaged in fishing;</Text></Paragraph><Paragraph><Label>(d)</Label><Text>any tug, floating crane or dredge; and</Text></Paragraph><Paragraph><Label>(e)</Label><Text>any self-propelled barge trading regularly between two or more terminals in the Province of Quebec in or east of District No. 2 other than a barge described in subsection (2).</Text></Paragraph></Subsection><Subsection><Label>(4)</Label><Text>Despite subsection (3), a ship referred to in any of paragraphs (3)(b) to (e) is subject to compulsory pilotage if its operation would likely constitute a risk to the safety of navigation because of</Text><Paragraph><Label>(a)</Label><Text>the condition of the ship;</Text></Paragraph><Paragraph><Label>(b)</Label><Text>exceptional conditions on board the ship; or</Text></Paragraph><Paragraph><Label>(c)</Label><Text>conditions related to weather, tides, currents or ice.</Text></Paragraph></Subsection><HistoricalNote>SOR/2002-346, s. 2.</HistoricalNote></Section><Section><Label>4.1</Label><Text>Despite paragraph 4(3)(d), a tug used in the towing or pushing of one or more barges or scows is subject to compulsory pilotage if the length and gross tonnage of any of the barges or scows is as specified in paragraph 4(1)(a) or if the length of any of the barges or scows is as specified in paragraph 4(1)(b), as the case may be.</Text><HistoricalNote>SOR/98-184, s. 1; SOR/2002-346, s. 3.</HistoricalNote></Section><Section><Label>4.2</Label><Text>Despite paragraph 4(1)(a), every ship registered in Canada that, before September 24, 2002, was not subject to compulsory pilotage by reason of its length or net registered tonnage is not subject to compulsory pilotage under that paragraph.</Text><HistoricalNote>SOR/2003-167, s. 1.</HistoricalNote></Section><Heading level="1"><TitleText>Waivers</TitleText></Heading><Section><Label>5</Label><Subsection><Label>(1)</Label><Text>The authority may waive compulsory pilotage of any ship</Text><Paragraph><Label>(a)</Label><Text>that is to arrive in, depart from or make a movage within the compulsory pilotage area if her owner, master or agent has complied with section 6, 7, 8, 9 or 10, whichever is applicable, and no licensed pilot is available to perform pilotage duties at the time of her arrival, departure or movage, as the case may be, or</Text></Paragraph><Paragraph><Label>(b)</Label><Text>in respect of which one or more licensed pilots refuse to perform pilotage duties, except where the Authority regards the ship as unsafe.</Text></Paragraph></Subsection><Subsection><Label>(2)</Label><Text>Notwithstanding subsection (1), the Authority may waive compulsory pilotage of a ship that is in distress, proceeding to a ship in distress or entering the compulsory pilotage area for refuge.</Text></Subsection></Section><Heading level="1"><TitleText>Notices of Arrival</TitleText></Heading><Section><Label>6</Label><Subsection><Label>(1)</Label><Text>The owner, master or agent of a ship that is to arrive in the compulsory pilotage area at the pilot boarding station at Les Escoumins shall</Text><Paragraph><Label>(a)</Label><Text>if the ship is arriving from any point east of the Strait of Belle Isle, Cabot Strait or the Strait of Canso</Text><Subparagraph><Label>(i)</Label><Text>give a first notice of the estimated time of arrival 24 hours before the estimated time of arrival,</Text></Subparagraph><Subparagraph><Label>(ii)</Label><Text>give a second notice of the estimated time of arrival 12 hours before the estimated time of arrival, and</Text></Subparagraph><Subparagraph><Label>(iii)</Label><Text>give a final notice confirming or correcting the estimated time of arrival six hours before the estimated time of arrival;</Text></Subparagraph></Paragraph><Paragraph><Label>(b)</Label><Text>if the ship is arriving from any point west of the Strait of Belle Isle, Cabot Strait or the Strait of Canso</Text><Subparagraph><Label>(i)</Label><Text>give a first notice of the estimated time of arrival 12 hours before the estimated time of arrival, and</Text></Subparagraph><Subparagraph><Label>(ii)</Label><Text>give a final notice confirming or correcting the estimated time of arrival six hours before the estimated time of arrival.</Text></Subparagraph></Paragraph></Subsection><Subsection><Label>(2)</Label><Text>The notices referred to in paragraphs (1)(a) and (b) shall be given by calling a coastal marine radio station or pilot despatch centre.</Text></Subsection><HistoricalNote>SOR/83-861, s. 1.</HistoricalNote></Section><Section><Label>7</Label><Text>The owner, master or agent of a ship that is to arrive in the compulsory pilotage area from any point above the entrance to St. Lambert Lock shall give notice of the immediate and ultimate destinations of the ship in the compulsory pilotage area by calling the St. Lawrence Seaway Radio Control when passing Iroquois Lock and Beauharnois Lock.</Text></Section><Heading level="1"><TitleText>Notices of Departure</TitleText></Heading><Section><Label>8</Label><Text>The owner, master or agent of a ship that is to depart from a berth in the compulsory pilotage area for any purpose, other than making a movage, shall, by calling a pilot despatch centre,</Text><Paragraph><Label>(a)</Label><Text>give a first notice of its estimated time of departure 12 hours before its estimated time of departure; and</Text></Paragraph><Paragraph><Label>(b)</Label><Text>give a final notice confirming or correcting its estimated time of departure at least four hours before the estimated time.</Text></Paragraph><HistoricalNote>SOR/81-223, s. 1.</HistoricalNote></Section><Heading level="1"><TitleText>Notices of Movage</TitleText></Heading><Section><Label>9</Label><Subsection><Label>(1)</Label><Text>The owner, master or agent of a ship that is to make a movage shall,</Text><Paragraph><Label>(a)</Label><Text>in any harbour within the compulsory pilotage area other than the Harbour of Montreal or the Harbour of Quebec,</Text><Subparagraph><Label>(i)</Label><Text>give a first notice of the estimated time of movage 12 hours before the estimated time of movage, and</Text></Subparagraph><Subparagraph><Label>(ii)</Label><Text>give a final notice confirming or correcting the estimated time of movage four hours before the estimated time of movage;</Text></Subparagraph></Paragraph><Paragraph><Label>(b)</Label><Text>in the Harbour of Montreal or the Harbour of Quebec, give a notice of movage three hours before the time of movage.</Text></Paragraph></Subsection><Subsection><Label>(2)</Label><Text>The notices referred to in subsection (1) shall be given by calling a pilot despatch centre.</Text></Subsection></Section><Heading level="1"><TitleText>Optional Notices</TitleText></Heading><Section><Label>10</Label><Subsection><Label>(1)</Label><Text>Notwithstanding sections 8 and 9, the owner, master or agent of a ship that is to depart or make a movage may within eight hours after having given the first notice referred to in paragraph 8(a) or subparagraph 9(1)(a)(i), give a second notice confirming or correcting the estimated time of departure from or movage in any compulsory pilotage area.</Text></Subsection><Subsection><Label>(2)</Label><Text>Where a second notice has been given in respect of a ship pursuant to subsection (1), the time of departure or movage of that ship shall not be later than 12 hours from the time that notice was given.</Text></Subsection><HistoricalNote>SOR/81-223, s. 2.</HistoricalNote></Section><Heading level="1"><TitleText>Required Information</TitleText></Heading><Section><Label>11</Label><Text>Where the owner, master or agent of a ship gives a notice referred to in subparagraph 6(1)(a)(i) or 6(1)(b)(i), he shall state,</Text><Paragraph><Label>(a)</Label><Text>in the case of the first arrival of the ship in the compulsory pilotage area in any calendar year,</Text><Subparagraph><Label>(i)</Label><Text>the name, nationality, call sign and agent of the ship,</Text></Subparagraph><Subparagraph><Label>(ii)</Label><Text>the length, breadth, moulded depth, deepest draught, speed, deadweight tonnage and gross tonnage of the ship, and</Text></Subparagraph><Subparagraph><Label>(iii)</Label><Text>the immediate and ultimate destinations of the ship within the compulsory pilotage area; and</Text></Subparagraph></Paragraph><Paragraph><Label>(b)</Label><Text>in the case of any subsequent arrival, movage or departure of the ship in the compulsory pilotage area in any calendar year,</Text><Subparagraph><Label>(i)</Label><Text>the name, call sign, deepest draft, the speed of the ship and any changes in the information provided under paragraph (a), and</Text></Subparagraph><Subparagraph><Label>(ii)</Label><Text>the immediate and ultimate destinations of the ship within the compulsory pilotage area.</Text></Subparagraph></Paragraph><HistoricalNote>SOR/83-274, s. 2; SOR/98-185, s. 2(E); SOR/99-417, s. 2.</HistoricalNote></Section><Section><Label>12</Label><Text>Where a ship has on board one or more holders of pilotage certificates who are certificated for the compulsory pilotage area through which the ship is to proceed, the master of the ship shall, each time the ship proceeds through the area, state</Text><Paragraph><Label>(a)</Label><Text>the names of the holders of pilotage certificates and the certificate numbers; and</Text></Paragraph><Paragraph><Label>(b)</Label><Text>the information specified in subparagraphs 11(b)(i) and (ii).</Text></Paragraph></Section><Section><Label>13</Label><Text>Where in any case referred to in section 6, 7, 8, 9 or 10, the owner, master or agent of a ship fails without reasonable cause to give the notice required by that section for that case, the Authority is not required to provide that ship with the services of a pilot.</Text></Section><Heading level="1"><TitleText>Classes of Licences and Pilotage Certificates</TitleText><HistoricalNote>[SOR/89-567, s. 1(E)]</HistoricalNote></Heading><Section><Label>14</Label><Text>The classes of licences and pilotage certificates that may be issued by the Authority are as follows:</Text><Paragraph><Label>(a)</Label><Text>Class A or Class B Montreal Harbour licence or pilotage certificate;</Text></Paragraph><Paragraph><Label>(b)</Label><Text>Class A, Class B or Class C licence or pilotage certificate;</Text></Paragraph><Paragraph><Label>(c)</Label><Text>Class D apprentice pilot permit.</Text></Paragraph></Section><Section><Label>15</Label><Subsection><Label>(1)</Label><Text>A Class A Montreal Harbour licence or pilotage certificate permits the holder thereof to perform pilotage duties on any ship, regardless of size, in District No. 1-1.</Text></Subsection><Subsection><Label>(2)</Label><Text>A Class B Montreal Harbour licence or pilotage certificate permits its holder to perform pilotage duties on any ship not exceeding 210 m in length in District No. 1-1.</Text></Subsection><Subsection><Label>(3)</Label><Text>A Class A licence or pilotage certificate permits its holder to perform pilotage duties on any ship in District No. 1 or District No. 2 or any part of those districts.</Text></Subsection><Subsection><Label>(4)</Label><Text>A Class B licence or pilotage certificate permits its holder to perform pilotage duties</Text><Paragraph><Label>(a)</Label><Text>in District No. 1 or any part of that District,</Text><Subparagraph><Label>(i)</Label><Text>in the first year after the date on which the holder obtained the licence or pilotage certificate, on any ship not exceeding 195 m in length, and</Text></Subparagraph><Subparagraph><Label>(ii)</Label><Text>in the second and any subsequent year after the date on which the holder obtained the licence or pilotage certificate, on any ship not exceeding 215 m in length; and</Text></Subparagraph></Paragraph><Paragraph><Label>(b)</Label><Text>in District No. 2 or any part of that District, on any ship not exceeding 50,000 deadweight tons.</Text></Paragraph></Subsection><Subsection><Label>(5)</Label><Text>A Class C licence or pilotage certificate permits its holder to perform pilotage duties</Text><Paragraph><Label>(a)</Label><Text>in District No. 1 or any part of that District,</Text><Subparagraph><Label>(i)</Label><Text>in the first six months after the date on which the holder obtained the licence or pilotage certificate, on any ship not exceeding 165 m in length,</Text></Subparagraph><Subparagraph><Label>(ii)</Label><Text>in the six months after the period referred to in subparagraph (i), on any tanker not exceeding 165 m in length and on any other ship not exceeding 175 m in length, and</Text></Subparagraph><Subparagraph><Label>(iii)</Label><Text>in the second and any subsequent year after the date on which the holder obtained the licence or pilotage certificate, on any tanker not exceeding 165 m in length and on any other ship not exceeding 185 m in length; and</Text></Subparagraph></Paragraph><Paragraph><Label>(b)</Label><Text>in District No. 2 or any part of that District, on any ship not exceeding 30,000 deadweight tons.</Text></Paragraph></Subsection><Subsection><Label>(6)</Label><Text>A Class D apprentice pilot permit allows its holder to undertake pilotage training in the presence of a licensed pilot on any ship, in District No. 1, No. 1-1 or No. 2.</Text></Subsection><HistoricalNote>SOR/83-274, s. 3; SOR/94-727, s. 1; SOR/98-185, s. 3; SOR/99-417, s. 3; SOR/2002-346, s. 4; SOR/2015-146, s. 1.</HistoricalNote></Section><Heading level="1"><TitleText>Endorsements</TitleText></Heading><Section><Label>16</Label><Text>A licence or pilotage certificate that is issued in respect of and has endorsed thereon the name of a district or any part thereof within the compulsory pilotage area, permits the holder thereof to perform pilotage duties only in the district or part thereof indicated on the licence or pilotage certificate.</Text></Section><Section><Label>17</Label><Text>A pilotage certificate that has endorsed thereon a seasonal limitation, permits the holder thereof to perform pilotage duties only during the season of the year indicated thereon.</Text></Section><Heading level="1"><TitleText>General Qualifications for Applicants for Licences</TitleText></Heading><Section><Label>18</Label><Text>Every applicant for a licence shall</Text><Paragraph><Label>(a)</Label><Text>be able to speak and understand both the French and English languages to the extent necessary to carry out pilotage duties; or</Text></Paragraph><Paragraph><Label>(b)</Label><Text>have obtained a favourable recommendation in respect of his abilities as a pilot from the corporation of pilots of which he is a member.</Text></Paragraph><Paragraph><Label>(c)</Label><Text><Repealed>[Repealed, SOR/2002-346, s. 5]</Repealed></Text></Paragraph><HistoricalNote>SOR/2002-346, s. 5.</HistoricalNote></Section><Heading level="1"><TitleText>Qualifications for Holders of Licences for District No. 1-1</TitleText><HistoricalNote>[SOR/2002-346, s. 6]</HistoricalNote></Heading><Section><Label>19</Label><Subsection><Label>(1)</Label><Text>Every holder of a Class A licence for District No. 1-1 shall</Text><Paragraph><Label>(a)</Label><Text>be the holder of a certificate of competency for a Master Mariner or Master, Near Coastal; and</Text></Paragraph><Paragraph><Label>(b)</Label><Text>have piloted in that District</Text><Subparagraph><Label>(i)</Label><Text>for at least one year, while holding a Class B licence for that District, and completed during that period at least two-thirds of the average number of pilotage assignments completed by licensed pilots for that District, or</Text></Subparagraph><Subparagraph><Label>(ii)</Label><Text>during the 12 months before the day on which the licence is issued, while holding a Class A licence for that part of District No. 1 between Montréal and Trois-Rivières, and completed during that period at least two-thirds of the average number of pilotage assignments completed by licensed pilots for that part of District No. 1.</Text></Subparagraph></Paragraph></Subsection><Subsection><Label>(2)</Label><Text>Every holder of a Class B licence for District No. 1-1 shall</Text><Paragraph><Label>(a)</Label><Text>have obtained a passing mark in an examination held by the Board of Examiners;</Text></Paragraph><Paragraph><Label>(b)</Label><Text>within 90 days before the oral test portion of the examination referred to in paragraph (a), have been declared medically fit to perform pilotage duties in accordance with the <XRefExternal reference-type="regulation">General Pilotage Regulations</XRefExternal>; and</Text></Paragraph><Paragraph><Label>(c)</Label><Text>have</Text><Subparagraph><Label>(i)</Label><Text>in the case of a holder who has obtained a passing mark in the examination referred to in paragraph (a) at the first attempt,</Text><Clause><Label>(A)</Label><Text>served as an apprentice pilot holding a Class D apprentice pilot permit for that District and while so serving have completed during a period of not less than four months but not more than six months, 200 movages in that District, if, during the five years before the day on which the application for the permit is made, the holder completed at least 12 months of sea service as master, or</Text></Clause><Clause><Label>(B)</Label><Text>served as an apprentice pilot holding a Class D apprentice pilot permit for that District and while so serving have completed during a period of not less than six months but not more than 12 months, 300 movages in that District, if, during the five years before the day on which the application for the permit is made, the holder completed at least 24 months of service <Emphasis>as the person in charge of the deck watch of a ship</Emphasis>,</Text></Clause></Subparagraph><Subparagraph><Label>(ii)</Label><Text>in the case of a holder who has obtained a passing mark in the examination referred to in paragraph (a) at a second or subsequent attempt,</Text><Clause><Label>(A)</Label><Text>served as an apprentice pilot holding a Class D apprentice pilot permit for that District and while so serving have completed 300 movages in that District, if, during the five years before the day on which the application for the permit is made, the holder completed at least 12 months of sea service as master, or</Text></Clause><Clause><Label>(B)</Label><Text>served as an apprentice pilot holding a Class D apprentice pilot permit for that District and while so serving have completed 400 movages in that District, if, during the five years before the day on which the application for the permit is made, the holder completed at least 24 months of service <Emphasis>as the person in charge of the deck watch of a ship,</Emphasis> or</Text></Clause></Subparagraph><Subparagraph><Label>(iii)</Label><Text>completed during the 12 months before the day on which the licence is issued, while holding a Class B licence for District No. 1, at least two-thirds of the average number of pilotage assignments completed by licensed pilots for that part of District No. 1 between Montréal and Trois-Rivières.</Text></Subparagraph></Paragraph></Subsection><Subsection><Label>(3)</Label><Text><Repealed>[Repealed, SOR/2002-346, s. 7]</Repealed></Text></Subsection><HistoricalNote>SOR/81-890, s. 1; SOR/89-567, s. 2; SOR/2002-346, s. 7; SOR/2008-80, s. 1; SOR/2018-78, s. 1.</HistoricalNote></Section><Heading level="1"><TitleText>Qualifications for Holders of Licences for District No. 1 and District No. 2</TitleText></Heading><Section><Label>20</Label><Subsection><Label>(1)</Label><Text>Every holder of a Class A licence for District No. 1 or District No. 2 shall</Text><Paragraph><Label>(a)</Label><Text>have served as a pilot</Text><Subparagraph><Label>(i)</Label><Text>in the case of a licence for District No. 1, during the 36 months before making the application for the licence, while holding a Class B licence for that District, or</Text></Subparagraph><Subparagraph><Label>(ii)</Label><Text>in the case of a licence for District No. 2, during a period of at least six years in that District, while holding a Class B licence; and</Text></Subparagraph></Paragraph><Paragraph><Label>(b)</Label><Text>have piloted in District No. 1 or District No. 2, as the case may be, during the 12 months before making the application for the licence, while holding a Class B licence for the appropriate District, at least two thirds of the average number of pilotage assignments piloted by the licensed pilots for that District.</Text></Paragraph></Subsection><Subsection><Label>(2)</Label><Text>Every holder of a Class B licence for District No. 1 or District No. 2 shall</Text><Paragraph><Label>(a)</Label><Text>while holding a Class C licence, have piloted in District No. 1 ships not exceeding 165 m in length during the first six months after the date on which the holder obtained the Class C licence and have piloted at least 50 trips in that District during the first year after the date on which the holder obtained that licence;</Text></Paragraph><Paragraph><Label>(b)</Label><Text>while holding a Class C licence, have piloted in District No. 1 tankers not exceeding 165 m in length or any other ship not exceeding 185 m in length during the second year after the date on which the holder obtained the Class C licence and have piloted during that time at least two thirds of the average number of pilotage assignments piloted by the licensed pilots for that District; and</Text></Paragraph><Paragraph><Label>(c)</Label><Text>while holding a Class C licence, have piloted in District No. 2 ships not exceeding 30,000 deadweight tons during a period of two years after the date on which the holder obtained the Class C licence and have piloted during that time at least two thirds of the average number of pilotage assignments piloted by the licensed pilots for that District.</Text></Paragraph></Subsection><Subsection><Label>(3)</Label><Text>Every holder of a Class C licence for District No. 1 or District No. 2 shall</Text><Paragraph><Label>(a)</Label><Text>have obtained a passing mark in an examination held by the Board of Examiners;</Text></Paragraph><Paragraph><Label>(b)</Label><Text>within 90 days before the oral test portion of the examination referred to in paragraph (a), have been declared medically fit to perform pilotage duties in accordance with the <XRefExternal reference-type="regulation">General Pilotage Regulations</XRefExternal>;</Text></Paragraph><Paragraph><Label>(c)</Label><Text>have served at least 24 months as an apprentice and holder of a Class D apprentice permit in the appropriate District;</Text></Paragraph><Paragraph><Label>(d)</Label><Text>in the case of holder who has obtained a passing mark in the examination referred to in paragraph (a) at the first attempt, have effected, in the appropriate District, while holding a Class D apprentice permit,</Text><Subparagraph><Label>(i)</Label><Text>during each year, in the case of a holder of a licence for that part of District No. 1 between Montreal and Trois-Rivières, at least</Text><Clause><Label>(A)</Label><Text>55 dockings or undockings within the Harbour of Montreal,</Text></Clause><Clause><Label>(B)</Label><Text>five dockings or undockings within the Harbour of Trois-Rivières,</Text></Clause><Clause><Label>(C)</Label><Text>10 dockings or undockings within the Harbour of Sorel,</Text></Clause><Clause><Label>(D)</Label><Text>three dockings or undockings at the Wharf of Contrecoeur,</Text></Clause><Clause><Label>(E)</Label><Text>five arrivals and five departures from St. Lambert Lock, including transit between the Lock and a place below Jacques Cartier Bridge, and</Text></Clause><Clause><Label>(F)</Label><Text>138 trips between Montreal and Trois-Rivières, of which</Text><Subclause><Label>(I)</Label><Text>18 were between any places between Montreal and Trois-Rivières, and</Text></Subclause><Subclause><Label>(II)</Label><Text>six were between Montreal and Trois-Rivières during the winter navigation period determined by the Authority in accordance with subsection 35(2),</Text></Subclause></Clause><Clause><Label>(G) and (H)</Label><Text><Repealed>[Repealed, SOR/2002-346, s. 8]</Repealed></Text></Clause></Subparagraph><Subparagraph><Label>(ii)</Label><Text>during each year, in the case of a holder of a licence for that part of District No. 1 between Trois-Rivières and Quebec, at least</Text><Clause><Label>(A)</Label><Text>20 dockings or undockings within the Harbour of Quebec,</Text></Clause><Clause><Label>(B)</Label><Text>five dockings or undockings within the Harbour of Trois-Rivières, and</Text></Clause><Clause><Label>(C)</Label><Text>138 trips between Trois-Rivières and Québec, of which</Text><Subclause><Label>(I)</Label><Text>eight were between any places between Trois-Rivières and Québec, and</Text></Subclause><Subclause><Label>(II)</Label><Text>six were between Trois-Rivières and Québec during the winter navigation period determined by the Authority in accordance with subsection 35(2), or</Text></Subclause></Clause><Clause><Label>(D) and (E)</Label><Text><Repealed>[Repealed, SOR/2002-346, s. 8]</Repealed></Text></Clause></Subparagraph><Subparagraph><Label>(iii)</Label><Text>during the 24 months referred to in paragraph (c), in the case of a holder of a licence for District No. 2, at least</Text><Clause><Label>(A)</Label><Text>fifteen movages per year in the Harbour of Quebec,</Text></Clause><Clause><Label>(B)</Label><Text>five movages per year in the Harbour of Chicoutimi, including Grande-Anse,</Text></Clause><Clause><Label>(C)</Label><Text>eight movages per year in the Harbour of Port Alfred, and</Text></Clause><Clause><Label>(D)</Label><Text>113 trips in each year, of which</Text><Subclause><Label>(I)</Label><Text>nine were to Chicoutimi or Grande-Anse,</Text></Subclause><Subclause><Label>(II)</Label><Text>15 were to Port-Alfred, and</Text></Subclause><Subclause><Label>(III)</Label><Text>nine were during the winter navigation period determined by the Authority in accordance with subsection 35(2);</Text></Subclause></Clause><Clause><Label>(E)</Label><Text><Repealed>[Repealed, SOR/2002-346, s. 8]</Repealed></Text></Clause></Subparagraph></Paragraph><Paragraph><Label>(e)</Label><Text>in the case of a holder who has obtained a passing mark in the examination referred to in paragraph (a) at the second attempt, have effected, in the appropriate District, while holding a Class D apprentice permit, 150% of the number of dockings, undockings, arrivals, departures, trips or movages required under subparagraphs (3)(d)(i) to (iii), rounded up to the next highest whole number, if necessary; and</Text></Paragraph><Paragraph><Label>(f)</Label><Text>in the case of a holder who has obtained a passing mark in the examination referred to in paragraph (a) at a third attempt, have effected, in the appropriate District, while holding a Class D apprentice permit, 175% of the number of dockings, undockings, arrivals, departures, trips or movages required under subparagraphs (3)(d)(i) to (iii), rounded up to the next highest whole number, if necessary.</Text></Paragraph></Subsection><Subsection><Label>(4) and (5)</Label><Text><Repealed>[Repealed, SOR/2002-346, s. 8]</Repealed></Text></Subsection><Subsection><Label>(6)</Label><Text><Repealed>[Repealed, SOR/78-844, s. 1]</Repealed></Text></Subsection><HistoricalNote>SORS/78-844, s. 1; SOR/80-252, s. 1; SOR/83-892, s. 1; SOR/89-567, s. 3; SOR/91-482, s. 1; SOR/92-680, s. 2; SOR/97-262, s. 1; SOR/99-417, s. 4; SOR/2002-346, s. 8; SOR/2008-80, s. 2; SOR/2018-78, s. 2.</HistoricalNote></Section><Heading level="1"><TitleText>Documentation Requirements for Pilotage Certificates</TitleText></Heading><Section><Label>21</Label><Subsection><Label>(1)</Label><Text>An applicant for a first pilotage certificate shall, not less than 10 days but not more than 60 days before the date of the examination, submit an application and provide the Authority with true copies of the following:</Text><Paragraph><Label>(a)</Label><Text>documents that establish that the applicant is a Canadian citizen or a permanent resident as described in paragraph 22(2)(b) of the Act;</Text></Paragraph><Paragraph><Label>(b)</Label><Text>the applicant’s birth certificate or other official document showing the date and place of birth of the applicant;</Text></Paragraph><Paragraph><Label>(c)</Label><Text>diplomas and navigational certificates as well as documents that establish that the sea service requirements of these Regulations have been met;</Text></Paragraph><Paragraph><Label>(d)</Label><Text>the medical report required under the <XRefExternal reference-type="regulation">General Pilotage Regulations</XRefExternal>; and</Text></Paragraph><Paragraph><Label>(e)</Label><Text>a letter of recommendation from</Text><Subparagraph><Label>(i)</Label><Text>the applicant’s most recent employer, if the applicant was employed by that employer for more than two years, or</Text></Subparagraph><Subparagraph><Label>(ii)</Label><Text>each of the applicant’s two most recent employers, if the applicant was employed by the most recent employer for less than two years.</Text></Subparagraph></Paragraph></Subsection><Subsection><Label>(2)</Label><Text>A holder of a pilotage certificate who applies for another pilotage certificate shall submit an application and provide the Authority with documents that establish that the holder has met the sea service requirements of these Regulations for that certificate.</Text></Subsection><HistoricalNote>SOR/2002-346, s. 9.</HistoricalNote></Section><Heading level="1"><TitleText>Qualifications for Holders of Pilotage Certificates for All Districts</TitleText></Heading><Section><Label>22</Label><Subsection><Label>(1)</Label><Text>Every applicant for a Class A, Class B or Class C pilotage certificate who is applying for their first pilotage certificate shall</Text><Paragraph><Label>(a)</Label><Text>have obtained a passing mark in an examination held by the Board of Examiners;</Text></Paragraph><Paragraph><Label>(b)</Label><Text>within 90 days before the oral test portion of the examination referred to in paragraph (a), have been declared medically fit to perform pilotage duties in accordance with the <XRefExternal reference-type="regulation">General Pilotage Regulations</XRefExternal>;</Text></Paragraph><Paragraph><Label>(c)</Label><Text>have served on ships engaged in voyages in the appropriate District,</Text><Subparagraph><Label>(i)</Label><Text>in the case of a certificate for District No. 1-1, at least two years as master, or</Text></Subparagraph><Subparagraph><Label>(ii)</Label><Text>in the case of a certificate for District No. 1 or District No. 2, at least</Text><Clause><Label>(A)</Label><Text>one year as master, or</Text></Clause><Clause><Label>(B)</Label><Text>three years as deck officer;</Text></Clause></Subparagraph></Paragraph><Paragraph><Label>(d)</Label><Text>have effected,</Text><Subparagraph><Label>(i)</Label><Text>in the case of a certificate for District No. 1-1, during each of his years of service as required by paragraph (c), at least 20 movages including six movages in that District during the period from December 1st in any year to April 8th in the year next following,</Text></Subparagraph><Subparagraph><Label>(ii)</Label><Text>in the case of a certificate for District No. 1, during his years of service as required by paragraph (c), at least</Text><Clause><Label>(A)</Label><Text>10 movages per year in the Harbour of Quebec,</Text></Clause><Clause><Label>(B)</Label><Text>six movages per year in the Harbour of Trois-Rivières,</Text></Clause><Clause><Label>(C)</Label><Text>five movages per year in the Harbour of Sorel,</Text></Clause><Clause><Label>(D)</Label><Text>24 one-way trips per year between Montreal and Trois-Rivières,</Text></Clause><Clause><Label>(E)</Label><Text>24 one-way trips per year between Trois-Rivières and Quebec, and</Text></Clause><Clause><Label>(F)</Label><Text>six one-way trips per year during the period from December 1st in any year to April 8th in the year next following, or</Text></Clause></Subparagraph><Subparagraph><Label>(iii)</Label><Text>in the case of a certificate for District No. 2, during his years of service as required by paragraph (c), at least</Text><Clause><Label>(A)</Label><Text>10 movages per year in the Harbour of Quebec,</Text></Clause><Clause><Label>(B)</Label><Text>three movages per year in the Harbour of Chicoutimi,</Text></Clause><Clause><Label>(C)</Label><Text>two movages per year in the Harbour of Port Alfred,</Text></Clause><Clause><Label>(D)</Label><Text>12 one-way trips per year including six on the Saguenay River, three to Chicoutimi and two to Port Alfred, and</Text></Clause><Clause><Label>(E)</Label><Text>six one-way trips per year during the period from December 1st in any year to April 8th in the year next following,</Text></Clause></Subparagraph><Subparagraph><Label>(iv)</Label><Text><Repealed>[Repealed, SOR/2002-346, s. 10]</Repealed></Text></Subparagraph></Paragraph><Paragraph><Label>(e)</Label><Text>have a degree of proficiency in the French and English languages sufficient to carry out effectively his pilotage duties.</Text></Paragraph></Subsection><Subsection><Label>(2)</Label><Text>An applicant for a Class A pilotage certificate who is the holder of a Class B pilotage certificate shall, over the 36 months immediately preceding their application, have effected</Text><Paragraph><Label>(a)</Label><Text>the movages or trips required each year by paragraph 25(2)(a) or (b) in the applicable district; and</Text></Paragraph><Paragraph><Label>(b)</Label><Text>under the supervision of a holder of a Class A licence or pilotage certificate, on board a ship whose length and deadweight tonnage exceed the maximum for a ship on board which a holder of a Class B pilotage certificate is authorized to perform pilotage duties,</Text><Subparagraph><Label>(i)</Label><Text>eight additional movages in District No. 1-1, in the case of a pilotage certificate for that district, or</Text></Subparagraph><Subparagraph><Label>(ii)</Label><Text>10 additional one-way trips, in District No. 1 or District No. 2, as the case may be, in the case of a pilotage certificate for one of those districts.</Text></Subparagraph></Paragraph></Subsection><Subsection><Label>(3)</Label><Text>An applicant for a Class B pilotage certificate who is the holder of a Class C pilotage certificate shall, over the 24 months immediately preceding their application, have effected</Text><Paragraph><Label>(a)</Label><Text>the movages or trips required each year by paragraph 25(2)(a) or (b) in the applicable district; and</Text></Paragraph><Paragraph><Label>(b)</Label><Text>under the supervision of a holder of a Class B licence or pilotage certificate, on board a ship whose length and deadweight tonnage exceed the maximum for a ship on board which a holder of a Class C pilotage certificate is authorized to perform pilotage duties,</Text><Subparagraph><Label>(i)</Label><Text>eight additional movages in District No. 1-1, in the case of a pilotage certificate for that district, or</Text></Subparagraph><Subparagraph><Label>(ii)</Label><Text>10 additional one-way trips in District No. 1 or District No. 2, as the case may be, in the case of a pilotage certificate for one of those districts.</Text></Subparagraph></Paragraph></Subsection><Subsection><Label>(4)</Label><Text>Despite subsections (1) to (3), an applicant may become the holder of a pilotage certificate valid for only a part of a district if</Text><Paragraph><Label>(a)</Label><Text>in the case of an applicant for a first pilotage certificate, the applicant has effected the number of trips and movages required for that part of the district under clauses (1)(d)(ii)(A) to (F) or (1)(d)(iii)(A) to (E); or</Text></Paragraph><Paragraph><Label>(b)</Label><Text>in the case of an applicant for a pilotage certificate who is the holder of another pilotage certificate, the applicant has effected in that part of the district the number of trips or movages required for the district under subsection (2) or (3).</Text></Paragraph></Subsection><Subsection><Label>(5)</Label><Text>Despite subsections (1) to (3), an applicant need not effect any movages or trips required to be effected during the period commencing on December 1 and ending on April 8 if the application is for a pilotage certificate valid only for the period beginning when all light buoys are in place in the part of the channel to which the pilotage certificate relates and ending when the Authority informs pilotage certificate holders, by a <XRefExternal reference-type="other">Notice to Mariners</XRefExternal> or a <XRefExternal reference-type="other">Notice to Shipping</XRefExternal>, that the light buoys have been withdrawn.</Text></Subsection><HistoricalNote>SOR/2002-346, s. 10; SOR/2008-80, s. 3.</HistoricalNote></Section><Section><Label>23</Label><Text>Where sea service, trips or movages are required by section 22, any such service, trip or movage, as the case may be, shall be or have been effected on board a ship of a size that is subject to compulsory pilotage.</Text></Section><Heading level="1"><TitleText>General Requirements for Applicants and Holders</TitleText></Heading><Section><Label>24</Label><Text>No person shall become the holder of a licence or pilotage certificate if</Text><Paragraph><Label>(a)</Label><Text>within one year of his application therefor,</Text><Subparagraph><Label>(i)</Label><Text>he was convicted of an offence under the Act,</Text></Subparagraph><Subparagraph><Label>(ii)</Label><Text>any licence or pilotage certificate previously held by the person was suspended pursuant to section 27 of the Act, or</Text></Subparagraph><Subparagraph><Label>(iii)</Label><Text>the person was convicted of an offence under paragraph 249(1)(b) or 251(1)(a) or section 253 of the <XRefExternal reference-type="act">Criminal Code</XRefExternal>; or</Text></Subparagraph></Paragraph><Paragraph><Label>(b)</Label><Text>in the opinion of the Authority, he had an adverse record in ship handling and the performance of pilotage duties.</Text></Paragraph><HistoricalNote>SOR/92-680, s. 3.</HistoricalNote></Section><Section><Label>25</Label><Subsection><Label>(1)</Label><Text>Every holder of a licence or pilotage certificate shall</Text><Paragraph><Label>(a)</Label><Text>hold in a valid and subsisting condition every certificate that he was required to hold to obtain the licence or pilotage certificate;</Text></Paragraph><Paragraph><Label>(b)</Label><Text>remain medically fit so as to meet the medical examination requirements set out in the <XRefExternal reference-type="regulation">General Pilotage Regulations</XRefExternal>;</Text></Paragraph><Paragraph><Label>(c)</Label><Text>have local knowledge of the district in respect of which he obtained the licence or pilotage certificate, including knowledge of tides, currents, depths of water, anchorages and aids to navigation;</Text></Paragraph><Paragraph><Label>(d)</Label><Text>have up-to-date knowledge of the harbour and other marine regulations that apply in the district in respect of which he obtained the licence or pilotage certificate, including knowledge of</Text><Subparagraph><Label>(i)</Label><Text>the <XRefExternal reference-type="regulation">Collision Regulations</XRefExternal>,</Text></Subparagraph><Subparagraph><Label>(ii)</Label><Text>the measures taken for the control of traffic in the Seaway by the St. Lawrence Seaway Management Corporation in accordance with section 99 of the <XRefExternal reference-type="act">Canada Marine Act</XRefExternal>,</Text></Subparagraph><Subparagraph><Label>(iii)</Label><Text>the <XRefExternal reference-type="regulation">Quarantine Regulations</XRefExternal>, and</Text></Subparagraph><Subparagraph><Label>(iv)</Label><Text>the Act and regulations made thereunder,</Text></Subparagraph><ContinuedParagraph><Text>in so far as they apply in that district; and</Text></ContinuedParagraph></Paragraph><Paragraph><Label>(e)</Label><Text>have a good record in ship handling and the performance of pilotage duties.</Text></Paragraph><Paragraph><Label>(f)</Label><Text><Repealed>[Repealed, SOR/2008-80, s. 4]</Repealed></Text></Paragraph></Subsection><Subsection><Label>(2)</Label><Text>In addition to the qualifications required by subsection (1), a holder of a licence or pilotage certificate shall,</Text><Paragraph><Label>(a)</Label><Text>if the holder’s licence or pilotage certificate was issued in respect of District No. 1-1, pilot each year at least eight movages in that district;</Text></Paragraph><Paragraph><Label>(b)</Label><Text>if the holder’s licence or pilotage certificate was issued in respect of District No. 1 or District No. 2, pilot each year at least eight one-way trips during the period commencing on April 1 and ending on December 14, and subject to section 17, two one-way trips during the period commencing on December 15 in a year and ending on March 31 in the next year, in the District; and</Text></Paragraph><Paragraph><Label>(c)</Label><Text>on request, provide the Authority with evidence that the holder has complied with the requirements of paragraph (a) or (b).</Text></Paragraph></Subsection><HistoricalNote>SOR/92-680, s. 4; SOR/2002-346, s. 11; SOR/2008-80, s. 4.</HistoricalNote></Section><Heading level="1"><TitleText>Notices for the Recruiting of Apprentices</TitleText></Heading><Section><Label>26</Label><Text>When recruiting apprentices for a particular district, the Authority shall publish, not less than 30 days before the deadline for receiving applications, on their Internet site or in newspapers that are circulated in the municipalities adjacent to the district, notices stating the number of apprentices that are needed for the district and the date by which the applications must be received.</Text><HistoricalNote>SOR/89-567, s. 4; SOR/92-680, s. 5; SOR/2002-346, s. 12; SOR/2008-80, s. 5.</HistoricalNote></Section><Heading level="1"><TitleText>Qualifications — Apprentices — District No. 1-1</TitleText></Heading><Section><Label>26.1</Label><Text>To obtain a Class D apprentice pilot permit for District No. 1-1, an applicant shall</Text><Paragraph><Label>(a)</Label><Text>successfully complete a language test given by the Authority that demonstrates that the applicant is able to carry out the duties of an apprentice effectively in English and French;</Text></Paragraph><Paragraph><Label>(b)</Label><Text>undergo a medical examination within the 90 days before the day on which the Class D apprentice pilot permit is issued and meet the health qualifications prescribed in the <XRefExternal reference-type="regulation">General Pilotage Regulations;</XRefExternal></Text></Paragraph><Paragraph><Label>(c)</Label><Text>be the holder of a certificate of competency for Master Mariner or Master, Near Coastal;</Text></Paragraph><Paragraph><Label>(d)</Label><Text>have served on board a ship that is over 70 m in length or over 2 000 tons gross tonnage and have accumulated on board such a ship the sea service required under section 12 of the <XRefExternal reference-type="regulation">General Pilotage Regulations</XRefExternal>;</Text></Paragraph><Paragraph><Label>(e)</Label><Text>have experience navigating in ice; and</Text></Paragraph><Paragraph><Label>(f)</Label><Text>obtain a mark of at least 70% on a written test given by the Board of Examiners on general knowledge of near coastal navigation, including knowledge of ship handling, navigational instruments, chartwork, meteorology and ice navigation on the St. Lawrence River.</Text></Paragraph><HistoricalNote>SOR/2002-346, s. 12; SOR/2008-80, s. 6; SOR/2018-78, s. 3.</HistoricalNote></Section><Heading level="1"><TitleText>Qualifications — Apprentices — District No. 1 and District No. 2</TitleText></Heading><Section><Label>26.2</Label><Text>To obtain a Class D apprentice pilot permit for District No. 1 or District No. 2, an applicant shall</Text><Paragraph><Label>(a)</Label><Text>successfully complete a language test given by the Authority that demonstrates that the applicant is able to carry out the duties of an apprentice effectively in English and French;</Text></Paragraph><Paragraph><Label>(b)</Label><Text>undergo a medical examination within the 90 days before the day on which the Class D apprentice pilot permit is issued and meet the health qualifications prescribed in the <XRefExternal reference-type="regulation">General Pilotage Regulations;</XRefExternal></Text></Paragraph><Paragraph><Label>(c)</Label><Text>either</Text><Subparagraph><Label>(i)</Label><Text>provide an attestation establishing that the applicant has successfully completed, at a recognized institution in Canada, an approved cadet training program in navigation listed in the document entitled <XRefExternal reference-type="standard">Approved Training Courses</XRefExternal> (TP 10655), published by the Department of Transport, as amended from time to time, or</Text></Subparagraph><Subparagraph><Label>(ii)</Label><Text>have served as a master of a ship that is over 70 m in length or over 2 000 tons gross tonnage for at least 18 months during the 60 months before the day on which the application is made;</Text></Subparagraph></Paragraph><Paragraph><Label>(d)</Label><Text>be the holder of a certificate of competency for Master Mariner or Master, Near Coastal, have served on board a ship that is over 70 m in length or over 2 000 tons gross tonnage and have accumulated on board such a ship the sea service required under section 12 of the <XRefExternal reference-type="regulation">General Pilotage Regulations</XRefExternal>; and</Text></Paragraph><Paragraph><Label>(e)</Label><Text>obtain a mark of at least 70% on a written test given by the Board of Examiners on general knowledge of near coastal navigation, including knowledge of ship handling, navigational instruments, chartwork, meteorology, ice navigation on the St. Lawrence River and calculation of tides.</Text></Paragraph><HistoricalNote>SOR/2002-346, s. 12; SOR/2008-80, s. 7; SOR/2018-78, s. 4.</HistoricalNote></Section><Heading level="1"><TitleText>Required Documents — Apprentices</TitleText></Heading><Section><Label>26.3</Label><Text>An applicant for a Class D apprentice pilot permit shall, when making the application, provide the Authority with true copies of the following:</Text><Paragraph><Label>(a)</Label><Text>documents that establish that the applicant is a Canadian citizen or a permanent resident as described in paragraph 22(2)(b) of the Act;</Text></Paragraph><Paragraph><Label>(b)</Label><Text>the applicant’s birth certificate or other official document showing the date and place of birth of the applicant;</Text></Paragraph><Paragraph><Label>(c)</Label><Text>diplomas and navigational certificates as well as documents that establish that the sea service requirements of these Regulations have been met;</Text></Paragraph><Paragraph><Label>(d)</Label><Text>the medical report required under the <XRefExternal reference-type="regulation">General Pilotage Regulations</XRefExternal>; and</Text></Paragraph><Paragraph><Label>(e)</Label><Text>either</Text><Subparagraph><Label>(i)</Label><Text>a letter of recommendation</Text><Clause><Label>(A)</Label><Text>from the applicant’s most recent employer, or</Text></Clause><Clause><Label>(B)</Label><Text>from each of the applicant’s two most recent employers, if the applicant was employed by the most recent employer for less than two years, or</Text></Clause></Subparagraph><Subparagraph><Label>(ii)</Label><Text>the applicant’s testimonials of sea service prepared in accordance with the requirements of the <XRefExternal reference-type="regulation">Marine Personnel Regulations</XRefExternal> for the two years preceding the date of the application.</Text></Subparagraph></Paragraph><HistoricalNote>SOR/2002-346, s. 12; SOR/2018-78, s. 5.</HistoricalNote></Section><Heading level="1"><TitleText>Qualifications — Applicants Who Hold a Pilotage Certificate</TitleText></Heading><Section><Label>26.4</Label><Subsection><Label>(1)</Label><Text>An applicant for a Class D apprentice pilot permit for District No. 1-1 who holds a pilotage certificate for that district is exempt from the requirements of paragraphs 26.1(a), (b) and (f) and 26.3(a) and (b).</Text></Subsection><Subsection><Label>(2)</Label><Text>An applicant for a Class D apprentice pilot permit for District No. 1 or District No. 2, or any part of those districts, who holds a pilotage certificate for the district or part of the district in respect of which they are an applicant, is exempted from the requirements of paragraphs 26.2(a) to (c) and (e) and 26.3(a) and (b).</Text></Subsection><Subsection><Label>(3)</Label><Text>Despite paragraph 20(3)(<Emphasis style="italic">c</Emphasis>), an applicant for a Class C licence for District No. 1 or District No. 2, or any part of those districts, who holds a pilotage certificate for the district or part of the district in respect of which they are an applicant, shall have served at least 12 months as an apprentice and holder of a Class D apprentice pilot permit in the appropriate District.</Text></Subsection><HistoricalNote>SOR/2008-80, s. 8.</HistoricalNote></Section><Section><Label>27</Label><Text><Repealed>[Repealed, SOR/2008-80, s. 9]</Repealed></Text></Section><Heading level="1"><TitleText>Assessment of Competencies</TitleText><HistoricalNote>[SOR/2008-80, s. 10]</HistoricalNote></Heading><Section><Label>28</Label><Subsection><Label>(1)</Label><Text>For the purpose of determining whether an applicant for a licence or pilotage certificate or the holder of a licence or pilotage certificate meets the requirements of these Regulations and the <XRefExternal reference-type="regulation">General Pilotage Regulations</XRefExternal>, the Authority shall assess each application for a licence or pilotage certificate and the record of each holder and shall provide the Board of Examiners with</Text><Paragraph><Label>(a)</Label><Text>a list of applicants for a first licence or first pilotage certificate who meet the requirements of the <XRefExternal reference-type="regulation">General Pilotage Regulations</XRefExternal> and these Regulations, other than the requirement to pass the examination conducted by the Board of Examiners, accompanied by the documents referred to in subsection 21(1);</Text></Paragraph><Paragraph><Label>(b)</Label><Text>a list of holders of a licence or pilotage certificate who are applying for another licence or pilotage certificate and who meet the requirements of the <XRefExternal reference-type="regulation">General Pilotage Regulations</XRefExternal> and these Regulations, other than the requirement to pass the examination conducted by the Board of Examiners, accompanied by the documents referred to in subsection 21(2); and</Text></Paragraph><Paragraph><Label>(c)</Label><Text>a list of holders in respect of whom the Authority has reason to believe might not meet the requirements of paragraph 25(1)(c) or (d).</Text></Paragraph></Subsection><Subsection><Label>(2)</Label><Text>Subject to subsection (7), the Board of Examiners shall</Text><Paragraph><Label>(a)</Label><Text>conduct the examination referred to in subsection (2.1) or (3), as the case may be, of the applicants referred to in paragraph (1)(a);</Text></Paragraph><Paragraph><Label>(b)</Label><Text>conduct an examination of the holders referred to in paragraph (1)(b) on their local knowledge of the district or part of the district where they are to pilot; and</Text></Paragraph><Paragraph><Label>(c)</Label><Text>conduct an examination of the holders referred to in paragraph (1)(c) on the requirements of paragraphs 25(1)(c) or (d).</Text></Paragraph></Subsection><Subsection><Label>(2.1)</Label><Text>The examination of applicants that must be conducted for a first licence shall consist of a written and an oral test on ship handling and on local knowledge of the district or part of the district where the applicant is to pilot.</Text></Subsection><Subsection><Label>(3)</Label><Text>The examination of applicants that must be conducted for a first pilotage certificate shall consist of</Text><Paragraph><Label>(a)</Label><Text>a first written test on general knowledge of near coastal navigation, including knowledge of ship handling, navigational instruments, chartwork, meteorology, ice navigation on the St. Lawrence River and calculation of tides;</Text></Paragraph><Paragraph><Label>(b)</Label><Text>subject to subsection (4), a second written test and an oral test on ship handling and on local knowledge of the district or part of the district where the applicant is to pilot; and</Text></Paragraph><Paragraph><Label>(c)</Label><Text>a language test to demonstrate that the applicant is able to carry out the duties of a pilotage certificate holder effectively in English and French.</Text></Paragraph></Subsection><Subsection><Label>(4)</Label><Text>An applicant must successfully complete the written tests before taking the oral test.</Text></Subsection><Subsection><Label>(5)</Label><Text>To pass the examination, an applicant must</Text><Paragraph><Label>(a)</Label><Text>obtain a mark of at least 70% on any written test; and</Text></Paragraph><Paragraph><Label>(b)</Label><Text>obtain a mark of at least 70% on the oral test, by showing a knowledge of ship handling and local knowledge of the district or part of the district where the applicant is to pilot that will enable them to effectively and safely carry out the duties of a licensed pilot or pilotage certificate holder.</Text></Paragraph></Subsection><Subsection><Label>(5.1)</Label><Text>An applicant who obtains a mark of less than 70% on the oral test shall repeat the written and oral test on ship handling and on local knowledge of the district or part of the district where the applicant is to pilot.</Text></Subsection><Subsection><Label>(6)</Label><Text>Despite subsection (4), an applicant who applies for a first pilotage certificate for District No. 2 is not required to take the written tests set out in paragraphs (3)(a) and (b) if</Text><Paragraph><Label>(a)</Label><Text>the applicant has attended the pilotage training program established by the Authority and given by the Institut maritime du Québec, described in the document entitled <XRefExternal reference-type="other">Pilotage Certificate Training for the Laurentian Region (District II Quebec City – Les Escoumins)</XRefExternal>, TP 13458E, published in November 1999 by the Department of Transport; and</Text></Paragraph><Paragraph><Label>(b)</Label><Text>the applicant has successfully completed the tests prepared under the direction of an officer of the Authority in accordance with the document entitled <XRefExternal reference-type="other">Pilotage Certificate Training for the Laurentian Region (District II Quebec City – Les Escoumins)</XRefExternal>, TP 13458E, published in November 1999 by the Department of Transport.</Text></Paragraph></Subsection><Subsection><Label>(7)</Label><Text>An applicant shall</Text><Paragraph><Label>(a)</Label><Text>in the case of an applicant who takes the tests referred to in subsection (3) in two stages, successfully complete all the tests during the 30 months following the day on which the first written test was successfully completed;</Text></Paragraph><Paragraph><Label>(b)</Label><Text>in the case of an applicant who takes the tests referred to in subsection (2.1)  who attends the training referred to in paragraph (6)(a) and successfully completes the tests referred to in paragraph (6)(b), have 36 months from the day on which a Class D apprentice pilot permit is issued to satisfy all of the requirements for the issuance of a licence.</Text></Paragraph><Paragraph><Label>(c)</Label><Text>in the case of an applicant who takes the tests referred to in subsection (2.1) in order to obtain a first licence for District No. 1 or District No. 2, have 36 months from the day on which a Class D apprentice pilot permit is issued to satisfy all of the requirements for the issuance of a licence; or</Text></Paragraph><Paragraph><Label>(d)</Label><Text>in the case of an applicant who attends the pilotage training program referred to in paragraph (6)(a), have 30 months following the day on which the first test taken under paragraph (6)(b) was successfully completed to complete the training program and to successfully complete the remaining tests.</Text></Paragraph></Subsection><HistoricalNote>SOR/81-737, s. 1; SOR/89-567, s. 5; SOR/94-727, s. 2; SOR/2002-346, s. 12; SOR/2008-80, s. 11; SOR/2018-78, s. 6.</HistoricalNote></Section><Section><Label>29</Label><Subsection><Label>(1)</Label><Text>An applicant who fails one of the tests referred to in paragraphs 26.1(f) and 26.2(e) three times is no longer eligible to take those tests.</Text></Subsection><Subsection><Label>(2)</Label><Text>An applicant who fails one or more of the tests referred to in subsection 28(2.1) three times is no longer eligible to take those tests.</Text></Subsection><Subsection><Label>(3)</Label><Text>An applicant who fails the test referred to in paragraph 28(3)(a) three times is no longer eligible to take that test.</Text></Subsection><Subsection><Label>(4)</Label><Text>An applicant who fails one or more of the tests referred to in paragraph 28(3)(b) three times is no longer eligible to take those tests.</Text></Subsection><Subsection><Label>(5)</Label><Text>An applicant who has attended the pilotage training program referred to in paragraph 28(6)(a) and who fails one or more of the tests referred to in paragraph 28(6)(b) that assess mandatory skills for basic certification four times or who fails one or more of the tests referred to in paragraph 28(6)(b) that assess optional skills that can be added to a certificate twice is no longer eligible to take a test under the pilotage training program.</Text></Subsection><HistoricalNote>SOR/2002-346, s. 12; SOR/2008-80, s. 12; SOR/2018-78, s. 7.</HistoricalNote></Section><Heading level="1"><TitleText>Board of Examiners</TitleText></Heading><Section><Label>30</Label><Subsection><Label>(1)</Label><Text>The Board of Examiners that conducts the examinations for licences shall be appointed by the Authority and shall consist of the following persons:</Text><Paragraph><Label>(a)</Label><Text>two holders of a certificate of competency for Master Mariner or Master, Near Coastal, one of whom is an officer of the Authority and one of whom is an <DefinitionRef>examiner</DefinitionRef>, as defined in subsection 1(1) of the <XRefExternal reference-type="regulation">Marine Personnel Regulations</XRefExternal>; and</Text></Paragraph><Paragraph><Label>(b)</Label><Text>three licensed pilots, each of whom is</Text><Subparagraph><Label>(i)</Label><Text>knowledgeable about the district or part of the district where the applicant or holder is to pilot, except in the case of the written tests set out in paragraphs 26.1(f) and 26.2(e), and</Text></Subparagraph><Subparagraph><Label>(ii)</Label><Text>nominated by the corporation of pilots of which they are a member.</Text></Subparagraph></Paragraph></Subsection><Subsection><Label>(2)</Label><Text>The Board of Examiners that conducts the examinations for pilotage certificates shall be appointed by the Authority and shall consist of the following persons:</Text><Paragraph><Label>(a)</Label><Text>three holders of a certificate of competency for Master Mariner or Master, Near Coastal,</Text><Subparagraph><Label>(i)</Label><Text>one of whom is an <DefinitionRef>examiner</DefinitionRef>, as defined in subsection 1(1) of the <XRefExternal reference-type="regulation">Marine Personnel Regulations</XRefExternal>,</Text></Subparagraph><Subparagraph><Label>(ii)</Label><Text>one of whom is an officer of the Authority, and</Text></Subparagraph><Subparagraph><Label>(iii)</Label><Text>one of whom is the holder of a pilotage certificate for the district or part of the district where the applicant or holder is to pilot or, if no holder of a pilotage certificate is available, a person who has the skills, knowledge and experience to navigate ships in the district effectively and safely; and</Text></Subparagraph></Paragraph><Paragraph><Label>(b)</Label><Text>two licensed pilots, each of whom is</Text><Subparagraph><Label>(i)</Label><Text>knowledgeable about the district or part of the district where the applicant or holder is to pilot, and</Text></Subparagraph><Subparagraph><Label>(ii)</Label><Text>nominated by the corporation of pilots of which they are a member.</Text></Subparagraph></Paragraph></Subsection><Subsection><Label>(3)</Label><Text>The officer of the Authority appointed in accordance with paragraph (1)(a) or (2)(a), as the case may be, shall act as chairperson of the Board of Examiners.</Text></Subsection><Subsection><Label>(4)</Label><Text>The Authority shall appoint a person who is knowledgeable about each pilotage district where the applicant or holder is to pilot to observe the conduct of any examination by the Board of Examiners and the person shall, following the examination, file with the Chairman of the Authority a written report on the conduct of the examination.</Text></Subsection><HistoricalNote>SOR/2002-346, s. 12; SOR/2008-80, s. 13; SOR/2018-78, s. 8.</HistoricalNote></Section><Section><Label>31</Label><Subsection><Label>(1)</Label><Text>The Chairman of the Board of Examiners shall report to the Authority the results of all examinations, including</Text><Paragraph><Label>(a)</Label><Text>the name of each person who passed the examination; and</Text></Paragraph><Paragraph><Label>(b)</Label><Text>the class of licence or pilotage certificate to which each person who passed the examination is entitled.</Text></Paragraph></Subsection><Subsection><Label>(2)</Label><Text><Repealed>[Repealed, SOR/2002-346, s. 13]</Repealed></Text></Subsection><HistoricalNote>SOR/2002-346, s. 13.</HistoricalNote></Section><Section><Label>32</Label><Text>The Board of Examiners may conduct examinations for any class of licence or pilotage certificate at any time if the Authority considers it appropriate to meet their needs.</Text><HistoricalNote>SOR/92-680, s. 6; SOR/2002-346, s. 14; SOR/2008-80, s. 14.</HistoricalNote></Section><Section><Label>33</Label><Text><Repealed>[Repealed, SOR/2002-346, s. 14]</Repealed></Text></Section><Heading level="1"><TitleText>Number of Licences</TitleText></Heading><Section><Label>34</Label><Subsection><Label>(1)</Label><Text>The number of licences that may be issued for District No. 1 is limited to 125.</Text></Subsection><Subsection><Label>(2)</Label><Text>The number of licences that may be issued for District No. 1-1 is limited to 12.</Text></Subsection><Subsection><Label>(3)</Label><Text>The number of licences that may be issued for District No. 2 is limited to 85.</Text></Subsection><HistoricalNote>SOR/78-880, s. 1; SOR/80-194, s. 1; SOR/81-404, s. 1; SOR/82-920, s. 1; SOR/90-248, s. 1.</HistoricalNote></Section><Heading level="1"><TitleText>Minimum Number of Licensed Pilots or Holders of Pilotage Certificates</TitleText></Heading><Section><Label>35</Label><Subsection><Label>(1)</Label><Text>The minimum number of licensed pilots or holders of pilotage certificates that shall be on board a ship at any time is one, except that a minimum of two licensed pilots or holders of pilotage certificates shall be on board</Text><Paragraph><Label>(a)</Label><Text>where the ship is to be piloted in that part of District No. 1 between Montreal and Trois-Rivières or between Trois-Rivières and Quebec and is likely to be under way for more than 11 consecutive hours in that part of that district;</Text></Paragraph><Paragraph><Label>(b)</Label><Text>where the ship is to be piloted in District No. 2 and is likely to be under way for more than 11 consecutive hours in that district;</Text></Paragraph><Paragraph><Label>(c)</Label><Text>where a ship in excess of 63,999 tons deadweight is to be piloted in District No. 1;</Text></Paragraph><Paragraph><Label>(d)</Label><Text>where a ship in excess of 74,999 tons deadweight is to be piloted in District No. 2; or</Text></Paragraph><Paragraph><Label>(e)</Label><Text>where the ship is to be piloted in District No. 1 or District No. 2 and is</Text><Subparagraph><Label>(i)</Label><Text>a tanker of 40,000 tonnes deadweight or more, or</Text></Subparagraph><Subparagraph><Label>(ii)</Label><Text>a passenger ship of more than 100 m in length;</Text></Subparagraph></Paragraph><Paragraph><Label>(f)</Label><Text>in District No. 1 and in District No. 2 during the winter navigation period;</Text></Paragraph><Paragraph><Label>(g)</Label><Text>where, owing to the conditions or nature of the voyage, more than one person is required to perform pilotage duties on the ship; or</Text></Paragraph><Paragraph><Label>(h)</Label><Text>where the ship is a tug used in towing or pushing one or more barges or scows if any of the barges or scows or the tug is subject to compulsory pilotage.</Text></Paragraph></Subsection><Subsection><Label>(1.1)</Label><Text>Despite paragraph (1)(h), one licensed pilot or holder of a pilotage certificate may be assigned to a tug if</Text><Paragraph><Label>(a)</Label><Text>the tug is permanently coupled for the duration of the trip at the stern of the barge or scow being pushed in tandem or as a composite unit or with other barges or scows; and</Text></Paragraph><Paragraph><Label>(b)</Label><Text>the barge or scow does not carry dangerous goods as defined in section 2 of the <XRefExternal reference-type="act">Transportation of Dangerous Goods Act, 1992</XRefExternal> and meets the requirements of Part I of the <XRefExternal reference-type="regulation">Oil Pollution Prevention Regulations</XRefExternal> that relate to construction.</Text></Paragraph></Subsection><Subsection><Label>(2)</Label><Text>For the purposes of paragraph (1)(f), the Authority shall determine the winter navigation period in each pilotage district, in the interests of the safety of navigation, in consultation with the Canadian Coast Guard, pilots who are members of a body corporate as described in subsection 15(2) of the Act, and interested groups of shipowners, on the basis of</Text><Paragraph><Label>(a)</Label><Text>the status of navigational aids;</Text></Paragraph><Paragraph><Label>(b)</Label><Text>weather;</Text></Paragraph><Paragraph><Label>(c)</Label><Text>ice formation and ice conditions; and</Text></Paragraph><Paragraph><Label>(d)</Label><Text>any other pertinent factors.</Text></Paragraph></Subsection><Subsection><Label>(3)</Label><Text>The Authority shall, as soon as practicable after determining the winter navigation period in accordance with subsection (2), inform all affected parties of the determination.</Text></Subsection><HistoricalNote>SOR/78-880, s. 2; SOR/80-73, s. 1; SOR/89-224, s. 1; SOR/90-81, s. 1; SOR/93-447, s. 1; SOR/2002-346, s. 15.</HistoricalNote></Section><Heading level="1"><TitleText>Further Training</TitleText></Heading><Section><Label>36</Label><Subsection><Label>(1)</Label><Text><Repealed>[Repealed, SOR/2002-346, s. 16]</Repealed></Text></Subsection><Subsection><Label>(2)</Label><Text>Where a licence or pilotage certificate is suspended by the Authority pursuant to paragraph 27(4)(b) of the Act, the holder of the licence or certificate shall take such further training as will enable the holder to meet the qualifications prescribed in paragraphs 25(1)(c) to (f) of these Regulations.</Text></Subsection><HistoricalNote>SOR/92-680, s. 7; SOR/2002-346, s. 16.</HistoricalNote></Section><Section><Label>37</Label><Text>Where a person who holds a licence or pilotage certificate is unable to meet the qualifications prescribed by subsection 25(2), he shall be required to take further training to ensure that his knowledge of the district or part thereof in respect of which his licence or pilotage certificate is in force, is adequate.</Text></Section><Heading level="1"><TitleText>Shipping Casualty</TitleText></Heading><Section><Label>38</Label><Subsection><Label>(1)</Label><Text>Every holder of a licence or pilotage certificate who is performing pilotage duties on a ship in a compulsory pilotage area at the time the ship is involved in a reportable marine incident or reportable marine accident, as defined in subsection 2(1) of the <XRefExternal reference-type="regulation">Transportation Safety Board Regulations</XRefExternal>, shall immediately, by the fastest means available, report to the Authority full details of the incident or accident, including information relating to any pollution or threat of pollution, if the ship</Text><Paragraph><Label>(a)</Label><Text>causes the loss of or damage to any other vessel or to any real property located in or adjacent to the waters in the area; or</Text></Paragraph><Paragraph><Label>(b)</Label><Text>is in any manner implicated in a reportable marine incident or reportable marine accident that may cause damage to or pollution of the surrounding environment.</Text></Paragraph></Subsection><Subsection><Label>(2)</Label><Text>Where the report referred to in subsection (1) is not made in writing, the holder of the licence or pilotage certificate shall, within 72 hours after the time of that report, make a written report of the same matters to the Authority and to the Regional Director, Marine Services.</Text></Subsection><HistoricalNote>SOR/2002-346, s. 17.</HistoricalNote></Section><Heading level="1"><TitleText>General</TitleText></Heading><Section><Label>39</Label><Text>A pilotage certificate issued by the Authority permits the holder thereof to perform pilotage duties only on board the ship of which he is a regular member of the complement.</Text></Section><Section><Label>40</Label><Text>No holder of a pilotage certificate shall pilot a ship in more than one district or part of a district during a one-way trip, unless the holder has rested at least 10 hours between pilotage assignments.</Text><HistoricalNote>SOR/2002-346, s. 18.</HistoricalNote></Section><Heading level="1"><TitleText>Fees</TitleText></Heading><Section><Label>41</Label><Text>The fees for licences, pilotage certificates and apprentice pilot permits and for any examinations and tests of applicants for licences, pilotage certificates or apprentice pilot permits are set out in Schedule III.</Text><HistoricalNote>SOR/2002-346, s. 18; SOR/2009-168, s. 1.</HistoricalNote></Section></Body><Schedule spanlanguages="no" bilingual="no"><ScheduleFormHeading><Label>SCHEDULE I</Label><OriginatingRef>(s. 2)</OriginatingRef><TitleText>Compulsory Pilotage Area</TitleText></ScheduleFormHeading><Provision format-ref="indent-0-0" language-align="no" list-item="no"><Text>The compulsory pilotage area consists of the following waters:</Text><Provision format-ref="indent-1-1" language-align="no" list-item="no"><Label>(a)</Label><Text>all the navigable waters of the St. Lawrence River between the northern entrance to St. Lambert Lock and a line bearing 121° (True) and drawn across the said River at Latitude 48°20′48″N., Longitude 69°23′24″W.;</Text></Provision><Provision format-ref="indent-1-1" language-align="no" list-item="no"><Label>(b)</Label><Text>all the navigable waters lying within the limits of any harbour situated within the area referred to in paragraph (a) notwithstanding that the limits of any such harbour may extend into waters not considered part of the St. Lawrence River; and</Text></Provision><Provision format-ref="indent-1-1" language-align="no" list-item="no"><Label>(c)</Label><Text>all the navigable waters of the Saguenay River to the western limits of</Text><Provision format-ref="indent-2-2" language-align="no" list-item="no"><Label>(i)</Label><Text>Baie des Ha! Ha!, and</Text></Provision><Provision format-ref="indent-2-2" language-align="no" list-item="no"><Label>(ii)</Label><Text>the Harbour of Chicoutimi.</Text></Provision></Provision></Provision></Schedule><Schedule spanlanguages="no" bilingual="no"><ScheduleFormHeading><Label>SCHEDULE II</Label><OriginatingRef>(s. 2)</OriginatingRef><TitleText>Districts</TitleText></ScheduleFormHeading><RegulationPiece><Section><Label>1</Label><Text><Emphasis style="italic">District No. 1</Emphasis> — All waters between the northern entrance to St. Lambert Lock and a line drawn across the St. Lawrence River at Longitude 71°08′W.</Text></Section><Section><Label>2</Label><Text><Emphasis style="italic">District No. 1-1</Emphasis> — All waters between the northern entrance to St. Lambert Lock and a line running east and west across the St. Lawrence River at the northernmost tip of île Ste-Thérèse.</Text></Section><Section><Label>3</Label><Text><Emphasis style="italic">District No. 2</Emphasis> — All waters between a line drawn across the St. Lawrence River at Longitude 71°20′W. and a line bearing 121° (True) and drawn across the St. Lawrence River at Latitude 48°20′48″N., Longitude 69°23′24″W., including the Saguenay River.</Text></Section><Section><Label>4</Label><Text><Emphasis style="italic">District No. 3</Emphasis> — All waters of the region of the Authority not included within the limits of District No. 1, District No. 1-1 and District No. 2.</Text></Section></RegulationPiece></Schedule><Schedule><ScheduleFormHeading><Label>SCHEDULE III</Label><OriginatingRef>(Section 41)</OriginatingRef></ScheduleFormHeading><TableGroup pointsize="7" topmarginspacing="4"><Caption position="over" pointsize="8">FEES FOR EXAMINATIONS AND TESTS AND FOR THE ISSUANCE OF LICENCES, PILOTAGE CERTIFICATES AND APPRENTICE PILOT PERMITS</Caption><table frame="topbot"><tgroup cols="3"><colspec colname="1" colwidth="53.65*" /><colspec colname="2" colwidth="325.45*" /><colspec colname="3" colwidth="88.9*" /><thead><row valign="bottom" topdouble="yes" topmarginspacing="4"><entry morerows="1" colsep="0" rowsep="1" valign="bottom">Item</entry><entry colsep="0" rowsep="0">Column 1</entry><entry colsep="0" rowsep="0">Column 2</entry></row><row valign="bottom" topmarginspacing="6"><entry colsep="0" rowsep="1" valign="bottom">Licence, Certificate, Examination or Test</entry><entry colsep="0" rowsep="1" valign="bottom">Fee ($)</entry></row></thead><tbody><row><entry colname="1" colsep="0" rowsep="0" valign="top">1</entry><entry colname="2" colsep="0" rowsep="0" valign="top">For review by the Authority of the documents referred to in section 21 or 26.3 for the issuance of a pilotage certificate or a Class D apprentice pilot permit</entry><entry colname="3" colsep="0" rowsep="0" valign="bottom">111</entry></row><row><entry colsep="0" rowsep="0">2</entry><entry colsep="0" rowsep="0">For a language test given under paragraph 26.1(a), 26.2(a) or 28(3)(c)</entry><entry colsep="0" rowsep="0" valign="bottom">111</entry></row><row><entry colname="1" colsep="0" rowsep="0" valign="top">3</entry><entry colname="2" colsep="0" rowsep="0" valign="top">For issuing a Class D apprentice pilot permit</entry><entry colname="3" colsep="0" rowsep="0" valign="bottom">392</entry></row><row><entry colname="1" colsep="0" rowsep="0" valign="top">4</entry><entry colname="2" colsep="0" rowsep="0" valign="top">For each written test for the issuance of a licence, pilotage certificate or Class D apprentice pilot permit</entry><entry colname="3" colsep="0" rowsep="0" valign="bottom">522</entry></row><row><entry colname="1" colsep="0" rowsep="0" valign="top">5</entry><entry colname="2" colsep="0" rowsep="0" valign="top">For each oral test for the issuance of a licence or pilotage certificate</entry><entry colname="3" colsep="0" rowsep="0" valign="bottom">522</entry></row><row><entry colname="1" colsep="0" rowsep="0" valign="top">6</entry><entry colname="2" colsep="0" rowsep="0" valign="top">For issuing a licence or pilotage certificate to an applicant who has passed the examination to obtain the licence or pilotage certificate</entry><entry colname="3" colsep="0" rowsep="0" valign="bottom">522</entry></row><row><entry colname="1" colsep="0" rowsep="0" valign="top">7</entry><entry colname="2" colsep="0" rowsep="0" valign="top">For issuing a pilotage certificate of a different class from that held by the holder</entry><entry colname="3" colsep="0" rowsep="0" valign="bottom">392</entry></row><row><entry colname="1" colsep="0" rowsep="0" valign="top">8</entry><entry colname="2" colsep="0" rowsep="0" valign="top">For issuing a Class B licence</entry><entry colname="3" colsep="0" rowsep="0" valign="bottom">392</entry></row><row><entry colname="1" colsep="0" rowsep="0" valign="top">9</entry><entry colname="2" colsep="0" rowsep="0" valign="top">For issuing a Class A licence</entry><entry colname="3" colsep="0" rowsep="0" valign="bottom">392</entry></row><row><entry colname="1" colsep="0" rowsep="0" valign="top">10</entry><entry colname="2" colsep="0" rowsep="0" valign="top">For issuing a licence, pilotage certificate or Class D apprentice pilot permit to replace one that has been lost</entry><entry colname="3" colsep="0" rowsep="0" valign="bottom">132</entry></row></tbody></tgroup></table></TableGroup><HistoricalNote>SOR/92-680, s. 8; SOR/2002-346, s. 19; SOR/2009-168, ss. 2 to 4.</HistoricalNote></Schedule></Regulation>