﻿<?xml version="1.0" encoding="utf-8"?><!DOCTYPE Regulation PUBLIC "-//Justice Canada//DTD Regulation v1.2.2//EN" "Dtd/Regulations/Version_1.2.2/regulation.dtd"><Regulation gazette-part="II" regulation-type="SOR" xml:lang="en"><Identification><InstrumentNumber>C.R.C., c. 106</InstrumentNumber><ConsolidationDate><Date><YYYY>2018</YYYY><MM>07</MM><DD>06</DD></Date></ConsolidationDate><LastModifiedDate><Date><YYYY>2012</YYYY><MM>2</MM><DD>27</DD></Date></LastModifiedDate><EnablingAuthority><XRefExternal reference-type="act">AERONAUTICS ACT</XRefExternal></EnablingAuthority><ShortTitle>Resolute Bay Airport Zoning Regulations</ShortTitle><LongTitle>Regulations Respecting Zoning at Resolute Bay Airport</LongTitle></Identification><Body><Heading level="1"><TitleText>Short Title</TitleText></Heading><Section><Label>1</Label><Text>These Regulations may be cited as the <XRefExternal reference-type="regulation">Resolute Bay Airport Zoning Regulations</XRefExternal>.</Text></Section><Heading level="1"><TitleText>Interpretation</TitleText></Heading><Section><Label>2</Label><Text>In these Regulations,</Text><Definition generate-in-text="no"><Text><DefinedTermEn>airport</DefinedTermEn> means Resolute Bay Airport at Resolute, in the Northwest Territories; (<DefinedTermFr>aéroport</DefinedTermFr>)</Text></Definition><Definition generate-in-text="no"><Text><DefinedTermEn>airport reference point</DefinedTermEn> means the point determined in the manner set out in Part I of the schedule; (<DefinedTermFr>point de repère de l’aéroport</DefinedTermFr>)</Text></Definition><Definition generate-in-text="no"><Text><DefinedTermEn>approach surface</DefinedTermEn> means an imaginary inclined plane extending upward and outward from each end of a strip along and at right angles to the projected centre line thereof, which approach surface is more particularly described in Part III of the schedule; (<DefinedTermFr>surface d’approche</DefinedTermFr>)</Text></Definition><Definition generate-in-text="no"><Text><DefinedTermEn>Minister</DefinedTermEn> means the Minister of Transport; (<DefinedTermFr>ministre</DefinedTermFr>)</Text></Definition><Definition generate-in-text="no"><Text><DefinedTermEn>outer surface</DefinedTermEn> means an imaginary surface located above and in the immediate vicinity of the airport, which outer surface is more particularly described in Part IV of the schedule; (<DefinedTermFr>surface extérieure</DefinedTermFr>)</Text></Definition><Definition generate-in-text="no"><Text><DefinedTermEn>strip</DefinedTermEn> means the rectangular portion of the landing area of the airport, including the runway prepared for the take-off and landing of aircraft in a particular direction, which strip is more particularly described in Part V of the schedule; (<DefinedTermFr>bande</DefinedTermFr>)</Text></Definition><Definition generate-in-text="no"><Text><DefinedTermEn>transitional surface</DefinedTermEn> means an imaginary inclined plane extending upward and outward from the lateral limits of a strip and its approach surfaces, which transitional surface is more particularly described in Part VI of the schedule. (<DefinedTermFr>surface de transition</DefinedTermFr>)</Text></Definition></Section><Section><Label>3</Label><Text>For the purposes of these Regulations, the airport reference point is deemed to be 200 feet above sea level.</Text></Section><Heading level="1"><TitleText>Application</TitleText></Heading><Section><Label>4</Label><Text>These Regulations apply to all the lands and lands under water adjacent to or in the vicinity of the airport, the outer limits of which lands are described in Part II of the schedule, other than such lands as from time to time form part of the airport.</Text></Section><Heading level="1"><TitleText>General</TitleText></Heading><Section><Label>5</Label><Text>No person shall erect or construct, on any land to which these Regulations apply, any building, structure or object or any addition to any existing building, structure or object, the highest point of which will exceed in elevation, at the location of that point, any of the surfaces hereinafter set out that project immediately over and above the surface of the land at that location, namely,</Text><Paragraph><Label>(a)</Label><Text>the approach surfaces;</Text></Paragraph><Paragraph><Label>(b)</Label><Text>the outer surface; or</Text></Paragraph><Paragraph><Label>(c)</Label><Text>the transitional surfaces.</Text></Paragraph></Section><Heading level="1"><TitleText>Natural Growth</TitleText></Heading><Section><Label>6</Label><Text>Where an object of natural growth on any land to which these Regulations apply exceeds in elevation any of the surfaces referred to in section 5, the Minister may make a direction that the owner or occupier of the land on which that object is growing remove the excessive growth.</Text><HistoricalNote>SOR/81-176, s. 1.</HistoricalNote></Section><Section><Label>7</Label><Text><Repealed>[Revoked, SOR/81-176, s. 1]</Repealed></Text></Section></Body><Schedule bilingual="no" spanlanguages="no"><ScheduleFormHeading><Label>SCHEDULE</Label><OriginatingRef>(Sections 2 and 4)</OriginatingRef></ScheduleFormHeading><Heading level="1"><Label>PART I</Label><TitleText>Airport Reference Point</TitleText></Heading><Provision format-ref="indent-0-0" language-align="yes" list-item="no"><Text>COMMENCING at the intersection of the runways designated 10-28 and 16-34, THENCE northerly along the centre line of runway designated 16-34 for a distance of four thousand (4,000) feet, THENCE westerly and perpendicular to the centre line of runway 16-34 a distance of five hundred (500) feet to the airport reference point.</Text></Provision><Heading level="1"><Label>PART II</Label><TitleText>Description of Outer Limits of Lands</TitleText></Heading><Provision format-ref="indent-0-0" language-align="yes" list-item="no"><Text>A circular area having a radius of thirteen thousand (13,000) feet, the centre of which is the airport reference point.</Text></Provision><Heading level="1"><Label>PART III</Label><TitleText>Description of Each Approach Surface</TitleText></Heading><Provision format-ref="indent-0-0" language-align="yes" list-item="no"><Text>Being a surface abutting each end of the strips associated with the runways designated 10-28 and 16-34, and more particularly described as follows:</Text><Provision format-ref="indent-1-1" language-align="no" list-item="no"><Label>(a)</Label><Text>a surface abutting the end of the strip associated with runway approach 10 consisting of an inclined plane having a ratio of one (1) foot measured vertically to fifty (50) feet measured horizontally rising to an imaginary horizontal line drawn at right angles to the projected centre line of the strip one thousand (1,000) feet measured vertically above the elevation at the end of the strip and fifty thousand (50,000) feet measured horizontally from the end of the strip, the outer ends of the imaginary horizontal line being eight thousand (8,000) feet from the projected centre line,</Text></Provision><Provision format-ref="indent-1-1" language-align="no" list-item="no"><Label>(b)</Label><Text>a surface abutting the end of the strip associated with runway approach 28 consisting of an inclined plane having a ratio of one (1) foot measured vertically to fifty (50) feet measured horizontally rising to an imaginary horizontal line drawn at right angles to the projected centre line of the strip one thousand (1,000) feet measured vertically above the elevation at the end of the strip and fifty thousand (50,000) feet measured horizontally from the end of the strip, the outer ends of the imaginary horizontal line being eight thousand (8,000) feet from the projected centre line,</Text></Provision><Provision format-ref="indent-1-1" language-align="no" list-item="no"><Label>(c)</Label><Text>a surface abutting the end of the strip associated with runway approach 16 consisting of an inclined plane having a ratio of one (1) foot measured vertically to fifty (50) feet measured horizontally rising to an imaginary horizontal line drawn at right angles to the projected centre line of the strip one thousand (1,000) feet measured vertically above the elevation at the end of the strip and fifty thousand (50,000) feet measured horizontally from the end of the strip, the outer ends of the imaginary horizontal line being eight thousand (8,000) feet from the projected centre line, and</Text></Provision><Provision format-ref="indent-1-1" language-align="no" list-item="no"><Label>(d)</Label><Text>a surface abutting the end of the strip associated with runway approach 34 consisting of an inclined plane having a ratio of one (1) foot measured vertically to fifty (50) feet measured horizontally rising to an imaginary horizontal line drawn at right angles to the projected centre line of the strip one thousand (1,000) feet measured vertically above the elevation at the end of the strip and fifty thousand (50,000) feet measured horizontally from the end of the strip, the outer ends of the imaginary horizontal line being eight thousand (8,000) feet from the projected centre line,</Text></Provision><Provision format-ref="indent-0-0" language-align="no" list-item="no"><Text>which approach surfaces are shown on Department of Public Works Plan No. E. 1247, dated September 1, 1976.</Text></Provision></Provision><Heading level="1"><Label>PART IV</Label><TitleText>Description of the Outer Surface</TitleText></Heading><Provision format-ref="indent-0-0" language-align="yes" list-item="no"><Text>Being an imaginary surface consisting of</Text><Provision format-ref="indent-1-1" language-align="no" list-item="no"><Label>(a)</Label><Text>a common plane established at a constant elevation of one hundred and fifty (150) feet above the assigned elevation of the airport reference point, and</Text></Provision><Provision format-ref="indent-1-1" language-align="no" list-item="no"><Label>(b)</Label><Text>where the common plane described in paragraph (a) is less than thirty (30) feet above the surface of the ground, an imaginary surface located thirty (30) feet above the surface of the ground,</Text></Provision><Provision format-ref="indent-0-0" language-align="no" list-item="no"><Text>which outer surface is shown on Department of Public Works Plan No. E. 1247, dated September 1, 1976.</Text></Provision></Provision><Heading level="1"><Label>PART V</Label><TitleText>Description of Each Strip</TitleText></Heading><Provision format-ref="indent-0-0" language-align="yes" list-item="no"><Text>Each strip is described as follows:</Text><Provision format-ref="indent-1-1" language-align="no" list-item="no"><Label>(a)</Label><Text>the strip associated with runway designated 10-28 is eight thousand four hundred (8,400) feet in length and one thousand (1,000) feet in width, five hundred (500) feet being on each side of the centre line of the runway, and</Text></Provision><Provision format-ref="indent-1-1" language-align="no" list-item="no"><Label>(b)</Label><Text>the strip associated with runway designated 16-34 is eleven thousand four hundred (11,400) feet in length and one thousand (1,000) feet in width, five hundred (500) feet being on each side of the centre line of the runway,</Text></Provision><Provision format-ref="indent-0-0" language-align="no" list-item="no"><Text>which strips are shown on Department of Public Works Plan No. E. 1247, dated September 1, 1976.</Text></Provision></Provision><Heading level="1"><Label>PART VI</Label><TitleText>Description of Transitional Surface</TitleText></Heading><Provision format-ref="indent-0-0" language-align="yes" list-item="no"><Text>Being a surface consisting of an inclined plane having a ratio of one (1) foot measured vertically to seven (7) feet measured horizontally at right angles to the centre line and centre line produced of each strip and extending upward and outward from the lateral limits of each strip and its approach surfaces to an intersection with the outer surface, an approach surface or another transitional surface of an adjoining strip, all as shown on Department of Public Works Plan No. E. 1247, dated September 1, 1976.</Text></Provision></Schedule></Regulation>