﻿<?xml version="1.0" encoding="utf-8"?><!DOCTYPE Regulation PUBLIC "-//Justice Canada//DTD Regulation v1.2.2//EN" "Dtd/Regulations/Version_1.2.2/regulation.dtd"><Regulation regulation-type="SOR" xml:lang="en"><Identification><InstrumentNumber>C.R.C., c. 961</InstrumentNumber><ConsolidationDate><Date><YYYY>2018</YYYY><MM>07</MM><DD>06</DD></Date></ConsolidationDate><LastModifiedDate><Date><YYYY>2005</YYYY><MM>7</MM><DD>15</DD></Date></LastModifiedDate><EnablingAuthority><XRefExternal reference-type="act">INDIAN ACT</XRefExternal></EnablingAuthority><ShortTitle>Indian Timber Regulations</ShortTitle><LongTitle>Regulations in Respect of the Cutting of Timber on Indian Reserves and Surrendered Lands</LongTitle></Identification><Body><Heading level="1"><TitleText>Short Title</TitleText></Heading><Section><Label>1</Label><Text>These Regulations may be cited as the <XRefExternal reference-type="regulation">Indian Timber Regulations</XRefExternal>.</Text><HistoricalNote>SOR/94-690, s. 3(F).</HistoricalNote></Section><Heading level="1"><TitleText>Interpretation</TitleText></Heading><Section><Label>2</Label><Text>In these Regulations,</Text><Definition generate-in-text="no"><Text><DefinedTermEn>Act</DefinedTermEn> means the <XRefExternal reference-type="act">Indian Act</XRefExternal>; (<DefinedTermFr>Loi</DefinedTermFr>)</Text></Definition><Definition generate-in-text="no"><Text><DefinedTermEn>Assistant Deputy Minister</DefinedTermEn><Repealed>[Revoked, SOR/93-244, s. 2]</Repealed></Text></Definition><Definition generate-in-text="no"><Text><DefinedTermEn>Department</DefinedTermEn> means the Department of Indian Affairs and Northern Development; (<DefinedTermFr>ministère</DefinedTermFr>)</Text></Definition><Definition generate-in-text="no"><Text><DefinedTermEn>dues</DefinedTermEn> means any stumpage or royalty charged for the right or privilege of the cutting and removal of timber; (<DefinedTermFr>droit</DefinedTermFr>)</Text></Definition><Definition generate-in-text="no"><Text><DefinedTermEn>licence</DefinedTermEn> means any written authority or contract granted by the Minister for the cutting of timber on surrendered lands or reserve lands; (<DefinedTermFr>permis</DefinedTermFr>)</Text></Definition><Definition generate-in-text="no"><Text><DefinedTermEn>limit</DefinedTermEn> means the area included in a permit or licence; (<DefinedTermFr>limite</DefinedTermFr>)</Text></Definition><Definition generate-in-text="no"><Text><DefinedTermEn>Minister</DefinedTermEn> means the Minister of Indian Affairs and Northern Development; (<DefinedTermFr>ministre</DefinedTermFr>)</Text></Definition><Definition generate-in-text="no"><Text><DefinedTermEn>permit</DefinedTermEn> means a licence granted to a band or to a member or group of members of a band for whose benefit the timber is being administered; (<DefinedTermFr>licence</DefinedTermFr>)</Text></Definition><Definition generate-in-text="no"><Text><DefinedTermEn>person</DefinedTermEn> includes corporation, syndicate, firm and partnership. (<DefinedTermFr>personne</DefinedTermFr>) </Text></Definition><HistoricalNote>SOR/93-244, s. 2; SOR/94-690, s. 3(F); SOR/95-531, s. 2.</HistoricalNote></Section><Heading level="1"><TitleText>Application</TitleText></Heading><Section><Label>3</Label><Subsection><Label>(1)</Label><Text>These Regulations apply to the cutting of timber on surrendered lands and on reserve lands.</Text></Subsection><Subsection><Label>(2)</Label><Text>These Regulations do not apply in respect of the cutting of timber on lands to which the <XRefExternal reference-type="regulation">Indian Timber Harvesting Regulations</XRefExternal> apply.</Text></Subsection><HistoricalNote>SOR/93-244, s. 2; SOR/95-531, s. 2; SOR/2002-246, s. 1.</HistoricalNote></Section><Heading level="1"><TitleText>Prohibition</TitleText></Heading><Section><Label>3.1</Label><Text>No person shall cut timber on surrendered lands or on reserve lands without a licence.</Text><HistoricalNote>SOR/95-531, s. 2.</HistoricalNote></Section><Heading level="1"><TitleText>Permits for Indian Use</TitleText><HistoricalNote>[SOR/95-531, s. 2(F)]</HistoricalNote></Heading><Section><Label>4</Label><Text>Permits to cut timber free of dues may be issued by the Minister to a band for band purposes, or to a member or group of members of a band, to cut timber and fuel wood for his or their individual use.</Text><HistoricalNote>SOR/93-244, s. 2; SOR/94-690, s. 3(F); SOR/95-531, s. 2(F).</HistoricalNote></Section><Heading level="1"><TitleText>Permits to Cut for Sale</TitleText><HistoricalNote>[SOR/93-244, s. 2; SOR/95-531, s. 2(F)]</HistoricalNote></Heading><Section><Label>5</Label><Subsection><Label>(1)</Label><Text>With the consent of the council of a band, permits to cut timber for sale may be issued by the Minister to a band or to a member or group of members of a band.</Text></Subsection><Subsection><Label>(2)</Label><Text>Dues shall be charged at prevailing rates for timber cut on band land, and for timber harvested from individual locations or holdings of Indians the rate of dues may be reduced to one-half of such prevailing rates, and the rate of the dues shall be stated in the permit.</Text></Subsection><Subsection><Label>(3)</Label><Text><Repealed>[Repealed, SOR/94-690, s. 1]</Repealed></Text></Subsection><HistoricalNote>SOR/93-244, s. 2; SOR/94-690, ss. 1, 3(F); SOR/95-531, s. 2(F).</HistoricalNote></Section><Section><Label>6</Label><Text>All timber cut under permit shall be measured by a licensed scaler or by some competent person appointed by the Minister,</Text><Paragraph><Label>(a)</Label><Text>at the place of cutting or at a concentration point adjacent thereto; or</Text></Paragraph><Paragraph><Label>(b)</Label><Text>in the Province of British Columbia, either at the place of cutting or at some point between such place and the mill.</Text></Paragraph><HistoricalNote>SOR/93-244, s. 2; SOR/94-690, ss. 3(F), 4(F); SOR/95-531, s. 2(F).</HistoricalNote></Section><Section><Label>7</Label><Text>Unless with the consent of the Minister, timber cut under permit shall not be</Text><Paragraph><Label>(a)</Label><Text>manufactured, or</Text></Paragraph><Paragraph><Label>(b)</Label><Text>except in the Province of British Columbia, removed from the place of cutting or concentration point adjacent thereto,</Text></Paragraph><ContinuedSectionSubsection><Text>until it has been measured and dues paid thereon.</Text></ContinuedSectionSubsection><HistoricalNote>SOR/93-244, s. 2; SOR/94-690, s. 3(F), 4(F); SOR/95-531, s. 2(F).</HistoricalNote></Section><Section><Label>8</Label><Text>All timber permits expire on April 30th in the year next following the year of issue.</Text><HistoricalNote>SOR/94-690, s. 3(F); SOR/95-531, s. 2(F).</HistoricalNote></Section><Heading level="1"><TitleText>Licences</TitleText><HistoricalNote>[SOR/95-531, s. 2(F)]</HistoricalNote></Heading><Section><Label>9</Label><Text>Subject to section 10, the Minister may grant licences for the right to cut timber</Text><Paragraph><Label>(a)</Label><Text>on surrendered lands; or</Text></Paragraph><Paragraph><Label>(b)</Label><Text>with the consent of the council of a band, on reserve lands.</Text></Paragraph><HistoricalNote>SOR/93-244, s. 2; SOR/95-531, s. 2(F).</HistoricalNote></Section><Section><Label>10</Label><Text>Where it is estimated that the dues payable pursuant to a licence will exceed $2,500, the Minister shall invite tenders for the licence by public advertisement.</Text><HistoricalNote>SOR/93-244, s. 2; SOR/95-531, s. 2(F).</HistoricalNote></Section><Heading level="1"><TitleText>Renewals</TitleText><HistoricalNote>[SOR/95-531, s. 2(F)]</HistoricalNote></Heading><Section><Label>11</Label><Subsection><Label>(1)</Label><Text>Timber licences expire on April 30 in the year that follows the year in which the licence was granted, unless otherwise specified in the licence.</Text></Subsection><Subsection><Label>(2)</Label><Text>Application for renewal shall be made during the term of the licence and if the application is not made within 30 days following the date of expiration of the licence it shall thereupon determine, and in the discretion of the Minister any security given by the licensee may be declared forfeited.</Text></Subsection><Subsection><Label>(3)</Label><Text>If a limit has not been worked during the licence year, the licensee shall, with his application for renewal, furnish a sworn statement of the reasons for his failure to operate and a renewal shall be granted only if the Minister is satisfied with such statement.</Text></Subsection><HistoricalNote>SOR/93-244, s. 2; SOR/95-531, s. 2(F).</HistoricalNote></Section><Heading level="1"><TitleText>Ground Rent</TitleText></Heading><Section><Label>12</Label><Text>Ground rent shall be paid for each licence year at the rate of $10 per square mile, except in the Province of British Columbia where the rate shall be $0.20 per acre, provided that in no case shall the rent for a licence year be less than $40.</Text><HistoricalNote>SOR/95-531, s. 2(F).</HistoricalNote></Section><Section><Label>13</Label><Text><Repealed>[Revoked, SOR/93-244, s. 2]</Repealed></Text></Section><Heading level="1"><TitleText>Security Deposit</TitleText></Heading><Section><Label>14</Label><Subsection><Label>(1)</Label><Text>It is a condition of every licence that the licensee shall deposit security in cash or bonds for the performance of the terms and conditions of the licence, in an amount equal to 15 per cent of the estimated dues payable under the licence.</Text></Subsection><Subsection><Label>(2)</Label><Text>The Minister may convert the security deposit and apply it against dues in arrears, and in such event the licence shall not be renewed until the security deposit has been restored to the full amount.</Text></Subsection><Subsection><Label>(3)</Label><Text>If a licensee fails to comply with any condition of his contract or to complete the operation in a satisfactory manner, the Minister may declare the security deposit forfeited to the Crown for the benefit of the band.</Text></Subsection><HistoricalNote>SOR/94-690, s. 2; SOR/95-531, s. 2(F).</HistoricalNote></Section><Heading level="1"><TitleText>Scaling</TitleText></Heading><Section><Label>15</Label><Text>Without the consent of the Minister, timber cut under licence shall not be</Text><Paragraph><Label>(a)</Label><Text>manufactured, or</Text></Paragraph><Paragraph><Label>(b)</Label><Text>except in the Province of British Columbia, removed from the place of cutting or concentration point adjacent thereto,</Text></Paragraph><ContinuedSectionSubsection><Text>until it has been measured and dues paid thereon.</Text></ContinuedSectionSubsection><HistoricalNote>SOR/93-244, s. 2; SOR/94-690, ss. 3(F), 4(F); SOR/95-531, s. 2(F).</HistoricalNote></Section><Section><Label>16</Label><Text>Failing any other provision in the licence, all timber cut from May 1st to November 30th in any year shall be scaled and paid for by January 31st of the year next following, and all timber cut from December 1st to April 30th in any licence year shall be scaled and paid for by June 30th next following the cutting.</Text><HistoricalNote>SOR/94-690, ss. 3(F), 4(F); SOR/95-531, s. 2(F).</HistoricalNote></Section><Section><Label>17</Label><Text>A licensee shall at his expense supply scaler's returns verified by affidavit.</Text><HistoricalNote>SOR/95-531, s. 2(F).</HistoricalNote></Section><Heading level="1"><TitleText>Fire Protection</TitleText></Heading><Section><Label>18</Label><Text>The licensee shall pay all costs of fire protection service and of the suppression of any fire in the limit covered by his licence or occasioned by persons employed by him.</Text><HistoricalNote>SOR/95-531, s. 2(F).</HistoricalNote></Section><Section><Label>19</Label><Text><Repealed>[Revoked, SOR/93-244, s. 2]</Repealed></Text></Section><Heading level="1"><TitleText>Records</TitleText></Heading><Section><Label>20</Label><Subsection><Label>(1)</Label><Text>A licensee shall maintain a record of timber cut each month and, when required, shall furnish a copy of the record to the Minister.</Text></Subsection><Subsection><Label>(2)</Label><Text>The Minister, or anyone authorized by him, shall at all times have free access to and be permitted to examine the books and memoranda kept by any licensee showing the quantity of timber in board measure sawn from logs and of other timber products cut under the licence, and failure to produce such books and memoranda when required so to do shall subject such licensee to a forfeiture of his rights under the licence.</Text></Subsection><HistoricalNote>SOR/93-244, s. 2; SOR/94-690, s. 3(F); SOR/95-531, s. 2(F).</HistoricalNote></Section><Heading level="1"><TitleText>Cancellation</TitleText></Heading><Section><Label>21</Label><Text>It is a condition of every licence that, if the licensee fails to comply with the terms and conditions of the licence or with these Regulations, the Minister may cancel the licence.</Text><HistoricalNote>SOR/93-244, s. 2; SOR/95-531, s. 2(F).</HistoricalNote></Section><Heading level="1"><TitleText>Conservation</TitleText></Heading><Section><Label>22</Label><Subsection><Label>(1)</Label><Text>With the consent of the licensee, the Minister may vary any licence in respect of one or more parts of a licensed area or in respect of any type, size or species of timber.</Text></Subsection><Subsection><Label>(2)</Label><Text>Notwithstanding anything contained in a licence, the Minister may, for the purpose of forest management, watershed protection, fire protection or the preservation of the beauty of the landscape, game or game shelters, order the marking of such trees as are to be left standing or cut in the licensed area and order the licensee to pay the cost of such marking.</Text></Subsection><HistoricalNote>SOR/93-244, s. 2; SOR/94-690, s. 3(F); SOR/95-531, s. 2(F).</HistoricalNote></Section><Section><Label>23 and 24</Label><Text><Repealed>[Revoked, SOR/93-244, s. 2]</Repealed></Text></Section><Heading level="1"><TitleText>Compliance with Laws</TitleText></Heading><Section><Label>25</Label><Text>Every licensee shall exercise the rights conferred by the licence in accordance with the laws of the province in which the licensee is operating under the licence regarding disposal of slash, prevention of fire hazard and the conduct of timber operations.</Text><HistoricalNote>SOR/93-244, s. 2; SOR/94-690, s. 4(F); SOR/95-531, s. 2(F).</HistoricalNote></Section><Heading level="1"><TitleText>Seizure</TitleText></Heading><Section><Label>26</Label><Subsection><Label>(1)</Label><Text>The Minister may seize and detain any timber and any product manufactured from timber, when he has reasonable grounds to believe that</Text><Paragraph><Label>(a)</Label><Text>such timber or the timber from which such product was manufactured has not been measured or counted by a scaler as required by these Regulations;</Text></Paragraph><Paragraph><Label>(b)</Label><Text>any charges in respect of such timber or on the timber from which such product was manufactured or in respect of the lands on which such timber was cut are in default; or</Text></Paragraph><Paragraph><Label>(c)</Label><Text>such timber or the timber from which such product was manufactured was not cut under the authority of a licence or permit.</Text></Paragraph></Subsection><Subsection><Label>(2)</Label><Text>Any timber or product that is seized under subsection (1) may be removed to such place as the Minister may deem proper for the protection of the timber or product, and if it is seized when in possession of a carrier it shall be removed by the carrier on behalf of the Minister to such place as the superintendent may direct, provided that</Text><Paragraph><Label>(a)</Label><Text>the Department may defray the costs of transportation and other charges incurred in consequence of the directions given by the superintendent, and all such costs shall be included in the costs of seizure; and</Text></Paragraph><Paragraph><Label>(b)</Label><Text>such seizure shall not prejudice or affect any lien to which the carrier may be entitled in respect of the timber or product to the time of such seizure.</Text></Paragraph></Subsection><Subsection><Label>(3)</Label><Text>Where timber within the meaning of this section has been made up with other timber into a crib, dam or raft, or in any other manner has been so mixed at a mill or elsewhere as to render it impossible or difficult to distinguish such timber from other timber with which it is mixed, the whole of the timber so mixed may be seized and detained until separated by the person claiming to be the owner thereof to the satisfaction of the Minister.</Text></Subsection><HistoricalNote>SOR/93-244, s. 2; SOR/94-690, s. 3(F); SOR/95-531, s. 2(F).</HistoricalNote></Section><Section><Label>27</Label><Text>Seizure of timber or any product therefrom may be made by posting beside the timber or product a notice stating that the timber or product has been seized.</Text></Section><Section><Label>28</Label><Text>Where timber or any product manufactured therefrom has been seized and no claim to recover it has been made within 30 days from the date of the seizure, the timber or product is forfeited to the Crown.</Text><HistoricalNote>SOR/93-244, s. 2.</HistoricalNote></Section><Heading level="1"><TitleText>Proceedings Following Seizure</TitleText></Heading><Section><Label>29</Label><Subsection><Label>(1)</Label><Text>Any person claiming to be the owner of timber, or any product manufactured therefrom, that has been seized under section 26 may, on at least four days notice to the Minister, apply to a judge of a court of competent jurisdiction in the place in which the timber or product is held under seizure for an order for the release from seizure and delivery of the timber or product to that person.</Text></Subsection><Subsection><Label>(2)</Label><Text>Upon receipt of a bond of the claimant, with two good and sufficient sureties in an amount not less than the market value of the timber or product and the costs of the seizure, to be forfeited to the Crown if the claimant is declared by the judge not to be the owner of the timber or product, the judge may order the timber or product to be released from seizure and to be delivered to the claimant.</Text></Subsection><Subsection><Label>(3)</Label><Text>Upon the application of the Minister or the claimant, and upon at least seven days notice, the judge shall determine the ownership of the timber or product whether or not it has been released and delivered to the claimant under subsection (2) and shall make an order</Text><Paragraph><Label>(a)</Label><Text>declaring the claimant to be the owner</Text><Subparagraph><Label>(i)</Label><Text>free of any claim for charges, or</Text></Subparagraph><Subparagraph><Label>(ii)</Label><Text>subject to payment of such dues, charges and expenses as he may find to be owing; or</Text></Subparagraph></Paragraph><Paragraph><Label>(b)</Label><Text>declaring the claimant not to be the owner and the bond, if any, forfeited to the Crown.</Text></Paragraph></Subsection><Subsection><Label>(4)</Label><Text>The judge shall make such order as he may consider proper as to the costs of proceedings under this section and the costs of seizure.</Text></Subsection><Subsection><Label>(5)</Label><Text>If the claimant is declared not to be the owner of the timber or product, it shall be disposed of in such manner as the Minister may determine.</Text></Subsection><HistoricalNote>SOR/93-244, s. 2.</HistoricalNote></Section><Heading level="1"><TitleText>Penalties</TitleText></Heading><Section><Label>30</Label><Text>Every person who contravenes a provision of these Regulations is guilty of an offence and liable on summary conviction to a fine not exceeding one hundred dollars or to imprisonment for a term not exceeding three months, or to both.</Text><HistoricalNote>SOR/94-690, s. 3(F); SOR/95-531, s. 2.</HistoricalNote></Section></Body></Regulation>