﻿<?xml version="1.0" encoding="utf-8"?><!DOCTYPE Regulation PUBLIC "-//Justice Canada//DTD Regulation v1.2.2//EN" "Dtd/Regulations/Version_1.2.2/regulation.dtd"><Regulation regulation-type="SOR" xml:lang="en"><Identification><InstrumentNumber>C.R.C., c. 1253</InstrumentNumber><ConsolidationDate><Date><YYYY>2018</YYYY><MM>07</MM><DD>06</DD></Date></ConsolidationDate><LastModifiedDate><Date><YYYY>2005</YYYY><MM>7</MM><DD>22</DD></Date></LastModifiedDate><EnablingAuthority><XRefExternal reference-type="act">PEST CONTROL PRODUCTS ACT</XRefExternal></EnablingAuthority><ShortTitle>Pest Control Products Regulations</ShortTitle><LongTitle>Regulations Made Pursuant to the Pest Control Products Act</LongTitle></Identification><Repealed>[Repealed, SOR/2006-124, s. 74]</Repealed><Body><Heading level="1"><TitleText>Short Title</TitleText><Note>[Repealed, SOR/2006-124, s. 74]</Note></Heading><Section><Label>1</Label><Text><Repealed>[Repealed, SOR/2006-124, s. 74]</Repealed></Text></Section><Heading level="1"><TitleText>Interpretation</TitleText><Note>[Repealed, SOR/2006-124, s. 74]</Note></Heading><Section><Label>2</Label><Text><Repealed>[Repealed, SOR/2006-124, s. 74]</Repealed></Text></Section><Heading level="1"><TitleText>Certificate of Designation of Inspector</TitleText><Note>[Repealed, SOR/2006-124, s. 74]</Note></Heading><Section><Label>2.1</Label><Text><Repealed>[Repealed, SOR/2006-124, s. 74]</Repealed></Text></Section><Heading level="1"><TitleText>Exemption of Certain Control Products</TitleText><Note>[Repealed, SOR/2006-124, s. 74]</Note></Heading><Section><Label>3</Label><Text><Repealed>[Repealed, SOR/2006-124, s. 74]</Repealed></Text></Section><Heading level="1"><TitleText>Application</TitleText><Note>[Repealed, SOR/2006-124, s. 74]</Note></Heading><Section><Label>4</Label><Text><Repealed>[Repealed, SOR/2006-124, s. 74]</Repealed></Text></Section><Heading level="1"><TitleText>Exemption from Registration</TitleText><HistoricalNote>[SOR/92-585, s. 2(F)]</HistoricalNote><Note>[Repealed, SOR/2006-124, s. 74]</Note></Heading><Section><Label>5</Label><Text><Repealed>[Repealed, SOR/2006-124, s. 74]</Repealed></Text></Section><Section><Label>5.1</Label><Text><Repealed>[Repealed, SOR/2006-124, s. 74]</Repealed></Text></Section><Heading level="1"><TitleText>Registration of Control Products Required</TitleText><HistoricalNote>[SOR/92-585, s. 2(F)]</HistoricalNote><Note>[Repealed, SOR/2006-124, s. 74]</Note></Heading><Section><Label>6</Label><Text><Repealed>[Repealed, SOR/2006-124, s. 74]</Repealed></Text></Section><Section><Label>6.1</Label><Text><Repealed>[Repealed, SOR/2006-124, s. 74]</Repealed></Text></Section><Heading level="1"><TitleText>Application for Registration</TitleText><HistoricalNote>[SOR/92-585, s. 2(F)]</HistoricalNote><Note>[Repealed, SOR/2006-124, s. 74]</Note></Heading><Section><Label>7</Label><Text><Repealed>[Repealed, SOR/2006-124, s. 74]</Repealed></Text></Section><Section><Label>8</Label><Text><Repealed>[Repealed, SOR/2006-124, s. 74]</Repealed></Text></Section><Section><Label>9</Label><Text><Repealed>[Repealed, SOR/2006-124, s. 74]</Repealed></Text></Section><Section><Label>10</Label><Text><Repealed>[Repealed, SOR/2006-124, s. 74]</Repealed></Text></Section><Section><Label>11</Label><Text><Repealed>[Repealed, SOR/2006-124, s. 74]</Repealed></Text></Section><Heading level="1"><TitleText>Fees for Registration</TitleText><HistoricalNote>[SOR/92-585, s. 2(F)]</HistoricalNote><Note>[Repealed, SOR/2006-124, s. 74]</Note></Heading><Section><Label>12</Label><Text><Repealed>[Repealed, SOR/97-174, s. 1]</Repealed></Text></Section><Heading level="1"><TitleText>Registration</TitleText><HistoricalNote>[SOR/92-585, s. 2(F)]</HistoricalNote><Note>[Repealed, SOR/2006-124, s. 74]</Note></Heading><Section><Label>13</Label><Text><Repealed>[Repealed, SOR/2006-124, s. 74]</Repealed></Text></Section><Heading level="1"><TitleText>Duration and Renewal of Registration</TitleText><HistoricalNote>[SOR/92-585, s. 2(F)]</HistoricalNote><Note>[Repealed, SOR/2006-124, s. 74]</Note></Heading><Section><Label>14</Label><Text><Repealed>[Repealed, SOR/2006-124, s. 74]</Repealed></Text></Section><Section><Label>15</Label><Text><Repealed>[Repealed, SOR/2006-124, s. 74]</Repealed></Text></Section><Section><Label>16</Label><Text><Repealed>[Repealed, SOR/2006-124, s. 74]</Repealed></Text></Section><Heading level="1"><TitleText>Temporary Registration</TitleText><HistoricalNote>[SOR/92-585, s. 2(F)]</HistoricalNote><Note>[Repealed, SOR/2006-124, s. 74]</Note></Heading><Section><Label>17</Label><Text><Repealed>[Repealed, SOR/2006-124, s. 74]</Repealed></Text></Section><Heading level="1"><TitleText>Refusal to Register</TitleText><HistoricalNote>[SOR/92-585, s. 2(F)]</HistoricalNote><Note>[Repealed, SOR/2006-124, s. 74]</Note></Heading><Section><Label>18</Label><Text><Repealed>[Repealed, SOR/2006-124, s. 74]</Repealed></Text></Section><Heading level="1"><TitleText>Cancellation and Suspension of Registration</TitleText><HistoricalNote>[SOR/92-585, s. 2(F)]</HistoricalNote><Note>[Repealed, SOR/2006-124, s. 74]</Note></Heading><Section><Label>19</Label><Text><Repealed>[Repealed, SOR/2006-124, s. 74]</Repealed></Text></Section><Section><Label>20</Label><Text><Repealed>[Repealed, SOR/2006-124, s. 74]</Repealed></Text></Section><Section><Label>21</Label><Text><Repealed>[Repealed, SOR/2006-124, s. 74]</Repealed></Text></Section><Section><Label>22</Label><Text><Repealed>[Repealed, SOR/2006-124, s. 74]</Repealed></Text></Section><Section><Label>23</Label><Text><Repealed>[Repealed, SOR/2006-124, s. 74]</Repealed></Text></Section><Section><Label>24</Label><Text><Repealed>[Repealed, SOR/2006-124, s. 74]</Repealed></Text></Section><Section><Label>25</Label><Text><Repealed>[Repealed, SOR/2006-124, s. 74]</Repealed></Text></Section><Heading level="1"><TitleText>Records</TitleText><Note>[Repealed, SOR/2006-124, s. 74]</Note></Heading><Section><Label>26</Label><Text><Repealed>[Repealed, SOR/2006-124, s. 74]</Repealed></Text></Section><Heading level="1"><TitleText>Labelling</TitleText><Note>[Repealed, SOR/2006-124, s. 74]</Note></Heading><Section><Label>27</Label><Text><Repealed>[Repealed, SOR/2006-124, s. 74]</Repealed></Text></Section><Section><Label>28</Label><Text><Repealed>[Repealed, SOR/2006-124, s. 74]</Repealed></Text></Section><Section><Label>29</Label><Text><Repealed>[Repealed, SOR/2006-124, s. 74]</Repealed></Text></Section><Section><Label>30</Label><Text><Repealed>[Repealed, SOR/2006-124, s. 74]</Repealed></Text></Section><Section><Label>31</Label><Text><Repealed>[Repealed, SOR/2006-124, s. 74]</Repealed></Text></Section><Section><Label>32</Label><Text><Repealed>[Repealed, SOR/2006-124, s. 74]</Repealed></Text></Section><Section><Label>33</Label><Text><Repealed>[Repealed, SOR/2006-124, s. 74]</Repealed></Text></Section><Section><Label>34</Label><Text><Repealed>[Repealed, SOR/2006-124, s. 74]</Repealed></Text></Section><Section><Label>35</Label><Text><Repealed>[Repealed, SOR/2006-124, s. 74]</Repealed></Text></Section><Section><Label>36</Label><Text><Repealed>[Repealed, SOR/2006-124, s. 74]</Repealed></Text></Section><Section><Label>37</Label><Text><Repealed>[Repealed, SOR/2006-124, s. 74]</Repealed></Text></Section><Section><Label>38</Label><Text><Repealed>[Repealed, SOR/2006-124, s. 74]</Repealed></Text></Section><Section><Label>39</Label><Text><Repealed>[Repealed, SOR/2006-124, s. 74]</Repealed></Text></Section><Heading level="1"><TitleText>Units of Measurement on Labels</TitleText><Note>[Repealed, SOR/2006-124, s. 74]</Note></Heading><Section><Label>40</Label><Text><Repealed>[Repealed, SOR/2006-124, s. 74]</Repealed></Text></Section><Section><Label>41</Label><Text><Repealed>[Repealed, SOR/2006-124, s. 74]</Repealed></Text></Section><Heading level="1"><TitleText>Denaturation</TitleText><Note>[Repealed, SOR/2006-124, s. 74]</Note></Heading><Section><Label>42</Label><Text><Repealed>[Repealed, SOR/2006-124, s. 74]</Repealed></Text></Section><Heading level="1"><TitleText>Storage and Display</TitleText><Note>[Repealed, SOR/2006-124, s. 74]</Note></Heading><Section><Label>43</Label><Text><Repealed>[Repealed, SOR/2006-124, s. 74]</Repealed></Text></Section><Heading level="1"><TitleText>Distribution</TitleText><Note>[Repealed, SOR/2006-124, s. 74]</Note></Heading><Section><Label>44</Label><Text><Repealed>[Repealed, SOR/2006-124, s. 74]</Repealed></Text></Section><Heading level="1"><TitleText>Prohibitions Respecting Use</TitleText><Note>[Repealed, SOR/2006-124, s. 74]</Note></Heading><Section><Label>45</Label><Text><Repealed>[Repealed, SOR/2006-124, s. 74]</Repealed></Text></Section><Heading level="1"><TitleText>Packaging</TitleText><Note>[Repealed, SOR/2006-124, s. 74]</Note></Heading><Section><Label>46</Label><Text><Repealed>[Repealed, SOR/2006-124, s. 74]</Repealed></Text></Section><Heading level="1"><TitleText>Standards</TitleText><Note>[Repealed, SOR/2006-124, s. 74]</Note></Heading><Section><Label>47</Label><Text><Repealed>[Repealed, SOR/2006-124, s. 74]</Repealed></Text></Section><Section><Label>48</Label><Text><Repealed>[Repealed, SOR/2006-124, s. 74]</Repealed></Text></Section><Heading level="1"><TitleText>General Prohibitions</TitleText><Note>[Repealed, SOR/2006-124, s. 74]</Note></Heading><Section><Label>49</Label><Text><Repealed>[Repealed, SOR/2006-124, s. 74]</Repealed></Text></Section><Section><Label>50</Label><Text><Repealed>[Repealed, SOR/2006-124, s. 74]</Repealed></Text></Section><Section><Label>51</Label><Text><Repealed>[Repealed, SOR/2006-124, s. 74]</Repealed></Text></Section><Heading level="1"><TitleText>Sampling</TitleText><Note>[Repealed, SOR/2006-124, s. 74]</Note></Heading><Section><Label>52</Label><Text><Repealed>[Repealed, SOR/2006-124, s. 74]</Repealed></Text></Section><Heading level="1"><TitleText>Detention</TitleText><Note>[Repealed, SOR/2006-124, s. 74]</Note></Heading><Section><Label>53</Label><Text><Repealed>[Repealed, SOR/2006-124, s. 74]</Repealed></Text></Section><Section><Label>54</Label><Text><Repealed>[Repealed, SOR/2006-124, s. 74]</Repealed></Text></Section><Heading level="1"><TitleText>Import</TitleText><Note>[Repealed, SOR/2006-124, s. 74]</Note></Heading><Section><Label>55</Label><Text><Repealed>[Repealed, SOR/2006-124, s. 74]</Repealed></Text></Section><Section><Label>56</Label><Text><Repealed>[Repealed, SOR/2006-124, s. 74]</Repealed></Text></Section><Section><Label>57</Label><Text><Repealed>[Repealed, SOR/2006-124, s. 74]</Repealed></Text></Section></Body><Schedule bilingual="no" spanlanguages="no"><ScheduleFormHeading><Label>SCHEDULE I</Label><OriginatingRef>(ss. 3 and 28)</OriginatingRef></ScheduleFormHeading><Repealed>[Repealed, SOR/2006-124, s. 74]</Repealed></Schedule><Schedule bilingual="no" spanlanguages="no"><ScheduleFormHeading><Label>SCHEDULE II</Label><OriginatingRef>(s. 5)</OriginatingRef></ScheduleFormHeading><Repealed>[Repealed, SOR/2006-124, s. 74]</Repealed></Schedule><Schedule bilingual="no" spanlanguages="no"><ScheduleFormHeading><Label>SCHEDULE III</Label><OriginatingRef>(s. 27 and Sch. II)</OriginatingRef><TitleText>Precautionary Symbols and Signal Words</TitleText></ScheduleFormHeading><Repealed>[Repealed, SOR/2006-124, s. 74]</Repealed></Schedule><Schedule bilingual="no" spanlanguages="no"><ScheduleFormHeading><Label>SCHEDULE IV</Label><OriginatingRef>(s. 5)</OriginatingRef></ScheduleFormHeading><Repealed>[Repealed, SOR/2006-124, s. 74]</Repealed></Schedule></Regulation>