﻿<?xml version="1.0" encoding="utf-8"?><!DOCTYPE Regulation PUBLIC "-//Justice Canada//DTD Regulation v1.2.2//EN" "Dtd/Regulations/Version_1.2.2/regulation.dtd"><Regulation gazette-part="II" regulation-type="SOR" xml:lang="en"><Identification><InstrumentNumber>C.R.C., c. 229</InstrumentNumber><ConsolidationDate><Date><YYYY>2018</YYYY><MM>07</MM><DD>06</DD></Date></ConsolidationDate><LastModifiedDate><Date><YYYY>2008</YYYY><MM>12</MM><DD>4</DD></Date></LastModifiedDate><EnablingAuthority><XRefExternal reference-type="act">AGRICULTURAL PRODUCTS MARKETING ACT</XRefExternal></EnablingAuthority><ShortTitle>Prince Edward Island Hog Marketing Levies Order</ShortTitle><LongTitle>Order Providing for the Fixing, Imposing and Collecting of Levies from Certain Hog Producers in Prince Edward Island</LongTitle></Identification><Body><Heading level="1"><TitleText>Short Title</TitleText></Heading><Section><Label>1</Label><Text>This Order may be cited as the <XRefExternal reference-type="regulation">Prince Edward Island Hog Marketing Levies Order</XRefExternal>.</Text></Section><Heading level="1"><TitleText>Interpretation</TitleText></Heading><Section><Label>2</Label><Text>In this Order,</Text><Definition generate-in-text="no"><Text><DefinedTermEn>Act</DefinedTermEn> means the <XRefExternal reference-type="act">Prince Edward Island Natural Products Marketing Act</XRefExternal>; (<DefinedTermFr>Loi</DefinedTermFr>)</Text></Definition><Definition generate-in-text="no"><Text><DefinedTermEn>Commodity Board</DefinedTermEn> means the Prince Edward Island Hog Commodity Marketing Board established pursuant to the Act; (<DefinedTermFr>Office de commercialisation</DefinedTermFr>)</Text></Definition><Definition generate-in-text="no"><Text><DefinedTermEn>hog</DefinedTermEn> means any member of the species <Language xml:lang="la">Sus Scrofa L.</Language> (domestic pig) produced in Prince Edward Island; (<DefinedTermFr>porc</DefinedTermFr>)</Text></Definition><Definition generate-in-text="no"><Text><DefinedTermEn>Plan</DefinedTermEn> means the Prince Edward Island Hog Marketing Plan, established and amended from time to time pursuant to the Act; (<DefinedTermFr>Plan</DefinedTermFr>)</Text></Definition><Definition generate-in-text="no"><Text><DefinedTermEn>producer</DefinedTermEn> means a person engaged in the production of hogs in the Province of Prince Edward Island who has not, pursuant to regulations of the Commodity Board, been excluded from the Hog Price Stabilization Plan established by the Commodity Board. (<DefinedTermFr>producteur</DefinedTermFr>)</Text></Definition></Section><Heading level="1"><TitleText>Levies</TitleText></Heading><Section><Label>3</Label><Subsection><Label>(1)</Label><Text>Every producer shall pay to the Commodity Board, in addition to the service charges that he pays pursuant to the Plan, for each hog sold or delivered by him at a weekly base price set out in Column I of an item of the schedule, a levy in the amount set out in Column II of that item.</Text></Subsection><Subsection><Label>(2)</Label><Text>No levy is payable with respect to any hog that is graded lower than Canada Index 67.</Text></Subsection></Section><Section><Label>4</Label><Text>Every person who purchases hogs from a producer for processing shall</Text><Paragraph><Label>(a)</Label><Text>deduct from the purchase price thereof all levies payable by the producer to the Commodity Board pursuant to section 3; and</Text></Paragraph><Paragraph><Label>(b)</Label><Text>pay those levies to the Commodity Board at its office in Charlottetown, Prince Edward Island, not later than the 15th day of the month following the month in which the hogs were bought.</Text></Paragraph></Section><Section><Label>5</Label><Subsection><Label>(1)</Label><Text>Subject to subsection (2), every person required by section 4 to deduct levies and pay them to the Commodity Board shall, not later than the time of such payment, supply the Commodity Board with copies of all grade certificates issued by a grader pursuant to section 11 of the <XRefExternal reference-type="regulation">Hog Carcass Grading Regulations</XRefExternal> showing the purchase price and any deductions made therefrom.</Text></Subsection><Subsection><Label>(2)</Label><Text>Any person required by subsection (1) to supply the Commodity Board with copies of grade certificates may, instead of supplying such copies, supply the information required by subsection (1) to be shown therein by any data processing method approved by the Commodity Board.</Text></Subsection></Section></Body><Schedule spanlanguages="no" bilingual="no"><ScheduleFormHeading><Label>SCHEDULE</Label><OriginatingRef>(Section 3)</OriginatingRef></ScheduleFormHeading><TableGroup pointsize="8" topmarginspacing="10"><table frame="topbot"><tgroup cols="3"><colspec colname="COLSPEC0" colwidth="46.11*" /><colspec colname="1" colwidth="485.69*" /><colspec colname="2" colwidth="249.42*" /><thead><row topdouble="yes"><entry namest="COLSPEC0" nameend="1" colsep="0" rowsep="0">Column I</entry><entry colname="2" colsep="0" rowsep="0" valign="top">Column II</entry></row><row><entry namest="COLSPEC0" nameend="1" colsep="0" rowsep="1" valign="bottom">Weekly base price per cwt. for hogs marketed basis Canada Index 100</entry><entry colname="2" colsep="0" rowsep="1" valign="bottom">Amount of Levy per hog</entry></row></thead><tbody><row><entry colsep="0" rowsep="0">1</entry><entry colname="1" colsep="0" rowsep="0" valign="top">Less than $67.00</entry><entry colname="2" colsep="0" rowsep="0" valign="top" /></row><row><entry colsep="0" rowsep="0">2</entry><entry colname="1" colsep="0" rowsep="0" valign="top">$68.00 to $68.99</entry><entry colname="2" colsep="0" rowsep="0" char="" valign="top">.50</entry></row><row><entry colsep="0" rowsep="0">3</entry><entry colname="1" colsep="0" rowsep="0" valign="top">$69.00 to $69.99</entry><entry colname="2" colsep="0" rowsep="0" char="" valign="top">$1.00</entry></row><row><entry colsep="0" rowsep="0">4</entry><entry colname="1" colsep="0" rowsep="0" valign="top">$70.00 to $70.99</entry><entry colname="2" colsep="0" rowsep="0" char="" valign="top">$1.50</entry></row><row><entry colsep="0" rowsep="0">5</entry><entry colname="1" colsep="0" rowsep="0" valign="top">$71.00 to $71.99</entry><entry colname="2" colsep="0" rowsep="0" char="" valign="top">$2.00</entry></row><row><entry colsep="0" rowsep="0">6</entry><entry colname="1" colsep="0" rowsep="0" valign="top">$72.00 to $72.99</entry><entry colname="2" colsep="0" rowsep="0" char="" valign="top">$2.50</entry></row><row><entry colsep="0" rowsep="0">7</entry><entry colname="1" colsep="0" rowsep="0" valign="top">$73.00 or more</entry><entry colname="2" colsep="0" rowsep="0" char="" valign="top">$3.00</entry></row></tbody></tgroup></table></TableGroup><HistoricalNote>SOR/78-761, s. 1; SOR/79-71, s. 1; SOR/79-312, s. 1; SOR/79-516, s. 1; SOR/79-706, s. 1.</HistoricalNote></Schedule></Regulation>