﻿<?xml version="1.0" encoding="utf-8"?><!DOCTYPE Regulation PUBLIC "-//Justice Canada//DTD Regulation v1.2.2//EN" "Dtd/Regulations/Version_1.2.2/regulation.dtd"><Regulation regulation-type="SOR" xml:lang="en"><Identification><InstrumentNumber>C.R.C., c. 1315</InstrumentNumber><ConsolidationDate><Date><YYYY>2018</YYYY><MM>07</MM><DD>06</DD></Date></ConsolidationDate><LastModifiedDate><Date><YYYY>2010</YYYY><MM>7</MM><DD>23</DD></Date></LastModifiedDate><EnablingAuthority><XRefExternal reference-type="act">FOREIGN MISSIONS AND INTERNATIONAL ORGANIZATIONS ACT</XRefExternal></EnablingAuthority><ShortTitle>International Joint Commission Immunity Order</ShortTitle><LongTitle>Order Respecting the Immunities of the International Joint Commission</LongTitle></Identification><Body><Heading level="1"><TitleText>Short Title</TitleText></Heading><Section><Label>1</Label><Text>This Order may be cited as the <XRefExternal reference-type="regulation">International Joint Commission Immunity Order</XRefExternal>.</Text></Section><Heading level="1"><TitleText>Interpretation</TitleText></Heading><Section><Label>2</Label><Text>In this Order,</Text><Definition><Text><DefinedTermEn>Convention</DefinedTermEn> means the Convention on the Privileges and Immunities of the United Nations; (<DefinedTermFr>Convention</DefinedTermFr>)</Text></Definition><Definition><Text><DefinedTermEn>Organization</DefinedTermEn> means the International Joint Commission created pursuant to the 1909 Boundary Water Treaty. (<DefinedTermFr>Organisation</DefinedTermFr>)</Text></Definition><HistoricalNote>SOR/87-63, s. 1</HistoricalNote></Section><Heading level="1"><TitleText>Immunity</TitleText></Heading><Section><Label>3</Label><Text>The Organization shall have in Canada, to such extent as may be required for the performance of its functions, immunity from every form of legal process except in so far as in any particular case it has expressly waived its immunity.</Text></Section><Section><Label>3.1</Label><Text>The Commissioners and members of the staff of the Organization shall have immunity in Canada from every form of legal process in respect of words spoken or written and all acts performed by them in their official capacity, as set out in Article V of the Convention, except in so far as in any particular case they have expressly waived their immunity.</Text><HistoricalNote>SOR/87-63, s. 2</HistoricalNote></Section><Section><Label>3.2</Label><Text>The experts performing missions for the Organization shall, to such extent as may be necessary for the independant exercise of their functions, have immunity in Canada from every form of legal process in respect of words spoken or written and all acts done by them in the course of performing their missions, as set out in Article VI of the Convention, except in so far as in any particular case they have expressly waived their immunity.</Text><HistoricalNote>SOR/87-63, s. 2</HistoricalNote></Section><Section><Label>4</Label><Text>Nothing in this Order extends immunity to the Organization in respect of judicial proceeding commenced before the making of this Order.</Text></Section></Body></Regulation>