﻿<?xml version="1.0" encoding="utf-8"?><!DOCTYPE Regulation PUBLIC "-//Justice Canada//DTD Regulation v1.2.2//EN" "Dtd/Regulations/Version_1.2.2/regulation.dtd"><Regulation regulation-type="SOR" xml:lang="en"><Identification><InstrumentNumber>C.R.C., c. 713</InstrumentNumber><ConsolidationDate><Date><YYYY>2018</YYYY><MM>07</MM><DD>06</DD></Date></ConsolidationDate><LastModifiedDate><Date><YYYY>2005</YYYY><MM>6</MM><DD>23</DD></Date></LastModifiedDate><EnablingAuthority><XRefExternal reference-type="act">FINANCIAL ADMINISTRATION ACT</XRefExternal></EnablingAuthority><ShortTitle>Minister of Indian Affairs and Northern Development Authority to Prescribe Fees Order</ShortTitle><LongTitle>Order Under Section 13 of the Financial Administration Act Authorizing the Minister of Indian Affairs and Northern Development to Prescribe Certain Fees</LongTitle></Identification><Body><Heading level="1"><TitleText>Short Title</TitleText></Heading><Section><Label>1</Label><Text>This Order may be cited as the <XRefExternal reference-type="regulation">Minister of Indian Affairs and Northern Development Authority to Prescribe Fees Order</XRefExternal>.</Text></Section><Heading level="1"><TitleText>Authorization</TitleText></Heading><Section><Label>2</Label><Text>The Minister of Indian Affairs and Northern Development is authorized to prescribe by order the fees to be paid by persons provided with microfilm copies of geological, geophysical and well-history data submitted pursuant to the <XRefExternal reference-type="regulation">Canada Oil and Gas Land Regulations</XRefExternal>.</Text></Section></Body></Regulation>