﻿<?xml version="1.0" encoding="utf-8"?><!DOCTYPE Regulation PUBLIC "-//Justice Canada//DTD Regulation v1.2.2//EN" "Dtd/Regulations/Version_1.2.2/regulation.dtd"><Regulation regulation-type="SOR" xml:lang="en"><Identification><InstrumentNumber>C.R.C., c. 1335</InstrumentNumber><ConsolidationDate><Date><YYYY>2018</YYYY><MM>07</MM><DD>06</DD></Date></ConsolidationDate><LastModifiedDate><Date><YYYY>2005</YYYY><MM>7</MM><DD>27</DD></Date></LastModifiedDate><EnablingAuthority><XRefExternal reference-type="act">PUBLIC SERVICE EMPLOYMENT ACT</XRefExternal></EnablingAuthority><ShortTitle>Defence Research Board Employees Regulations</ShortTitle><LongTitle>Regulations Respecting the Application of the Public Service Employment Act to Employees of the Defence Research Board</LongTitle></Identification><Body><Heading level="1"><TitleText>Short Title</TitleText></Heading><Section><Label>1</Label><Text>These Regulations may be cited as the <XRefExternal reference-type="regulation">Defence Research Board Employees Regulations</XRefExternal>.</Text></Section><Heading level="1"><TitleText>Application of the Act</TitleText></Heading><Section><Label>2</Label><Text>Notwithstanding paragraph 53(a) of the <XRefExternal reference-type="act">National Defence Act</XRefExternal>, all the provisions of the <XRefExternal reference-type="act">Public Service Employment Act</XRefExternal> apply to the professional, scientific, technical, clerical and other employees required to carry out efficiently the duties of the Defence Research Board.</Text></Section></Body></Regulation>