﻿<?xml version="1.0" encoding="utf-8"?><!DOCTYPE Regulation PUBLIC "-//Justice Canada//DTD Regulation v1.2.2//EN" "Dtd/Regulations/Version_1.2.2/regulation.dtd"><Regulation regulation-type="SOR" xml:lang="en"><Identification><InstrumentNumber>C.R.C., c. 345</InstrumentNumber><ConsolidationDate><Date><YYYY>2018</YYYY><MM>07</MM><DD>06</DD></Date></ConsolidationDate><LastModifiedDate><Date><YYYY>2006</YYYY><MM>10</MM><DD>26</DD></Date></LastModifiedDate><EnablingAuthority><XRefExternal reference-type="act">APPROPRIATION ACT NO. 2, 1965</XRefExternal><XRefExternal reference-type="act">APPROPRIATION ACTS</XRefExternal></EnablingAuthority><ShortTitle>Returned Contributions Interest Regulations</ShortTitle><LongTitle>Regulations Respecting Interest on Returned Public Service Superannuation Contributions</LongTitle></Identification><Body><Heading level="1"><TitleText>Short Title</TitleText></Heading><Section><Label>1</Label><Text>These Regulations may be cited as the <XRefExternal reference-type="regulation">Returned Contributions Interest Regulations</XRefExternal>.</Text></Section><Heading level="1"><TitleText>Interpretation</TitleText></Heading><Section><Label>2</Label><Text>In these Regulations, "contribution" means an amount paid by or on behalf of a contributor to the Superannuation Account pursuant to subsection 6(1) of the <XRefExternal reference-type="act">Public Service Superannuation Act</XRefExternal> and that</Text><Paragraph><Label>(a)</Label><Text>has been on deposit in the Superannuation Account for at least two years from the date of its receipt; and</Text></Paragraph><Paragraph><Label>(b)</Label><Text>cannot be applied for the purpose for which it was originally paid into the Account because the election pursuant to which it was made is void.</Text></Paragraph></Section><Heading level="1"><TitleText>Payment of Interest</TitleText></Heading><Section><Label>3</Label><Subsection><Label>(1)</Label><Text>Subject to subsection (2) and section 4, interest is payable on a contribution calculated in respect of each quarter in each fiscal year as of the last day of June, September, December and March at the rate of one per cent of the amount of the contribution on deposit.</Text></Subsection><Subsection><Label>(2)</Label><Text>Interest is payable, pursuant to subsection (1), from the first day of the first quarter commencing after the contribution was paid into the Superannuation Account until the last day of the quarter immediately preceding the day the contribution is paid out of that Account.</Text></Subsection></Section><Section><Label>4</Label><Text>No interest is payable on a contribution pursuant to section 3, where an amount in respect of the contribution was paid to the contributor before April 1, 1967, unless application is made therefor to the President of the Treasury Board.</Text></Section></Body></Regulation>