﻿<?xml version="1.0" encoding="utf-8"?><!DOCTYPE Regulation PUBLIC "-//Justice Canada//DTD Regulation v1.2.2//EN" "Dtd/Regulations/Version_1.2.2/regulation.dtd"><Regulation regulation-type="SOR" xml:lang="en"><Identification><InstrumentNumber>C.R.C., c. 177</InstrumentNumber><ConsolidationDate><Date><YYYY>2018</YYYY><MM>07</MM><DD>06</DD></Date></ConsolidationDate><LastModifiedDate><Date><YYYY>2005</YYYY><MM>6</MM><DD>10</DD></Date></LastModifiedDate><EnablingAuthority><XRefExternal reference-type="act">AGRICULTURAL PRODUCTS MARKETING ACT</XRefExternal></EnablingAuthority><ShortTitle>Ontario Bean Marketing (Interprovincial and Export) Regulations</ShortTitle><LongTitle>Regulations Respecting the Marketing in Interprovincial and Export Trade of Beans Produced in Ontario</LongTitle></Identification><Body><Heading level="1"><TitleText>Short Title</TitleText></Heading><Section><Label>1</Label><Text>These Regulations may be cited as the <XRefExternal reference-type="regulation">Ontario Bean Marketing (Interprovincial and Export) Regulations</XRefExternal>.</Text></Section><Heading level="1"><TitleText>Interpretation</TitleText></Heading><Section><Label>2</Label><Text>In these Regulations,</Text><Definition generate-in-text="no"><Text><DefinedTermEn>beans</DefinedTermEn> means white pea beans and yellow-eye beans produced in Ontario; (<DefinedTermFr>haricots</DefinedTermFr>)</Text></Definition><Definition generate-in-text="no"><Text><DefinedTermEn>Commodity Board</DefinedTermEn> means The Ontario Bean Producers’ Marketing Board established pursuant to <XRefExternal reference-type="act">The Farm Products Marketing Act</XRefExternal> of Ontario; (<DefinedTermFr>Office de commercialisation</DefinedTermFr>)</Text></Definition><Definition generate-in-text="no"><Text><DefinedTermEn>dealer</DefinedTermEn> means a person who is authorized by the Commodity Board as its agent to purchase beans from producers on its behalf; (<DefinedTermFr>négociant</DefinedTermFr>)</Text></Definition><Definition generate-in-text="no"><Text><DefinedTermEn>producer</DefinedTermEn> means a person engaged in the production of beans. (<DefinedTermFr>producteur</DefinedTermFr>)</Text></Definition></Section><Heading level="1"><TitleText>Application</TitleText></Heading><Section><Label>3</Label><Text>These Regulations apply only to the marketing of beans in interprovincial and export trade and to persons and property situated in the Province of Ontario.</Text></Section><Heading level="1"><TitleText>Purchase and Sale</TitleText></Heading><Section><Label>4</Label><Subsection><Label>(1)</Label><Text>No producer shall sell or offer to sell beans to any person other than a dealer.</Text></Subsection><Subsection><Label>(2)</Label><Text>No person other than a dealer shall purchase beans from a producer.</Text></Subsection><Subsection><Label>(3)</Label><Text>No dealer shall purchase beans from a producer except on behalf of the Commodity Board.</Text></Subsection></Section><Heading level="1"><TitleText>Transporting and Packing</TitleText></Heading><Section><Label>5</Label><Subsection><Label>(1)</Label><Text>No producer shall transport or ship beans to any place other than the premises of a dealer.</Text></Subsection><Subsection><Label>(2)</Label><Text>No person shall process, pack or package any beans that have not been sold by or on behalf of the Board.</Text></Subsection></Section><Heading level="1"><TitleText>Pools</TitleText></Heading><Section><Label>6</Label><Subsection><Label>(1)</Label><Text>The Commodity Board shall, for the purpose of distributing the proceeds from sales by it of Canada Eastern beans delivered to it by producers pursuant to these Regulations, conduct the following pools:</Text><Paragraph><Label>(a)</Label><Text>a pool for the proceeds from sales of Canada Eastern pea beans;</Text></Paragraph><Paragraph><Label>(b)</Label><Text>a pool for the proceeds from sales of Canada Eastern yellow-eye beans that are marketed by producers within the quotas fixed and allotted to the producers by the Commodity Board; and</Text></Paragraph><Paragraph><Label>(c)</Label><Text>a pool for the proceeds from sales of Canada Eastern yellow-eye beans that are marketed by producers in excess of the quotas fixed and allotted to the producers by the Commodity Board.</Text></Paragraph></Subsection><Subsection><Label>(2)</Label><Text>The Commodity Board shall distribute the proceeds of the sales in each pool conducted pursuant to subsection (1), after deducting therefrom all the necessary and proper disbursements and expenses in respect of the sales, in such a manner that each producer receives his share of the total proceeds in the pool in proportion to the quantity and taking into account the class, grade and size of the beans delivered by him to the Commodity Board.</Text></Subsection><Subsection><Label>(3)</Label><Text>Each producer who sells beans to the Commodity Board pursuant to these Regulations is entitled to be paid</Text><Paragraph><Label>(a)</Label><Text>on delivery to a dealer an initial payment in an amount determined by the Commodity Board; and</Text></Paragraph><Paragraph><Label>(b)</Label><Text>payments, in addition to the payment referred to in paragraph (a), in such amounts and at such times as the Commodity Board determines, until all of the proceeds referred to in subsection (2) received by the Commodity Board from the sale of beans have been paid to the producers entitled thereto.</Text></Paragraph></Subsection></Section><Heading level="1"><TitleText>Dealers</TitleText></Heading><Section><Label>7</Label><Text>The Commodity Board may appoint any person as a dealer and shall</Text><Paragraph><Label>(a)</Label><Text>prescribe the duties and the terms and conditions of employment of every dealer; and</Text></Paragraph><Paragraph><Label>(b)</Label><Text>provide for the remuneration of every dealer.</Text></Paragraph></Section><Heading level="1"><TitleText>Quality Control</TitleText></Heading><Section><Label>8</Label><Text>All beans sold by a producer to a dealer shall be inspected and sold on the basis of the grades established by subsection 15(1) of the <XRefExternal reference-type="act">Canada Grain Act</XRefExternal> and Schedule I to that Act.</Text></Section><Section><Label>9</Label><Subsection><Label>(1)</Label><Text>When a dealer receives beans from a producer, the dealer or the producer may require a sample of the beans to be taken for the purpose of checking the grade.</Text></Subsection><Subsection><Label>(2)</Label><Text>Every sample of beans taken pursuant to subsection (1) shall</Text><Paragraph><Label>(a)</Label><Text>weigh not less than 2 pounds;</Text></Paragraph><Paragraph><Label>(b)</Label><Text>be accepted by the dealer and the producer as a fair sample of the beans from which it was taken;</Text></Paragraph><Paragraph><Label>(c)</Label><Text>be placed by the dealer in a sealed, moisture-proof container with a label thereon containing the name and address of the producer and the name of the dealer; and</Text></Paragraph><Paragraph><Label>(d)</Label><Text>if required by an inspector of the Canadian Grain Commission for examination and testing, be delivered to the inspector at Chatham, Ontario.</Text></Paragraph></Subsection><Subsection><Label>(3)</Label><Text>For the purpose of accepting a sample of beans as a fair sample pursuant to paragraph (2)(b), any person delivering a shipment of beans to a dealer on behalf of a producer shall be deemed to be the authorized agent of the producer.</Text></Subsection></Section><Section><Label>10</Label><Text>Where a dispute arises between a dealer and a producer in respect of the grade, pick, moisture content or condition of any shipment of beans, the matters in dispute shall be referred to an inspector of the Canadian Grain Commission at Chatham, Ontario, and the decision of the inspector shall be final and binding on the dealer and the producer.</Text></Section></Body></Regulation>