﻿<?xml version="1.0" encoding="utf-8"?><!DOCTYPE Regulation PUBLIC "-//Justice Canada//DTD Regulation v1.2.2//EN" "Dtd/Regulations/Version_1.2.2/regulation.dtd"><Regulation regulation-type="SOR" xml:lang="en"><Identification><InstrumentNumber>C.R.C., c. 215</InstrumentNumber><ConsolidationDate><Date><YYYY>2018</YYYY><MM>07</MM><DD>06</DD></Date></ConsolidationDate><LastModifiedDate><Date><YYYY>2005</YYYY><MM>05</MM><DD>30</DD></Date></LastModifiedDate><EnablingAuthority><XRefExternal reference-type="act">AGRICULTURAL PRODUCTS MARKETING ACT</XRefExternal></EnablingAuthority><LongTitle>Ontario Milk Order</LongTitle></Identification><Body><Section><Label>1</Label><Text><Repealed>[Repealed, SOR/2001-16, s. 7]</Repealed></Text></Section><Heading level="1"><TitleText>Interpretation</TitleText></Heading><Section><Label>2</Label><Text>In this Order,</Text><Definition generate-in-text="no"><Text><DefinedTermEn>Act</DefinedTermEn> means <XRefExternal reference-type="act">The Milk Act, 1965</XRefExternal> of Ontario; (<DefinedTermFr>Loi</DefinedTermFr>)</Text></Definition><Definition generate-in-text="no"><Text><DefinedTermEn>Commodity Board</DefinedTermEn> means The Ontario Milk Marketing Board or the Ontario Cream Producers’ Marketing Board, established pursuant to the Act; (<DefinedTermFr>Office de commercialisation</DefinedTermFr>)</Text></Definition><Definition generate-in-text="no"><Text><DefinedTermEn>Commission</DefinedTermEn> means The Milk Commission of Ontario; (<DefinedTermFr>Commission</DefinedTermFr>)</Text></Definition><Definition generate-in-text="no"><Text><DefinedTermEn>milk</DefinedTermEn> means milk or cream from cows, produced for consumer use in liquid form in Canada; (<DefinedTermFr>lait</DefinedTermFr>)</Text></Definition><Definition generate-in-text="no"><Text><DefinedTermEn>Plan</DefinedTermEn> means any plan for the marketing of milk established from time to time pursuant to the Act and any regulation made by the Commission pursuant to the Act. (<DefinedTermFr>Plan</DefinedTermFr>) </Text></Definition><HistoricalNote>SOR/2001-16, s. 8.</HistoricalNote></Section><Heading level="1"><TitleText>Application</TitleText></Heading><Section><Label>2.1</Label><Text>This Order applies in respect of milk produced in the Province of Ontario and milk referred to in paragraph 3(1)(b) produced in the Province of Quebec.</Text><HistoricalNote>SOR/2001-16, s. 9.</HistoricalNote></Section><Heading level="1"><TitleText>Interprovincial Trade</TitleText><HistoricalNote>[SOR/2001-16, s. 10]</HistoricalNote></Heading><Section><Label>3</Label><Subsection><Label>(1)</Label><Text>Subject to subsection (2), the Commission and the Commodity Board are each authorized to regulate the marketing of milk in interprovincial trade and for such purposes may exercise all or any powers like the powers exercisable by them in relation to the marketing of milk locally within the Province of Ontario under the Act and the Plan, with respect to</Text><Paragraph><Label>(a)</Label><Text>persons and property situated within the Province of Ontario, except persons who ship milk produced in that province to the Province of Quebec; and</Text></Paragraph><Paragraph><Label>(b)</Label><Text>persons situated within the Province of Quebec who ship milk produced in that province to the Province of Ontario.</Text></Paragraph></Subsection><Subsection><Label>(2)</Label><Text>The authority to regulate the marketing of milk in interprovincial trade does not include any power that is exercised by the Canadian Dairy Commission under the <XRefExternal reference-type="act">Canadian Dairy Commission Act</XRefExternal> in relation to the marketing of milk in interprovincial trade.</Text></Subsection><HistoricalNote>SOR/2001-16, s. 11.</HistoricalNote></Section><Heading level="1"><TitleText>Levies or Charges</TitleText></Heading><Section><Label>4</Label><Text>The Commodity Board may, in relation to the powers granted to it under section 3,</Text><Paragraph><Label>(a)</Label><Text>fix and impose levies or charges on milk or any component of milk and collect those levies or charges from persons described in subsection 3(1) who are engaged in the production or marketing of milk and for that purpose may classify those persons into groups and fix the levies or charges payable by the members of the different groups in different amounts; and</Text></Paragraph><Paragraph><Label>(b)</Label><Text>use the levies or charges for the purposes of the Commodity Board, including the creation of reserves, the payment of expenses and losses resulting from the sale or disposal of milk and the equalization or adjustment among producers of milk of moneys realized from the sale of milk during such period or periods of time as the Commodity Board may determine.</Text></Paragraph><HistoricalNote>SOR/78-742, s. 1; SOR/2001-16, s. 12.</HistoricalNote></Section></Body></Regulation>