﻿<?xml version="1.0" encoding="utf-8"?><!DOCTYPE Regulation PUBLIC "-//Justice Canada//DTD Regulation v1.2.2//EN" "Dtd/Regulations/Version_1.2.2/regulation.dtd"><Regulation regulation-type="SOR" xml:lang="en"><Identification><InstrumentNumber>C.R.C., c. 594</InstrumentNumber><ConsolidationDate><Date><YYYY>2018</YYYY><MM>07</MM><DD>06</DD></Date></ConsolidationDate><LastModifiedDate><Date><YYYY>2017</YYYY><MM>4</MM><DD>3</DD></Date></LastModifiedDate><EnablingAuthority><XRefExternal reference-type="act">EXCISE TAX ACT</XRefExternal></EnablingAuthority><ShortTitle>General Excise and Sales Tax Regulations</ShortTitle><LongTitle>Regulations Respecting Excise and Sales Taxes</LongTitle></Identification><Body><Heading level="1"><TitleText>Short Title</TitleText></Heading><Section><Label>1</Label><Text>These Regulations may be cited as the <XRefExternal reference-type="regulation">General Excise and Sales Tax Regulations</XRefExternal>.</Text></Section><Heading level="1"><TitleText>Interpretation</TitleText></Heading><Section><Label>2</Label><Text>In these Regulations,</Text><Definition><Text><DefinedTermEn>Act</DefinedTermEn> means the <XRefExternal reference-type="act">Excise Tax Act</XRefExternal>; (<DefinedTermFr>Loi</DefinedTermFr>)</Text></Definition><Definition><Text><DefinedTermEn>Department</DefinedTermEn> means the Department of National Revenue; (<DefinedTermFr>ministère</DefinedTermFr>)</Text></Definition><Definition><Text><DefinedTermEn>licensee</DefinedTermEn> means any person licensed under the <XRefExternal reference-type="act">Excise Tax Act</XRefExternal>; (<DefinedTermFr>détenteur de licence</DefinedTermFr>)</Text></Definition><Definition><Text><DefinedTermEn>manufacturer</DefinedTermEn> includes a producer; (<DefinedTermFr>fabricant</DefinedTermFr>)</Text></Definition><Definition><Text><DefinedTermEn>manufacture</DefinedTermEn> includes produce; (<DefinedTermFr>fabriquer</DefinedTermFr>)</Text></Definition><Definition><Text><DefinedTermEn>Minister</DefinedTermEn> means the Minister of National Revenue. (<DefinedTermFr>ministre</DefinedTermFr>)</Text></Definition></Section><Heading level="1"><TitleText>Licences</TitleText></Heading><Section><Label>3</Label><Subsection><Label>(1)</Label><Text>An application for a manufacturer’s sales tax licence or a manufacturer’s excise tax licence, or both, shall be submitted to the Department in the form set out in Form L15 of Schedule III.</Text></Subsection><Subsection><Label>(2)</Label><Text>An application for a wholesaler’s sales tax licence shall be submitted to the Department in the form set out in Form L16 of Schedule IV.</Text></Subsection><Subsection><Label>(3)</Label><Text>Where a licence has been issued to an individual or a partnership and any change occurs in the ownership of the business, an application for a new licence shall be submitted forthwith to the Department.</Text></Subsection><Subsection><Label>(4)</Label><Text>Where a licensee changes the name under which he carries on business, he shall apply forthwith for a new licence.</Text></Subsection><Subsection><Label>(5)</Label><Text>Where a licensee’s operations at any place of business covered by his licence are changed or discontinued, the licensee shall notify the Department forthwith of such change or discontinuance.</Text></Subsection><Subsection><Label>(6)</Label><Text>Where a licensee commences to manufacture goods that are subject to tax under the Act at any place not specified in his licence, he shall notify the Department forthwith.</Text></Subsection><Subsection><Label>(7)</Label><Text>Where a licensed wholesaler commences operations from a new division or branch not specified in his licence he shall notify the Department forthwith.</Text></Subsection></Section><Heading level="1"><TitleText>Exemption for Small Manufacturers</TitleText></Heading><Section><Label>4</Label><Text>Pursuant to subsection 40(2) of the Act, the following class of persons is exempted from obtaining a licence in respect of Parts III and IV of the Act:</Text><Paragraph><Label>(a)</Label><Text>a manufacturer who is a member of a class of small manufacturers or producers that is exempted, pursuant to subsection 31(2) of the Act, from payment of consumption or sales tax on goods manufactured or produced by persons who are members of that class.</Text></Paragraph><Paragraph><Label>(b) to (i)</Label><Text><Repealed>[Revoked, SOR/82-328, s. 1]</Repealed></Text></Paragraph><Paragraph><Label>(j)</Label><Text><Repealed>[Revoked, SOR/80-284, s. 1]</Repealed></Text></Paragraph><HistoricalNote>SOR/78-485, s. 1; SOR/78-704, s. 1(F); SOR/79-948, s. 1; SOR/80-7, s. 1; SOR/80-284, s. 1; SOR/82-328, s. 1.</HistoricalNote></Section><Heading level="1"><TitleText>Security Given by Wholesalers</TitleText></Heading><Section><Label>5</Label><Subsection><Label>(1)</Label><Text>Where security is given by a wholesaler or jobber at the time of application for a wholesaler’s sales tax licence pursuant to section 32 of the Act, the amount of that security shall, subject to subsection 32(3) of the Act, be for an amount equal to double the amount of sales tax paid or payable on goods sold during the three months immediately preceding the month in which the application is made and thereafter the security shall be for an amount equal to double the amount of sales tax paid or payable on the three largest monthly totals of taxable sales during the last calendar year.</Text></Subsection><Subsection><Label>(2)</Label><Text>Where the security given by a wholesaler or jobber pursuant to section 32 of the Act is in the form of a bond of or guaranteed by the Government of Canada, the bond shall</Text><Paragraph><Label>(a)</Label><Text>be fully registered, both as to principal and interest; and</Text></Paragraph><Paragraph><Label>(b)</Label><Text>be accompanied by a transfer form in favour of the Receiver General, and, where required, the signature of the transferor and the authority to sign shall be attested to by a bank or other financial institution acceptable to the Bank of Canada.</Text></Paragraph></Subsection><Subsection><Label>(3)</Label><Text>Where the security given by a wholesaler or jobber pursuant to section 32 of the Act is by a chartered bank, it shall be in a form satisfactory to the Minister.</Text></Subsection></Section><Heading level="1"><TitleText>Returns and Payment of Tax</TitleText></Heading><Section><Label>6</Label><Subsection><Label>(1)</Label><Text>Subject to subsections (2) and (3), every person who is required by or pursuant to Part III, IV or V of the Act to pay sales tax or excise tax and every person holding a licence granted under or in respect of Part III, IV or V of the Act shall, each month, make a return in the form set out in Form B93 of Schedule II showing the total amount of his taxable sales during the period to which the return relates and the amount of sales tax and of excise tax payable thereon.</Text></Subsection><Subsection><Label>(2)</Label><Text>Any person referred to in subsection (1) may make a return, in the form and showing the information as required by subsection (1), in respect of any accounting period of less than one month, where he maintains corresponding accounting periods.</Text></Subsection><Subsection><Label>(3)</Label><Text>Any person referred to in subsection (1) may make a return, in the form and showing the information as required by subsection (1),</Text><Paragraph><Label>(a)</Label><Text>where his tax payable under Parts III, IV and V of the Act for the last preceding calendar year did not exceed $2,400, and</Text><Subparagraph><Label>(i)</Label><Text>where his tax payable under Parts III, IV and V of the Act for the period to which the return relates is nil, in respect of any period longer than one month but not longer than six consecutive months commencing on January 1st or on July 1st, and</Text></Subparagraph><Subparagraph><Label>(ii)</Label><Text>where he has tax payable under Parts III, IV and V of the Act for the period to which the return relates, in respect of any period longer than one month but not longer than three consecutive months commencing on January 1st, April 1st, July 1st or October 1st, and</Text></Subparagraph></Paragraph><Paragraph><Label>(b)</Label><Text>where his sales are predominantly limited to a seasonal period of operation, and</Text><Subparagraph><Label>(i)</Label><Text>where his tax payable under Parts III, IV and V of the Act for the period to which the return relates is nil, in respect of any period longer than one month but not longer than six consecutive months, and</Text></Subparagraph><Subparagraph><Label>(ii)</Label><Text>where his tax payable under Parts III, IV and V of the Act for the period to which the return relates does not exceed an average of $200 per month, in respect of any period longer than one month but not longer than three consecutive months, where the tax payable by him under Parts III, IV and V of the Act for the equivalent period in the last preceding calendar year did not exceed an average of $200 per month throughout that period,</Text></Subparagraph></Paragraph><ContinuedSectionSubsection><Text>if the Minister has received written notification of that person’s intention to file a return in accordance with this subsection not later than the last day of the first month of the period to which the return relates.</Text></ContinuedSectionSubsection></Subsection><Subsection><Label>(4)</Label><Text>Where a person who is eligible to file a return in accordance with subsection (2) or (3) fails to do so and fails to file a return in accordance with subsection (1), or where a person defaults in payment of the tax payable or any portion thereof within the time prescribed by</Text><Paragraph><Label>(a)</Label><Text>paragraph 50(3)(b) of the Act, in the case of a return filed in accordance with subsection (2), and</Text></Paragraph><Paragraph><Label>(b)</Label><Text>paragraph 50(3)(c) of the Act, in the case of a return filed in accordance with subsection (3),</Text></Paragraph><ContinuedSectionSubsection><Text>he shall, on being notified by the Minister of his failure or default, file a return in accordance with subsection 50(1) or (2) of the Act.</Text></ContinuedSectionSubsection></Subsection><Subsection><Label>(5)</Label><Text>Certificates on a return made in accordance with this section shall be signed</Text><Paragraph><Label>(a)</Label><Text>by the proprietor or by a partner of the business to which the return relates; or</Text></Paragraph><Paragraph><Label>(b)</Label><Text>where a company makes the return, by the president, vice-president, secretary, treasurer or manager of the company or by any person duly authorized to sign the certificate on behalf of the company.</Text></Paragraph></Subsection><Subsection><Label>(6)</Label><Text>Every person who makes a return in accordance with this section shall deliver or mail the return</Text><Paragraph><Label>(a)</Label><Text>to the Regional Director, Excise, for the region in which his licence was issued, or</Text></Paragraph><Paragraph><Label>(b)</Label><Text>in the case of a person who is required by or pursuant to the Act to pay taxes but is not duly licensed under the Act, to the Regional Director, Excise, for the region in which his business is located,</Text></Paragraph><ContinuedSectionSubsection><Text>unless otherwise authorized or directed by the Regional Director.</Text></ContinuedSectionSubsection></Subsection><HistoricalNote>SOR/78-821, s. 1; SOR/81-762, s. 1.</HistoricalNote></Section><Heading level="1"><TitleText>Goods Exported</TitleText></Heading><Section><Label>7</Label><Text>Where goods on which sales tax or excise tax has been paid under the Act are exported without having been used in Canada, a refund of the taxes so paid or a deduction from future taxes payable may be granted,</Text><Paragraph><Label>(a)</Label><Text>if evidence of payment of the tax on the purchase of the goods, in the case of domestic goods, or</Text></Paragraph><Paragraph><Label>(b)</Label><Text>if evidence of payment of the tax on the importation of the goods in the form of a receipted copy of the original import entry, in the case of goods imported into Canada,</Text></Paragraph><ContinuedSectionSubsection><Text>is maintained on file by the exporter for examination by officers of the Department and evidence satisfactory to the Minister is produced to establish that the goods have been exported from Canada.</Text></ContinuedSectionSubsection></Section></Body><Schedule bilingual="no" spanlanguages="no"><ScheduleFormHeading><Label>SCHEDULE I</Label></ScheduleFormHeading><Repealed>[Revoked, SOR/78-821, s. 2]</Repealed></Schedule><Schedule bilingual="no" spanlanguages="no"><ScheduleFormHeading><Label>SCHEDULE II</Label><OriginatingRef>(Section 6)</OriginatingRef><TitleText>Excise Tax Return</TitleText></ScheduleFormHeading><Provision format-ref="indent-0-0" language-align="yes" list-item="no"><Text>GRAPHIC IS NOT DISPLAYED, SEE SOR/78-821, S. 2</Text></Provision><HistoricalNote>SOR/78-821, s. 2.</HistoricalNote></Schedule><Schedule bilingual="no" spanlanguages="no"><ScheduleFormHeading><Label>SCHEDULE III</Label><OriginatingRef>(Section 3)</OriginatingRef><TitleText>Application for Licence Under the Provisions of the Excise Tax Act</TitleText></ScheduleFormHeading><Provision format-ref="indent-0-0" language-align="yes" list-item="no"><Text>GRAPHIC IS NOT DISPLAYED, SEE C.R.C., C. 594, P. 3947</Text></Provision></Schedule><Schedule bilingual="no" spanlanguages="no"><ScheduleFormHeading><Label>SCHEDULE IV</Label><OriginatingRef>(Section 3)</OriginatingRef><TitleText>Application for a Wholesaler’s Sales Tax Licence Under Section 32 of the Excise Tax Act</TitleText></ScheduleFormHeading><Provision format-ref="indent-0-0" language-align="yes" list-item="no"><Text>GRAPHIC IS NOT DISPLAYED, SEE C.R.C., C. 594, P. 3949</Text></Provision></Schedule></Regulation>