﻿<?xml version="1.0" encoding="utf-8"?><!DOCTYPE Regulation PUBLIC "-//Justice Canada//DTD Regulation v1.2.2//EN" "Dtd/Regulations/Version_1.2.2/regulation.dtd"><Regulation regulation-type="SOR" xml:lang="en"><Identification><InstrumentNumber>C.R.C., c. 10</InstrumentNumber><ConsolidationDate><Date><YYYY>2018</YYYY><MM>07</MM><DD>06</DD></Date></ConsolidationDate><LastModifiedDate><Date><YYYY>2005</YYYY><MM>05</MM><DD>26</DD></Date></LastModifiedDate><EnablingAuthority><XRefExternal reference-type="act">AERONAUTICS ACT</XRefExternal></EnablingAuthority><ShortTitle>Flying Accidents Compensation Regulations</ShortTitle><LongTitle>Regulations Prescribing Compensation for Bodily Injury or Death Resulting from Flights Undertaken in the Course of Duty</LongTitle></Identification><Body><Heading level="1"><TitleText>Short Title</TitleText></Heading><Section><Label>1</Label><Text>These Regulations may be cited as the <XRefExternal reference-type="regulation">Flying Accidents Compensation Regulations</XRefExternal>.</Text></Section><Heading level="1"><TitleText>Interpretation</TitleText></Heading><Section><Label>2</Label><Text>In these Regulations,</Text><Definition generate-in-text="no"><Text><DefinedTermEn>aircraft</DefinedTermEn> means any machine used or designed for navigation of the air but does not include a machine designed to derive support in the atmosphere from reaction against the earth’s surface of air expelled from the machine; (<DefinedTermFr>aéronef</DefinedTermFr>)</Text></Definition><Definition generate-in-text="no"><Text><DefinedTermEn>civil aviation inspector</DefinedTermEn> means</Text><Paragraph><Label>(a)</Label><Text>an employee who is required to conduct flight tests to determine the competency of flight crew personnel and to inspect commercial air operations, or</Text></Paragraph><Paragraph><Label>(b)</Label><Text>an employee who is required to monitor in-flight cabin procedures in use in commercial air operations; (<DefinedTermFr>inspecteur de l’aviation civile</DefinedTermFr>)</Text></Paragraph></Definition><Definition generate-in-text="no"><Text><DefinedTermEn>Commission</DefinedTermEn> means the Canadian Pension Commission established by section 3 of the <XRefExternal reference-type="act">Pension Act</XRefExternal>; (<DefinedTermFr>Commission</DefinedTermFr>)</Text></Definition><Definition generate-in-text="no"><Text><DefinedTermEn>employee</DefinedTermEn> means any person who is employed in the public service of Canada or under the direction of any department of the public service of Canada other than a member of the Royal Canadian Mounted Police who is a person described in paragraph 27(1)(a) or (b) of the <XRefExternal reference-type="act">Royal Canadian Mounted Police Superannuation Act</XRefExternal>; (<DefinedTermFr>employé</DefinedTermFr>)</Text></Definition><Definition generate-in-text="no"><Text><DefinedTermEn>non-scheduled flight</DefinedTermEn> means a flight in an aircraft that is not a private aircraft and that is not operated on a scheduled flight; (<DefinedTermFr>vol non régulier</DefinedTermFr>)</Text></Definition><Definition generate-in-text="no"><Text><DefinedTermEn>private aircraft</DefinedTermEn> means an aircraft used by an employee travelling on official government business and for the use of which he is reimbursed in accordance with the rates prescribed by the Treasury Board Travel Directive; (<DefinedTermFr>aéronef privé</DefinedTermFr>)</Text></Definition><Definition generate-in-text="no"><Text><DefinedTermEn>scheduled flight</DefinedTermEn> means a flight conducted under a published statement of frequency and time of departure and arrival and operated by a commercial air service utilizing commercial aircraft. (<DefinedTermFr>vol régulier</DefinedTermFr>)</Text></Definition></Section><Heading level="1"><TitleText>Payment of Compensation</TitleText></Heading><Section><Label>3</Label><Subsection><Label>(1)</Label><Text>Subject to subsections (2) and (3) and section 4, where</Text><Paragraph><Label>(a)</Label><Text>an employee dies or is injured as a direct result of a non-scheduled flight undertaken by him in the course of his duties, or</Text></Paragraph><Paragraph><Label>(b)</Label><Text>a civil aviation inspector dies or is injured as a direct result of any flight undertaken by him for the purpose of determining the competency of flight crew personnel, inspecting commercial air operations or monitoring in-flight cabin procedures in use in commercial air operations,</Text></Paragraph><ContinuedSectionSubsection><Text>compensation is payable for his death or injury in an amount equal to the pension that would have been awarded to or in respect of him in accordance with the rates set out in Schedule A or B to the <XRefExternal reference-type="act">Pension Act</XRefExternal>, whichever is applicable, as increased by virtue of Part V.1 of that Act, if his death or injury had arisen out of or was directly connected with military service in peace time.</Text></ContinuedSectionSubsection></Subsection><Subsection><Label>(2)</Label><Text>No compensation is payable under these Regulations for any death or injury in respect of which provision for the payment of compensation or a gratuity or pension is made by any other Act, unless the claimant elects to accept compensation under these Regulations instead of compensation or a gratuity or pension under any such other Act.</Text></Subsection><Subsection><Label>(3)</Label><Text>No compensation is payable under these Regulations for the death or injury of an employee that was due to a self-inflicted wound or any action by him that endangered the safety of the normal process of the flight.</Text></Subsection><HistoricalNote>SOR/78-778, s. 1.</HistoricalNote></Section><Heading level="1"><TitleText>Where Compensation Recoverable other than Under These Regulations</TitleText></Heading><Section><Label>4</Label><Text>Where a death or injury in respect of which compensation is payable under these Regulations is caused under circumstances creating a legal liability upon some person to pay damages therefor, if any amount is recovered and collected in respect of such liability by or on behalf of the person to or on behalf of whom such compensation may be paid, the Commission, for the purpose of determining the amount of compensation to be paid, shall take into consideration any amount so recovered and collected in the manner set out in section 5.</Text></Section><Section><Label>5</Label><Subsection><Label>(1)</Label><Text>Where one-half of any amount recovered and collected as provided in section 4 is greater than the capitalized value of the compensation that might otherwise have been payable under these Regulations, no compensation shall be paid.</Text></Subsection><Subsection><Label>(2)</Label><Text>Where one-half of any amount recovered and collected as provided in section 4 is less than the capitalized value of the compensation that might otherwise have been payable under these Regulations, compensation in an amount that, if capitalized, would equal the difference between such amount and the capitalized value of the compensation that might otherwise have been payable under these Regulations, may be paid.</Text></Subsection><Subsection><Label>(3)</Label><Text>If any amount recovered and collected as provided in section 4, or any part thereof, is paid to Her Majesty, compensation in an amount that, if capitalized, would equal the amount so paid but would not in any event be greater than the total compensation that, apart from this section, would be payable under these Regulations, may be paid.</Text></Subsection></Section><Heading level="1"><TitleText>Payment of other Compensation</TitleText></Heading><Section><Label>6</Label><Text>In addition to any compensation payable in accordance with section 3, compensation shall be paid in respect of the funeral expenses of</Text><Paragraph><Label>(a)</Label><Text>any employee who dies as a direct result of a non-scheduled flight undertaken by him in the course of his duties, or</Text></Paragraph><Paragraph><Label>(b)</Label><Text>any civil aviation inspector who dies as a direct result of any flight undertaken by him for the purpose of determining the competency of flight crew personnel, inspecting commercial air operations or monitoring in-flight cabin procedures in use in commercial air operations,</Text></Paragraph><ContinuedSectionSubsection><Text>in an amount equal to the amount that would otherwise have been payable in respect of such expenses under the <XRefExternal reference-type="act">Government Employees Compensation Act</XRefExternal> if the claimant had not elected to accept compensation under these Regulations and had made a claim under that Act.</Text></ContinuedSectionSubsection><HistoricalNote>SOR/78-778, s. 2.</HistoricalNote></Section><Heading level="1"><TitleText>Administration</TitleText></Heading><Section><Label>7</Label><Text>Any claim under these Regulations shall be adjudicated by the Canadian Pension Commission and any compensation payable under these Regulations shall be paid by the Canadian Pension Commission.</Text></Section></Body></Regulation>