﻿<?xml version="1.0" encoding="utf-8"?><!DOCTYPE Regulation PUBLIC "-//Justice Canada//DTD Regulation v1.2.2//EN" "Dtd/Regulations/Version_1.2.2/regulation.dtd"><Regulation regulation-type="SOR" xml:lang="en"><Identification><InstrumentNumber>C.R.C., c. 797</InstrumentNumber><ConsolidationDate><Date><YYYY>2018</YYYY><MM>07</MM><DD>06</DD></Date></ConsolidationDate><LastModifiedDate><Date><YYYY>2005</YYYY><MM>7</MM><DD>11</DD></Date></LastModifiedDate><EnablingAuthority><XRefExternal reference-type="act">FINANCIAL ADMINISTRATION ACT</XRefExternal></EnablingAuthority><ShortTitle>Machinery Sales Tax Remission Order</ShortTitle><LongTitle>Order Respecting the Remission of Sales Tax on Machinery on which Customs Duties are Remitted Pursuant to Certain Tariff Items</LongTitle></Identification><Body><Heading level="1"><TitleText>Short Title</TitleText></Heading><Section><Label>1</Label><Text>This Order may be cited as the <XRefExternal reference-type="regulation">Machinery Sales Tax Remission Order</XRefExternal>.</Text><HistoricalNote>SI/88-17, s. 2.</HistoricalNote></Section><Heading level="1"><TitleText>Remission of Sales Tax</TitleText></Heading><Section><Label>2</Label><Text>Remission is hereby granted of sales tax paid or payable under the <XRefExternal reference-type="act">Excise Tax Act</XRefExternal> on goods</Text><Paragraph><Label>(a)</Label><Text>in respect of which customs duties have been remitted in accordance with orders made after November 5, 1980, pursuant to tariff items 42700-1, 42700-2, 42700-3, 42700-4, 42700-5, 42700-9, 42700-10, 42700-11, 42700-12, 42700-13, 42700-14, 42700-15, 42700-16, 42701-1, 42701-2 or 42701-3 of Schedule II to the <XRefExternal reference-type="act">Customs Tariff</XRefExternal>, R.S.C. 1985, c. C-54, which orders continue in force under section 133 of the <XRefExternal reference-type="act">Customs Tariff</XRefExternal>, R.S., c. 41 (3rd Supp.), and</Text></Paragraph><Paragraph><Label>(b)</Label><Text>that are released and accounted for under the <XRefExternal reference-type="act">Customs Act</XRefExternal> on or after November 5, 1980,</Text></Paragraph><ContinuedSectionSubsection><Text>in an amount equal to the difference between the amount of sales tax paid or payable on the goods and the amount of sales tax that would be payable in respect of the goods if the duty paid value used to calculate the sales tax on the goods were reduced by the amount of the remission of customs duties granted under this Order.</Text></ContinuedSectionSubsection><HistoricalNote>SI/88-17, s. 2; SI/92-203, s. 2.</HistoricalNote></Section></Body></Regulation>