﻿<?xml version="1.0" encoding="utf-8"?><!DOCTYPE Regulation PUBLIC "-//Justice Canada//DTD Regulation v1.2.2//EN" "Dtd/Regulations/Version_1.2.2/regulation.dtd"><Regulation regulation-type="SOR" xml:lang="en"><Identification><InstrumentNumber>C.R.C., c. 1360</InstrumentNumber><ConsolidationDate><Date><YYYY>2018</YYYY><MM>07</MM><DD>06</DD></Date></ConsolidationDate><LastModifiedDate><Date><YYYY>2012</YYYY><MM>5</MM><DD>10</DD></Date></LastModifiedDate><EnablingAuthority><XRefExternal reference-type="act">PUBLIC SERVICE SUPERANNUATION ACT</XRefExternal></EnablingAuthority><ShortTitle>Supplementary Death Benefit Regulations</ShortTitle><LongTitle>Regulations Respecting Supplementary Death Benefits</LongTitle></Identification><Body><Heading level="1"><TitleText>Short Title</TitleText></Heading><Section><Label>1</Label><Text>These Regulations may be cited as the <XRefExternal reference-type="regulation">Supplementary Death Benefit Regulations</XRefExternal>.</Text></Section><Heading level="1"><TitleText>Interpretation</TitleText></Heading><Section><Label>2</Label><Text>In these Regulations,</Text><Definition generate-in-text="no"><Text><DefinedTermEn>Act</DefinedTermEn> means the <XRefExternal reference-type="act">Public Service Superannuation Act</XRefExternal>; (<DefinedTermFr>Loi</DefinedTermFr>)</Text></Definition><Definition generate-in-text="no"><Text><DefinedTermEn>department</DefinedTermEn> includes any portion of the executive government of Canada, the Senate and House of Commons of Canada and the Library of Parliament, any board, commission, corporation or portion of the public service of Canada specified in Schedule A to the Act other than a corporation or public board specified in Schedule III to these Regulations and any portion of the public service of Canada deemed by an Act of Parliament, other than the Act, to be in the Public Service for the purposes of the Act; (<DefinedTermFr>ministère</DefinedTermFr>)</Text></Definition><Definition generate-in-text="no"><Text><DefinedTermEn>deputy head</DefinedTermEn> includes the chairman, president or other chief executive officer of a department; (<DefinedTermFr>sous-chef</DefinedTermFr>)</Text></Definition><Definition generate-in-text="no"><Text><DefinedTermEn>Minister</DefinedTermEn> means the President of the Treasury Board; (<DefinedTermFr>ministre</DefinedTermFr>)</Text></Definition><Definition generate-in-text="no"><Text><DefinedTermEn>seasonal employee</DefinedTermEn> and <DefinedTermEn>sessional employee</DefinedTermEn> have the same meaning as in the <XRefExternal reference-type="regulation">Public Service Superannuation Regulations</XRefExternal>. (<DefinedTermFr>employé saisonnier</DefinedTermFr> and <DefinedTermFr>employé de session</DefinedTermFr>)</Text></Definition><HistoricalNote>SOR/92-716, s. 7(F).</HistoricalNote></Section><Heading level="1"><TitleText>Manner and Time of Payment of Contributions</TitleText></Heading><Section><Label>3</Label><Text>Subject to these Regulations, the contributions required to be paid by a participant shall be paid monthly by reservation from his salary.</Text></Section><Heading level="1"><TitleText>Contributions by Participants Absent from Duty</TitleText></Heading><Section><Label>4</Label><Text>A participant who is absent from duty shall contribute to the Consolidated Revenue Fund an amount equal to the amount the participant would be required to contribute pursuant to section 53 of the Act if the participant were not absent from duty.</Text><HistoricalNote>SOR/92-716, s. 1.</HistoricalNote></Section><Section><Label>5</Label><Text>The contributions required to be paid by a participant who is absent from duty with pay shall be paid monthly by reservation from his salary.</Text></Section><Section><Label>6</Label><Subsection><Label>(1)</Label><Text>Subject to subsection (2) and section 7, a participant who is absent from duty without pay shall pay the contributions that are required to be paid in respect of that absence</Text><Paragraph><Label>(a)</Label><Text>in a lump sum within 30 days after the participant’s return to duty; or</Text></Paragraph><Paragraph><Label>(b)</Label><Text>by reservation in equal instalments from the salary payable to the participant for a period equal to twice the period of absence commencing on the expiration of the period of absence.</Text></Paragraph></Subsection><Subsection><Label>(2)</Label><Text>Where payment pursuant to paragraph (1)(b) would cause the participant financial hardship, the participant may choose to make payment by reservation from the salary of the participant of approximately equal instalments over a period not exceeding the lesser of</Text><Paragraph><Label>(a)</Label><Text>three times the period of absence, and</Text></Paragraph><Paragraph><Label>(b)</Label><Text>15 years.</Text></Paragraph></Subsection><HistoricalNote>SOR/91-333, s. 1; SOR/94-540, s. 1.</HistoricalNote></Section><Section><Label>7</Label><Text>The contributions required to be paid by a participant who is referred to in section 47.1 of the Act, or who is absent from duty without pay for the purpose of serving</Text><Paragraph><Label>(a)</Label><Text>with an international organization,</Text></Paragraph><Paragraph><Label>(b)</Label><Text>with the government of a country other than Canada,</Text></Paragraph><Paragraph><Label>(c)</Label><Text>as a full-time paid official of a public service employee organization,</Text></Paragraph><Paragraph><Label>(d)</Label><Text>as a full-time paid official of a credit union, or</Text></Paragraph><Paragraph><Label>(e)</Label><Text>outside of the Public Service with a commission established under Part I of the <XRefExternal reference-type="act">Inquiries Act</XRefExternal> or with any board or agency that is an agent of Her Majesty in right of Canada,</Text></Paragraph><ContinuedSectionSubsection><Text>shall be paid by sending them to the Minister annually, quarterly or in a lump sum in advance, at the option of the participant.</Text></ContinuedSectionSubsection><HistoricalNote>SOR/92-716, s. 7(F); SOR/99-378, s. 1.</HistoricalNote></Section><Section><Label>7.1</Label><Text>Where an amount payable by a contributor under section 4 is unpaid at the time the contributor ceases to be employed in the Public Service, the amount shall be deducted from any benefit that is or will become payable under the Act to the contributor</Text><Paragraph><Label>(a)</Label><Text>where the benefit is an annuity or annual allowance,</Text><Subparagraph><Label>(i)</Label><Text>by reservation from the monthly instalments of the annuity or annual allowance of an amount equal to the amount of any instalment otherwise payable by the contributor under section 6 or 30 per cent of the gross monthly annuity or annual allowance, whichever is the lesser, or</Text></Subparagraph><Subparagraph><Label>(ii)</Label><Text>in a lump sum, if the contributor so elects, at the time the annuity or annual allowance becomes payable; and</Text></Subparagraph></Paragraph><Paragraph><Label>(b)</Label><Text>in any other case, in a lump sum, at the time the benefit becomes payable.</Text></Paragraph><HistoricalNote>SOR/94-540, s. 2.</HistoricalNote></Section><Heading level="1"><TitleText>Seasonal and Sessional Employees</TitleText></Heading><Section><Label>8</Label><Text>The contributions required to be paid by a participant who is a seasonal employee or a sessional employee in respect of the period during which he is not on duty in the Public Service shall be paid at the time and in the manner that contributions would be payable under section 6 if he were, during that period, a participant described in that section.</Text><HistoricalNote>SOR/92-716, s. 7(F).</HistoricalNote></Section><Heading level="1"><TitleText>Participants Receiving Portion of Normal Pay</TitleText></Heading><Section><Label>9</Label><Subsection><Label>(1)</Label><Text>Where a participant employed in a position on a full-time basis is, due to the granting of educational leave or the seasonal nature of his employment, engaged other than on a full-time basis for any period during a year or during an entire year, and during such period or during the entire year receives a portion of the normal pay for employment on a full-time basis in that position, he shall be deemed during such period or year</Text><Paragraph><Label>(a)</Label><Text>to have been employed on a full-time basis; and</Text></Paragraph><Paragraph><Label>(b)</Label><Text>to have been in receipt of such salary as he would have received had he in fact been engaged on a full-time basis during such period or year.</Text></Paragraph></Subsection><Subsection><Label>(2)</Label><Text>The contributions required to be paid by a participant described in subsection (1) shall be paid at the same time and in the same manner as if he were a participant described in section 6.</Text></Subsection></Section><Heading level="1"><TitleText>Contributions by Elective Participants</TitleText><HistoricalNote>[SOR/92-716, s. 8(F)]</HistoricalNote></Heading><Section><Label>10</Label><Subsection><Label>(1)</Label><Text>Subject to subsection (2), every elective participant shall contribute to the Consolidated Revenue Fund $0.15 each month for every $1,000 of the basic benefit if the participant</Text><Paragraph><Label>(a)</Label><Text>on ceasing to be employed in the Public Service is entitled to an immediate annuity under Part I of the Act;</Text></Paragraph><Paragraph><Label>(b)</Label><Text>on ceasing to be employed in the Public Service after March 31, 1995 is entitled to and has opted for an annual allowance payable within thirty days after so ceasing;</Text></Paragraph><Paragraph><Label>(c)</Label><Text>on ceasing to be required to contribute to the Retirement Compensation Arrangements Account by section 8 or 9 of the <XRefExternal reference-type="regulation">Retirement Compensation Arrangements Regulations, No. 1</XRefExternal> is entitled to an immediate annuity;</Text></Paragraph><Paragraph><Label>(d)</Label><Text>on ceasing to be required to contribute to the Retirement Compensation Arrangements Account by section 8 or 9 of the <XRefExternal reference-type="regulation">Retirement Compensation Arrangements Regulations, No. 1</XRefExternal> is entitled to an immediate annual allowance; or</Text></Paragraph><Paragraph><Label>(e)</Label><Text>on March 31, 1995 was an elective participant and</Text><Subparagraph><Label>(i)</Label><Text>was receiving an annual allowance under Part I of the Act and had been receiving the annual allowance since a date not later than 30 days after ceasing to be employed in the Public Service, or</Text></Subparagraph><Subparagraph><Label>(ii)</Label><Text>had been receiving an annual allowance under Part I of the Act since a date not later than 30 days after ceasing to be employed in the Public Service but, on March 31, 1995, was entitled to an immediate annuity under that Part.</Text></Subparagraph></Paragraph></Subsection><Subsection><Label>(2)</Label><Text>The contribution required under subsection (1) is reduced by $1.50 per month, in respect of a participant who is 65 years of age or older and who</Text><Paragraph><Label>(a)</Label><Text>on ceasing to be employed in the Public Service is entitled to an immediate annuity under Part I of the Act;</Text></Paragraph><Paragraph><Label>(b)</Label><Text>is a person who is entitled to an immediate annual allowance; or</Text></Paragraph><Paragraph><Label>(c)</Label><Text>on ceasing to be required to contribute to the Retirement Compensation Arrangements Account by section 8 or 9 of the <XRefExternal reference-type="regulation">Retirement Compensation Arrangements Regulations, No. 1</XRefExternal> is entitled to an immediate annuity.</Text></Paragraph></Subsection><Subsection><Label>(3)</Label><Text>The reduction referred to in subsection (2) is effective on the earlier of April 1st or October 1st after the day on which the participant attains 65 years of age.</Text></Subsection><HistoricalNote>SOR/92-716, s. 2; SOR/95-163, s. 1; SOR/99-378, s. 2.</HistoricalNote></Section><Section><Label>11</Label><Subsection><Label>(1)</Label><Text>Subject to section 12, every elective participant, other than an elective participant referred to in subsection 10(1), shall contribute to the Consolidated Revenue Fund each year, in advance, for every $2,000 of the basic benefit of the participant</Text><Paragraph><Label>(a)</Label><Text>during any period in which neither an annuity under Part I of the Act or under the <XRefExternal reference-type="act">Canadian Forces Superannuation Act</XRefExternal> nor a pension under the <XRefExternal reference-type="act">Defence Services Pension Continuation Act</XRefExternal> is being paid to the participant, the amount set out in Part I of Schedule I; and</Text></Paragraph><Paragraph><Label>(b)</Label><Text>during any period in which an annuity or a pension is being paid to the participant under the Part or an Act referred to in paragraph (a), 12 times the amount set out in Part II of Schedule I.</Text></Paragraph></Subsection><Subsection><Label>(1.1) and (2)</Label><Text><Repealed>[Repealed, SOR/99-378, s. 3]</Repealed></Text></Subsection><Subsection><Label>(2.1)</Label><Text>Subject to section 12, a participant referred to in subsection (1) shall pay</Text><Paragraph><Label>(a)</Label><Text>the first contribution on or before the thirtieth day after the day on which the participant ceased or ceases to be employed in the Public Service; and</Text></Paragraph><Paragraph><Label>(b)</Label><Text>subsequent such contributions each year on or before the thirtieth day after the anniversary of the day on which the participant ceased or ceases to be employed in the Public Service.</Text></Paragraph></Subsection><Subsection><Label>(3)</Label><Text>Where the payment of an annual contribution by an elective participant is not made in accordance with subsection (2.1), the Minister shall, where he is of the opinion that failure to make such payment resulted from the fact that the participant was misinformed as to his obligations under the Act, fix a subsequent day as the day on which that contribution is due, but the due date of each annual contribution thereafter payable by the participant shall be the anniversary of the 30th day immediately following the day on which he ceased to be employed in the Public Service.</Text></Subsection><HistoricalNote>SOR/79-954, s. 1; SOR/82-929, s. 1; SOR/92-716, ss. 3, 7(F), 8(F); SOR/95-163, s. 2; SOR/99-378, s. 3.</HistoricalNote></Section><Section><Label>11.1</Label><Text><Repealed>[Repealed, SOR/99-378, s. 4]</Repealed></Text></Section><Section><Label>12</Label><Subsection><Label>(1)</Label><Text>Subject to subsection (2), where an elective participant is or becomes entitled to an annuity or an annual allowance under Part I of the Act, the contributions required to be paid by him pursuant to section 10 or 11 shall, unless the participant otherwise directs, be reserved from that annuity or annual allowance when it becomes payable to him.</Text></Subsection><Subsection><Label>(2)</Label><Text>Where an annuity or annual allowance payable under Part I of the Act to an elective participant is not sufficient to pay the contributions required to be paid by him pursuant to section 10 or 11, the participant shall pay the contributions by sending them to the Minister annually, quarterly or in a lump sum in advance, at the option of the participant.</Text></Subsection><Subsection><Label>(3)</Label><Text>A direction made by a participant pursuant to subsection (1) shall be in writing, signed by the participant and addressed to the Minister and shall have effect on and from the first day of the month immediately following the month in which it is received by the Minister.</Text></Subsection><HistoricalNote>SOR/92-716, s. 8(F).</HistoricalNote></Section><Section><Label>13</Label><Text><Repealed>[Repealed, SOR/99-378, s. 5]</Repealed></Text></Section><Section><Label>14</Label><Text>Where an elective participant has paid a contribution in respect of a period longer than one month and before the expiration of that period he becomes a participant, other than an elective participant, under the Act or under Part II of the <XRefExternal reference-type="act">Canadian Forces Superannuation Act</XRefExternal>, there shall be paid to him an amount equal to a fraction of the last contribution he has paid, such fraction to be determined as follows:</Text><Paragraph><Label>(a)</Label><Text>the numerator is the number of complete calendar months remaining until his next contribution would have been due if he had continued to be an elective participant; and</Text></Paragraph><Paragraph><Label>(b)</Label><Text>the denominator is the total number of calendar months in respect of which the contribution was paid by him.</Text></Paragraph><HistoricalNote>SOR/92-716, s. 4(F).</HistoricalNote></Section><Heading level="1"><TitleText>Reductions in Benefits and Contributions</TitleText></Heading><Section><Label>15</Label><Text>The reduction referred to in the definition <DefinedTermEn>basic benefit</DefinedTermEn> in subsection 47(1) of the Act shall be made on April 1st and October 1st of each year, whichever date immediately follows the participant’s birthday.</Text><HistoricalNote>SOR/78-785, s. 1; SOR/92-716, ss. 7(F), 8(F), 9(F), 11; SOR/99-378, s. 6.</HistoricalNote></Section><Section><Label>16</Label><Text>The reduction in the amount that certain participants are required to contribute pursuant to section 53 of the Act shall commence on April 1st or October 1st, whichever date immediately follows the anniversary of the birthday of the participant on which he became eligible for the reduction.</Text><HistoricalNote>SOR/92-716, s. 11.</HistoricalNote></Section><Heading level="1"><TitleText>Employment Substantially Without Interruption</TitleText></Heading><Section><Label>17</Label><Text>Where, during any relevant period,</Text><Paragraph><Label>(a)</Label><Text>a person has ceased to be employed in the Public Service and has again become employed therein, or</Text></Paragraph><Paragraph><Label>(b)</Label><Text>the duties or conditions of employment of a person employed in the Public Service have altered,</Text></Paragraph><ContinuedSectionSubsection><Text>his service during that period shall be deemed for the purposes of Part II of the Act to be substantially without interruption unless during that period he ceased to be employed in the Public Service and did not again become employed therein within three months from the day on which he so ceased to be employed.</Text></ContinuedSectionSubsection><HistoricalNote>SOR/92-716, s. 7(F).</HistoricalNote></Section><Heading level="1"><TitleText>Salaries in Cases of Doubt</TitleText></Heading><Section><Label>18</Label><Text>For the purposes of Part II of the Act and these Regulations, the salary of a participant</Text><Paragraph><Label>(a)</Label><Text>whose authorized salary includes any bonus or allowance of determinate or indeterminate amount shall be deemed to be the sum of the regular remuneration payable for the services performed by him in his position and the value of the bonus or allowance as fixed by the Treasury Board;</Text></Paragraph><Paragraph><Label>(b)</Label><Text>who is in receipt of a salary in respect of employment in the Public Service on a full-time basis and in receipt of a salary in respect of employment in the Public Service on a part-time basis shall be deemed to be the sum of the salaries received by him in respect of such employment; and</Text></Paragraph><Paragraph><Label>(c)</Label><Text>who is in receipt of more than one salary in respect of employment in the Public Service on a full-time basis shall be deemed to be</Text><Subparagraph><Label>(i)</Label><Text>in respect of salary received before August 9, 1994, the salary that was first authorized to be paid to the contributor; and</Text></Subparagraph><Subparagraph><Label>(ii)</Label><Text>in respect of salary received after August 8, 1994, the total of all salaries received by the contributor.</Text></Subparagraph></Paragraph><HistoricalNote>SOR/92-716, s. 7(F); SOR/94-541, s. 1.</HistoricalNote></Section><Heading level="1"><TitleText>Persons Not in Receipt of Stated Annual Salary</TitleText></Heading><Section><Label>19</Label><Subsection><Label>(1)</Label><Text>The salary that is or was authorized to be paid to a person at a rate other than an annual rate shall be computed in terms of an annual rate by multiplying the rate of pay that he is or was paid</Text><Paragraph><Label>(a)</Label><Text>in the case of an hourly rate, by the aggregate of</Text><Subparagraph><Label>(i)</Label><Text>the number of hours in a relevant standard work week multiplied by 52, and</Text></Subparagraph><Subparagraph><Label>(ii)</Label><Text>the number of hours in a relevant standard work week divided by the number of days in a relevant standard work week;</Text></Subparagraph></Paragraph><Paragraph><Label>(b)</Label><Text>in the case of a daily rate, by the aggregate of</Text><Subparagraph><Label>(i)</Label><Text>the number of days in a relevant standard work week multiplied by 52, and</Text></Subparagraph><Subparagraph><Label>(ii)</Label><Text>one day;</Text></Subparagraph></Paragraph><Paragraph><Label>(c)</Label><Text>in the case of a weekly rate, by 52; or</Text></Paragraph><Paragraph><Label>(d)</Label><Text>in the case of a monthly rate, by 12.</Text></Paragraph></Subsection><Subsection><Label>(2)</Label><Text>For the purposes of this section the number of hours or days in a relevant standard work week is the number of hours or days, as the case may be, that the employee in respect of whom the expression is being applied is or was ordinarily required to work in the relevant work week as determined by the Minister.</Text></Subsection></Section><Heading level="1"><TitleText>Effective Dates of Ceasing to Be Employed in the Public Service</TitleText></Heading><Section><Label>20</Label><Text>Subject to sections 21 and 22, a participant, other than an elective participant, shall be deemed to have ceased to be employed in the Public Service,</Text><Paragraph><Label>(a)</Label><Text>in the case of a participant other than a participant described in paragraphs (b) to (e), on the day following the last day for which he received pay in respect of his employment in the Public Service;</Text></Paragraph><Paragraph><Label>(b)</Label><Text>in the case of a participant who dies, on the day following the day of his death;</Text></Paragraph><Paragraph><Label>(c)</Label><Text>in the case of a participant who is on authorized leave of absence without pay, on the earlier of</Text><Subparagraph><Label>(i)</Label><Text>the day following the day on which his deputy head advises the Minister in writing that the employee ceased to be employed in the Public Service, and</Text></Subparagraph><Subparagraph><Label>(ii)</Label><Text>the day that, according to the provisions of any other Act of Parliament governing employment outside the Public Service, he became a contributor to any other superannuation or pension fund or plan;</Text></Subparagraph></Paragraph><Paragraph><Label>(d)</Label><Text>in the case of a participant who is on unauthorized leave of absence without pay, the day following the day on which his deputy head advises the Minister in writing that the employee ceased to be employed in the Public Service;</Text></Paragraph><Paragraph><Label>(e)</Label><Text>in the case of a participant who is under suspension pursuant to the provisions of any Act of Parliament, the day he ceased to be employed in the Public Service as certified by his deputy head to the Minister; and</Text></Paragraph><Paragraph><Label>(f)</Label><Text>in the case of a participant who ceases to be required to contribute under Part I of the Act by reason of becoming a person described in paragraph 5(1)(g) or (h) or subsection 5.1(1) of the Act, the day following the last day on which he or she was required to contribute.</Text></Paragraph><Paragraph><Label>(g)</Label><Text><Repealed>[Repealed, SOR/99-378, s. 7]</Repealed></Text></Paragraph><HistoricalNote>SOR/92-716, ss. 7(F), 8(F), 11; SOR/94-541, s. 2; SOR/99-378, s. 7.</HistoricalNote></Section><Section><Label>21</Label><Subsection><Label>(1)</Label><Text>A participant who is a sessional employee shall be deemed to have ceased to be employed in the Public Service on the first day of the session of Parliament immediately following the session in which he was actively employed unless</Text><Paragraph><Label>(a)</Label><Text>within a period of 10 days from that day he returns to duty; or</Text></Paragraph><Paragraph><Label>(b)</Label><Text>the Speaker of the House of Parliament in which he is or was employed advises the Minister in writing that the employee will cease or has ceased to be employed on a day earlier than that first day.</Text></Paragraph></Subsection><Subsection><Label>(2)</Label><Text>Subsection (1) does not apply to a sessional employee in respect of a special or emergency session of Parliament at which the employee is not required to perform any services.</Text></Subsection><HistoricalNote>SOR/92-716, s. 7(F).</HistoricalNote></Section><Section><Label>22</Label><Text>A participant who is a seasonal employee shall be deemed to have ceased to be employed in the Public Service on the first day he is required to return to duty following the season in which he was actively employed unless</Text><Paragraph><Label>(a)</Label><Text>within a period of 10 days from that day he returns to duty; or</Text></Paragraph><Paragraph><Label>(b)</Label><Text>his deputy head advises the Minister in writing that the employee will cease or has ceased to be employed on a day earlier than that first day.</Text></Paragraph><HistoricalNote>SOR/92-716, s. 7(F).</HistoricalNote></Section><Heading level="1"><TitleText>Retroactive Increases in Salary</TitleText></Heading><Section><Label>23</Label><Text>Where a retroactive increase is authorized in the salary of a participant, such increase shall be deemed to have commenced to have been received by him on the first day of the month following the month in which</Text><Paragraph><Label>(a)</Label><Text>the Governor in Council or the Treasury Board, as the case may be, approves such increase; or</Text></Paragraph><Paragraph><Label>(b)</Label><Text>written approval of such increase was duly issued by the appropriate authority in any case where approval of the Governor in Council or the Treasury Board is not required.</Text></Paragraph></Section><Heading level="1"><TitleText>Proof of Age and Marital Status</TitleText></Heading><Section><Label>24</Label><Subsection><Label>(1)</Label><Text>For the purposes of Part II of the Act, proof of age shall be established in the same manner and at the same time as it is established under section 48 of the <XRefExternal reference-type="regulation">Public Service Superannuation Regulations</XRefExternal>.</Text></Subsection><Subsection><Label>(2)</Label><Text>Unless the Minister is satisfied that a participant had not attained the age of 55 years at the time of his death, not more than 20 per cent of the benefit shall be paid upon the death of the participant until proof of his age has been established in accordance with section 48 of the <XRefExternal reference-type="regulation">Public Service Superannuation Regulations</XRefExternal>.</Text></Subsection><Subsection><Label>(3)</Label><Text>No benefit shall be paid upon the death of a participant to any person purporting to be the widow of the participant until proof of marital status has been established in accordance with section 49 of the <XRefExternal reference-type="regulation">Public Service Superannuation Regulations</XRefExternal>.</Text></Subsection><Subsection><Label>(4)</Label><Text>Subject to subsection 25(4) of the Act, if within one year after the death of a contributor the person claiming to be the widow of a contributor cannot prove that she is his widow, in the manner prescribed by subsection (1) of this section, the contributor shall, for the purposes of the Act, be deemed to have died without leaving a widow.</Text></Subsection><HistoricalNote>SOR/92-716, ss. 7(F), 11.</HistoricalNote></Section><Heading level="1"><TitleText>Elections</TitleText></Heading><Section><Label>25</Label><Subsection><Label>(1)</Label><Text>Every election made by a person pursuant to section 51 of the Act shall be made by him in writing, in the form prescribed by the Minister and signed by the person making the election, and the original thereof shall be sent or delivered to the Minister within the time prescribed by section 51 of the Act for the making of such an election.</Text></Subsection><Subsection><Label>(2)</Label><Text>There shall be issued to each elective participant, as evidence that he is a participant under the Act,</Text><Paragraph><Label>(a)</Label><Text>a document in Form B of Schedule II, in the case of an elective participant who is required to contribute in accordance with subsection 10(1); and</Text></Paragraph><Paragraph><Label>(b)</Label><Text>a document in Form C of Schedule II, in any other case.</Text></Paragraph></Subsection><HistoricalNote>SOR/92-716, ss. 7(F), 8(F), 9(F), 11; SOR/99-378, s. 8.</HistoricalNote></Section><Heading level="1"><TitleText>Naming or Substitution of a Beneficiary</TitleText></Heading><Section><Label>26</Label><Subsection><Label>(1)</Label><Text>Subject to the provisions of this section, a participant may, for the purposes of Part II of the Act, name a beneficiary under Part II of the Act or substitute a new named beneficiary.</Text></Subsection><Subsection><Label>(2)</Label><Text>The naming of a beneficiary or the substitution of a named beneficiary by a participant pursuant to subsection (1) shall be evidenced in writing in the form set out in Schedule V and the form shall be dated, witnessed and forwarded to the Minister.</Text></Subsection><Subsection><Label>(3)</Label><Text>Subject to subsection (4), the naming of a beneficiary or the substitution of a named beneficiary by a participant shall be effective on the date the participant executes the form referred to in subsection (2) if the completed form is received by the Minister prior to the death of the participant.</Text></Subsection><Subsection><Label>(4)</Label><Text>Where the completed form was not forwarded to the Minister pursuant to subsection (2) but was received by the department in which the participant is employed, or was employed prior to his ceasing to be employed in the Public Service, and the deputy head of that department advises the Minister that the form was received by the department prior to the death of the participant, the naming of a beneficiary or the substitution of a named beneficiary by a participant shall be effective on the date the participant executed the form referred to in subsection (2) if the form is received by the Minister prior to the payment of any benefit under Part II of the Act.</Text></Subsection><Subsection><Label>(5)</Label><Text>For the purposes of Part II of the Act, a beneficiary may be</Text><Paragraph><Label>(a)</Label><Text>the estate of the participant;</Text></Paragraph><Paragraph><Label>(b)</Label><Text>any person over the age of 18 years on the date of the naming or substitution;</Text></Paragraph><Paragraph><Label>(c)</Label><Text>any charitable organization or institution;</Text></Paragraph><Paragraph><Label>(d)</Label><Text>any benevolent organization or institution; or</Text></Paragraph><Paragraph><Label>(e)</Label><Text>any eleemosynary religious or educational organization or institution.</Text></Paragraph></Subsection><HistoricalNote>SOR/86-635, s. 1; SOR/92-716, s. 7(F).</HistoricalNote></Section><Section><Label>26.1</Label><Text>Notwithstanding section 26, a beneficiary, named by a participant pursuant to subsection 26(1), ceases to be that participant’s beneficiary under Part II of the Act the day following the day the participant ceases to be a participant under that Part.</Text><HistoricalNote>SOR/80-937, s. 1.</HistoricalNote></Section><Heading level="1"><TitleText>Crown Corporation and Public Boards</TitleText><HistoricalNote>[SOR/92-716, s. 10(F)]</HistoricalNote></Heading><Section><Label>27</Label><Text>The Crown corporation and public boards specified in Schedule III are excluded from the operation of Part II of the Act.</Text><HistoricalNote>SOR/92-716, s. 10(F).</HistoricalNote></Section><Section><Label>28</Label><Text>Every Crown corporation or public board set out in Schedule IV shall pay to the Consolidated Revenue Fund each month an amount equal to $0.04 for every $1,000 of the basic benefit of each participant who is employed by the Crown corporation or public board at any time during that month.</Text><HistoricalNote>SOR/92-716, s. 5; SOR/99-378, s. 9.</HistoricalNote></Section><Heading level="1"><TitleText>Payment for Reasonable Expenses</TitleText></Heading><Section><Label>29</Label><Text>With the approval of the Minister, there may be paid out of any benefit payable to the widow, referred to in section 55 of the Act, or beneficiary, estate or succession of a deceased participant</Text><Paragraph><Label>(a)</Label><Text>to any person, group or association of persons any reasonable expenses incurred by such persons, group or association for the maintenance, medical care or burial of the deceased participant; or</Text></Paragraph><Paragraph><Label>(b)</Label><Text>to the Receiver General reasonable expenses incurred by Her Majesty for the maintenance, medical care or burial of the deceased participant.</Text></Paragraph><HistoricalNote>SOR/78-477, s. 1; SOR/99-378, s. 10.</HistoricalNote></Section><Heading level="1"><TitleText>Interest</TitleText></Heading><Section><Label>30</Label><Text>Interest shall be credited to the Public Service Death Benefit Account in respect of each quarter in each fiscal year on the last day of June, September, December and March, calculated at the rate referred to in subsection 46(2) of the <XRefExternal reference-type="regulation">Public Service Superannuation Regulations</XRefExternal> on the balance to the credit of the Account on the last day of the preceding quarter.</Text><HistoricalNote>SOR/92-716, s. 7(F).</HistoricalNote></Section></Body><Schedule bilingual="no" spanlanguages="no"><ScheduleFormHeading><Label>SCHEDULE I</Label><OriginatingRef>(Section 11)</OriginatingRef></ScheduleFormHeading><TableGroup pointsize="9" topmarginspacing="4"><Caption position="over">PART I</Caption><table frame="topbot"><tgroup cols="2"><colspec colname="1" colwidth="79.68*" /><colspec align="left" colname="2" colwidth="388.32*" /><thead><row topdouble="yes" topmarginspacing="4"><entry colsep="0" rowsep="0">Column I</entry><entry colsep="0" rowsep="0">Column II</entry></row><row topmarginspacing="6"><entry colsep="0" rowsep="1" valign="bottom">Age</entry><entry colsep="0" rowsep="1" valign="bottom">Annual Contribution per $2,000 of Basic Benefit</entry></row></thead><tbody><row><entry colsep="0" rowsep="0">19</entry><entry colsep="0" rowsep="0">$ 8.07</entry></row><row><entry colsep="0" rowsep="0">20</entry><entry colsep="0" rowsep="0">8.31</entry></row><row><entry colsep="0" rowsep="0">21</entry><entry colsep="0" rowsep="0">8.56</entry></row><row><entry colsep="0" rowsep="0">22</entry><entry colsep="0" rowsep="0">8.83</entry></row><row><entry colsep="0" rowsep="0">23</entry><entry colsep="0" rowsep="0">9.11</entry></row><row><entry colsep="0" rowsep="0">24</entry><entry colsep="0" rowsep="0">9.40</entry></row><row><entry colsep="0" rowsep="0">25</entry><entry colsep="0" rowsep="0">9.70</entry></row><row><entry colsep="0" rowsep="0">26</entry><entry colsep="0" rowsep="0">10.01</entry></row><row><entry colsep="0" rowsep="0">27</entry><entry colsep="0" rowsep="0">10.34</entry></row><row><entry colsep="0" rowsep="0">28</entry><entry colsep="0" rowsep="0">10.69</entry></row><row><entry colsep="0" rowsep="0">29</entry><entry colsep="0" rowsep="0">11.05</entry></row><row><entry colsep="0" rowsep="0">30</entry><entry colsep="0" rowsep="0">11.42</entry></row><row><entry colsep="0" rowsep="0">31</entry><entry colsep="0" rowsep="0">11.81</entry></row><row><entry colsep="0" rowsep="0">32</entry><entry colsep="0" rowsep="0">12.22</entry></row><row><entry colsep="0" rowsep="0">33</entry><entry colsep="0" rowsep="0">12.65</entry></row><row><entry colsep="0" rowsep="0">34</entry><entry colsep="0" rowsep="0">13.10</entry></row><row><entry colsep="0" rowsep="0">35</entry><entry colsep="0" rowsep="0">13.58</entry></row><row><entry colsep="0" rowsep="0">36</entry><entry colsep="0" rowsep="0">14.07</entry></row><row><entry colsep="0" rowsep="0">37</entry><entry colsep="0" rowsep="0">14.59</entry></row><row><entry colsep="0" rowsep="0">38</entry><entry colsep="0" rowsep="0">15.13</entry></row><row><entry colsep="0" rowsep="0">39</entry><entry colsep="0" rowsep="0">15.69</entry></row><row><entry colsep="0" rowsep="0">40</entry><entry colsep="0" rowsep="0">16.29</entry></row><row><entry colsep="0" rowsep="0">41</entry><entry colsep="0" rowsep="0">16.91</entry></row><row><entry colsep="0" rowsep="0">42</entry><entry colsep="0" rowsep="0">17.56</entry></row><row><entry colsep="0" rowsep="0">43</entry><entry colsep="0" rowsep="0">18.25</entry></row><row><entry colsep="0" rowsep="0">44</entry><entry colsep="0" rowsep="0">18.97</entry></row><row><entry colsep="0" rowsep="0">45</entry><entry colsep="0" rowsep="0">19.72</entry></row><row><entry colsep="0" rowsep="0">46</entry><entry colsep="0" rowsep="0">20.52</entry></row><row><entry colsep="0" rowsep="0">47</entry><entry colsep="0" rowsep="0">21.35</entry></row><row><entry colsep="0" rowsep="0">48</entry><entry colsep="0" rowsep="0">22.23</entry></row><row><entry colsep="0" rowsep="0">49</entry><entry colsep="0" rowsep="0">23.14</entry></row><row><entry colsep="0" rowsep="0">50</entry><entry colsep="0" rowsep="0">24.11</entry></row><row><entry colsep="0" rowsep="0">51</entry><entry colsep="0" rowsep="0">25.13</entry></row><row><entry colsep="0" rowsep="0">52</entry><entry colsep="0" rowsep="0">26.20</entry></row><row><entry colsep="0" rowsep="0">53</entry><entry colsep="0" rowsep="0">27.34</entry></row><row><entry colsep="0" rowsep="0">54</entry><entry colsep="0" rowsep="0">28.53</entry></row><row><entry colsep="0" rowsep="0">55</entry><entry colsep="0" rowsep="0">29.80</entry></row><row><entry colsep="0" rowsep="0">56</entry><entry colsep="0" rowsep="0">31.14</entry></row><row><entry colsep="0" rowsep="0">57</entry><entry colsep="0" rowsep="0">32.58</entry></row><row><entry colsep="0" rowsep="0">58</entry><entry colsep="0" rowsep="0">34.12</entry></row><row><entry colsep="0" rowsep="0">59</entry><entry colsep="0" rowsep="0">35.80</entry></row><row><entry colsep="0" rowsep="0">60</entry><entry colsep="0" rowsep="0">37.65</entry></row><row><entry colsep="0" rowsep="0">61</entry><entry colsep="0" rowsep="0">39.77</entry></row><row><entry colsep="0" rowsep="0">62</entry><entry colsep="0" rowsep="0">42.02</entry></row><row><entry colsep="0" rowsep="0">63</entry><entry colsep="0" rowsep="0">44.40</entry></row><row><entry colsep="0" rowsep="0">64</entry><entry colsep="0" rowsep="0">46.92</entry></row><row><entry colsep="0" rowsep="0">65</entry><entry colsep="0" rowsep="0">49.58</entry></row><row><entry colsep="0" rowsep="0">66</entry><entry colsep="0" rowsep="0">52.38</entry></row><row><entry colsep="0" rowsep="0">67</entry><entry colsep="0" rowsep="0">55.34</entry></row><row><entry colsep="0" rowsep="0">68</entry><entry colsep="0" rowsep="0">58.45</entry></row><row><entry colsep="0" rowsep="0">69</entry><entry colsep="0" rowsep="0">61.73</entry></row><row><entry colsep="0" rowsep="0">70</entry><entry colsep="0" rowsep="0">65.30</entry></row><row><entry colsep="0" rowsep="0">71</entry><entry colsep="0" rowsep="0">69.15</entry></row><row><entry colsep="0" rowsep="0">72</entry><entry colsep="0" rowsep="0">73.33</entry></row><row><entry colsep="0" rowsep="0">73</entry><entry colsep="0" rowsep="0">77.87</entry></row><row><entry colsep="0" rowsep="0">74</entry><entry colsep="0" rowsep="0">82.80</entry></row></tbody></tgroup></table></TableGroup><TableGroup pointsize="9" topmarginspacing="4"><Caption position="over">PART II</Caption><table frame="topbot"><tgroup cols="2"><colspec colname="1" colwidth="79.18*" /><colspec colname="2" colwidth="388.82*" /><thead><row topdouble="yes" topmarginspacing="4"><entry colsep="0" rowsep="0">Column I</entry><entry colsep="0" rowsep="0">Column II</entry></row><row topmarginspacing="6"><entry colsep="0" rowsep="1" valign="bottom">Age</entry><entry colsep="0" rowsep="1" valign="bottom">Contribution per Month per $2,000 of Basic Benefit</entry></row></thead><tbody><row><entry colsep="0" rowsep="0">21</entry><entry colsep="0" rowsep="0">$ 0.73</entry></row><row><entry colsep="0" rowsep="0">22</entry><entry colsep="0" rowsep="0">0.75</entry></row><row><entry colsep="0" rowsep="0">23</entry><entry colsep="0" rowsep="0">0.77</entry></row><row><entry colsep="0" rowsep="0">24</entry><entry colsep="0" rowsep="0">0.79</entry></row><row><entry colsep="0" rowsep="0">25</entry><entry colsep="0" rowsep="0">0.82</entry></row><row><entry colsep="0" rowsep="0">26</entry><entry colsep="0" rowsep="0">0.85</entry></row><row><entry colsep="0" rowsep="0">27</entry><entry colsep="0" rowsep="0">0.88</entry></row><row><entry colsep="0" rowsep="0">28</entry><entry colsep="0" rowsep="0">0.91</entry></row><row><entry colsep="0" rowsep="0">29</entry><entry colsep="0" rowsep="0">0.94</entry></row><row><entry colsep="0" rowsep="0">30</entry><entry colsep="0" rowsep="0">0.97</entry></row><row><entry colsep="0" rowsep="0">31</entry><entry colsep="0" rowsep="0">1.00</entry></row><row><entry colsep="0" rowsep="0">32</entry><entry colsep="0" rowsep="0">1.03</entry></row><row><entry colsep="0" rowsep="0">33</entry><entry colsep="0" rowsep="0">1.07</entry></row><row><entry colsep="0" rowsep="0">34</entry><entry colsep="0" rowsep="0">1.11</entry></row><row><entry colsep="0" rowsep="0">35</entry><entry colsep="0" rowsep="0">1.15</entry></row><row><entry colsep="0" rowsep="0">36</entry><entry colsep="0" rowsep="0">1.19</entry></row><row><entry colsep="0" rowsep="0">37</entry><entry colsep="0" rowsep="0">1.24</entry></row><row><entry colsep="0" rowsep="0">38</entry><entry colsep="0" rowsep="0">1.29</entry></row><row><entry colsep="0" rowsep="0">39</entry><entry colsep="0" rowsep="0">1.34</entry></row><row><entry colsep="0" rowsep="0">40</entry><entry colsep="0" rowsep="0">1.39</entry></row><row><entry colsep="0" rowsep="0">41</entry><entry colsep="0" rowsep="0">1.44</entry></row><row><entry colsep="0" rowsep="0">42</entry><entry colsep="0" rowsep="0">1.49</entry></row><row><entry colsep="0" rowsep="0">43</entry><entry colsep="0" rowsep="0">1.55</entry></row><row><entry colsep="0" rowsep="0">44</entry><entry colsep="0" rowsep="0">1.61</entry></row><row><entry colsep="0" rowsep="0">45</entry><entry colsep="0" rowsep="0">1.67</entry></row><row><entry colsep="0" rowsep="0">46</entry><entry colsep="0" rowsep="0">1.74</entry></row><row><entry colsep="0" rowsep="0">47</entry><entry colsep="0" rowsep="0">1.81</entry></row><row><entry colsep="0" rowsep="0">48</entry><entry colsep="0" rowsep="0">1.89</entry></row><row><entry colsep="0" rowsep="0">49</entry><entry colsep="0" rowsep="0">1.97</entry></row><row><entry colsep="0" rowsep="0">50</entry><entry colsep="0" rowsep="0">2.05</entry></row><row><entry colsep="0" rowsep="0">51</entry><entry colsep="0" rowsep="0">2.14</entry></row><row><entry colsep="0" rowsep="0">52</entry><entry colsep="0" rowsep="0">2.23</entry></row><row><entry colsep="0" rowsep="0">53</entry><entry colsep="0" rowsep="0">2.32</entry></row><row><entry colsep="0" rowsep="0">54</entry><entry colsep="0" rowsep="0">2.42</entry></row><row><entry colsep="0" rowsep="0">55</entry><entry colsep="0" rowsep="0">2.53</entry></row><row><entry colsep="0" rowsep="0">56</entry><entry colsep="0" rowsep="0">2.65</entry></row><row><entry colsep="0" rowsep="0">57</entry><entry colsep="0" rowsep="0">2.77</entry></row><row><entry colsep="0" rowsep="0">58</entry><entry colsep="0" rowsep="0">2.90</entry></row><row><entry colsep="0" rowsep="0">59</entry><entry colsep="0" rowsep="0">3.04</entry></row><row><entry colsep="0" rowsep="0">60</entry><entry colsep="0" rowsep="0">3.20</entry></row><row><entry colsep="0" rowsep="0">61</entry><entry colsep="0" rowsep="0">3.38</entry></row><row><entry colsep="0" rowsep="0">62</entry><entry colsep="0" rowsep="0">3.57</entry></row><row><entry colsep="0" rowsep="0">63</entry><entry colsep="0" rowsep="0">3.77</entry></row><row><entry colsep="0" rowsep="0">64</entry><entry colsep="0" rowsep="0">3.98</entry></row><row><entry colsep="0" rowsep="0">65</entry><entry colsep="0" rowsep="0">4.21</entry></row><row><entry colsep="0" rowsep="0">66</entry><entry colsep="0" rowsep="0">4.45</entry></row><row><entry colsep="0" rowsep="0">67</entry><entry colsep="0" rowsep="0">4.70</entry></row><row><entry colsep="0" rowsep="0">68</entry><entry colsep="0" rowsep="0">4.97</entry></row><row><entry colsep="0" rowsep="0">69</entry><entry colsep="0" rowsep="0">5.25</entry></row><row><entry colsep="0" rowsep="0">70</entry><entry colsep="0" rowsep="0">5.56</entry></row><row><entry colsep="0" rowsep="0">71</entry><entry colsep="0" rowsep="0">5.88</entry></row><row><entry colsep="0" rowsep="0">72</entry><entry colsep="0" rowsep="0">6.24</entry></row><row><entry colsep="0" rowsep="0">73</entry><entry colsep="0" rowsep="0">6.63</entry></row><row><entry colsep="0" rowsep="0">74</entry><entry colsep="0" rowsep="0">7.05</entry></row></tbody></tgroup></table></TableGroup><Provision format-ref="indent-0-0" language-align="no" list-item="no"><Text>NOTE: In this Schedule, “Age” refers to the age of the participant on the thirtieth day following the day on which the participant ceases to be employed in the Public Service or the age of the participant on the thirtieth day following the day on which the participant ceases to be a member of the regular force, as the case may be.</Text></Provision><HistoricalNote>SOR/92-716, s. 6; SOR/99-378, ss. 11, 12.</HistoricalNote></Schedule><Schedule bilingual="no" spanlanguages="yes"><ScheduleFormHeading><Label>SCHEDULE II</Label><OriginatingRef>(s. 25)</OriginatingRef></ScheduleFormHeading><ImageGroup position="center" width="33pc"><AlternateText>Form B Document issued as evidence that the person named herein is an elective participant under Part II of the Public Service Superannuation Act</AlternateText><Image source="CRC1360img\CRC1360_e001.png" /></ImageGroup><ImageGroup position="center" width="33pc"><AlternateText>Form C Document issued as evidence that the person named herein is an elective participant under Part II of the Public Service Superannuation Act</AlternateText><Image source="CRC1360img\CRC1360_e003.png" /></ImageGroup><HistoricalNote>SOR/86-633, s. 1; SOR/86-634, s. 1; SOR/92-716, s. 8(F).</HistoricalNote></Schedule><Schedule spanlanguages="no" bilingual="no"><ScheduleFormHeading><Label>SCHEDULE III</Label><OriginatingRef>(ss. 2 and 27)</OriginatingRef></ScheduleFormHeading><Provision format-ref="indent-0-0" language-align="yes"><Text>Crown corporations and public boards excluded from the application of Part II of the Act:</Text><List subsequent-line-indent="1" first-line-indent="0"><Item><Text>Canadian Broadcasting Corporation</Text></Item><Item><Text>Canadian Nuclear Laboratories Ltd.</Text></Item><Item><Text>Canadian Overseas Telecommunications Corporation</Text></Item><Item><Text>Crown Assets Disposal Corporation</Text></Item><Item><Text>Defence Construction (1951) Limited</Text></Item><Item><Text>Eldorado Aviation Limited</Text></Item><Item><Text>Eldorado Nuclear Limited</Text></Item><Item><Text>Freshwater Fish Marketing Corporation</Text></Item><Item><Text>Northern Transportation Company Limited</Text></Item><Item><Text>Polymer Corporation Limited</Text></Item><Item><Text>The Canada Council for the Arts</Text></Item><Item><Text>The Canadian International Grains Institute</Text></Item><Item><Text>The Canadian Wheat Board</Text></Item><Item><Text>The Jacques-Cartier and Champlain Bridges Inc.</Text></Item><Item><Text>The Seaway International Bridge Corporation Limited</Text></Item></List></Provision><HistoricalNote>SOR/78-288, s. 1; SOR/78-760, s. 1; SOR/79-500, s. 1; SOR/79-794, s. 1; SOR/90-201, s. 1; SOR/92-716, s. 10(F); SOR/99-378, s. 13; 2001, c. 34, s. 17; SOR/2014-249, s. 1; SOR/2015-172, s. 1.</HistoricalNote></Schedule><Schedule bilingual="no" spanlanguages="no"><ScheduleFormHeading><Label>SCHEDULE IV</Label><OriginatingRef>(s. 28)</OriginatingRef></ScheduleFormHeading><List first-line-indent="0" subsequent-line-indent="1"><Item><Text>A corporation specified in Schedule C or D to the <XRefExternal reference-type="act">Financial Administration Act</XRefExternal></Text></Item><Item><Text>Office of the Custodian of Enemy Property</Text></Item><Item><Text>Canada Council for the Arts</Text></Item><Item><Text>Canadian Council of Resource Ministers</Text></Item><Item><Text>International Development Research Centre</Text></Item><Item><Text>Canadian Saltfish Corporation</Text></Item><Item><Text>National Arts Centre Corporation</Text></Item><Item><Text>The Parliamentary Centre for Foreign Affairs and Foreign Trade</Text></Item><Item><Text>Heritage Canada</Text></Item></List><HistoricalNote>SOR/79-794, s. 2; 2001, c. 34, s. 17.</HistoricalNote></Schedule><Schedule bilingual="yes" spanlanguages="no"><ScheduleFormHeading><Label>SCHEDULE V/<Language xml:lang="fr">ANNEXE V</Language></Label><OriginatingRef>(Section 26)/<Language xml:lang="fr">(article 26)</Language></OriginatingRef></ScheduleFormHeading><ImageGroup bilingual="yes" position="center" width="38pc"><AlternateText>Naming or Substitution of a Beneficiary form</AlternateText><Image source="CRC1360img\CRC1360_ef006.png" /></ImageGroup><HistoricalNote>SOR/86-635, s. 2; SOR/92-716, s. 7(F).</HistoricalNote></Schedule></Regulation>