﻿<?xml version="1.0" encoding="utf-8"?><!DOCTYPE Regulation PUBLIC "-//Justice Canada//DTD Regulation v1.2.2//EN" "Dtd/Regulations/Version_1.2.2/regulation.dtd"><Regulation regulation-type="SOR" xml:lang="en"><Identification><InstrumentNumber>C.R.C., c. 837</InstrumentNumber><ConsolidationDate><Date><YYYY>2018</YYYY><MM>07</MM><DD>06</DD></Date></ConsolidationDate><LastModifiedDate><Date><YYYY>2005</YYYY><MM>7</MM><DD>12</DD></Date></LastModifiedDate><EnablingAuthority><XRefExternal reference-type="act">FISHERIES ACT</XRefExternal></EnablingAuthority><ShortTitle>Roe Herring Exemption Notice</ShortTitle><LongTitle>Notice Excepting Certain Roe Herring from the Operation of Section 29 of the Fisheries Act</LongTitle></Identification><Body><Heading level="1"><TitleText>Short Title</TitleText></Heading><Section><Label>1</Label><Text>This Notice may be cited as the <XRefExternal reference-type="regulation">Roe Herring Exemption Notice</XRefExternal>.</Text></Section><Heading level="1"><TitleText>Exemption</TitleText></Heading><Section><Label>2</Label><Text>Roe herring caught along the coast of British Columbia and from which roe has been extracted is hereby excepted from the operation of section 29 of the <XRefExternal reference-type="act">Fisheries Act</XRefExternal>.</Text></Section></Body></Regulation>