﻿<?xml version="1.0" encoding="utf-8"?><!DOCTYPE Regulation PUBLIC "-//Justice Canada//DTD Regulation v1.2.2//EN" "Dtd/Regulations/Version_1.2.2/regulation.dtd"><Regulation regulation-type="SOR" xml:lang="en"><Identification><InstrumentNumber>C.R.C., c. 757</InstrumentNumber><ConsolidationDate><Date><YYYY>2018</YYYY><MM>07</MM><DD>06</DD></Date></ConsolidationDate><LastModifiedDate><Date><YYYY>2005</YYYY><MM>6</MM><DD>15</DD></Date></LastModifiedDate><EnablingAuthority><XRefExternal reference-type="act">FINANCIAL ADMINISTRATION ACT</XRefExternal></EnablingAuthority><ShortTitle>Diplomatic (Excise Taxes) Remission Order</ShortTitle><LongTitle>Order Respecting the Remission of Excise Taxes to Diplomatic and Other Representatives of Another Country</LongTitle></Identification><Body><Heading level="1"><TitleText>Short Title</TitleText></Heading><Section><Label>1</Label><Text>This Order may be cited as the <XRefExternal reference-type="regulation">Diplomatic (Excise Taxes) Remission Order</XRefExternal>.</Text></Section><Heading level="1"><TitleText>Interpretation</TitleText></Heading><Section><Label>2</Label><Text>In this Order,</Text><Definition generate-in-text="no"><Text><DefinedTermEn>Minister</DefinedTermEn> means the Minister of National Revenue; (<DefinedTermFr>ministre</DefinedTermFr>)</Text></Definition><Definition generate-in-text="no"><Text><DefinedTermEn>representative</DefinedTermEn> means</Text><Paragraph><Label>(a)</Label><Text>the head of a diplomatic mission or the High Commissioner representing one of Her Majesty’s Governments,</Text></Paragraph><Paragraph><Label>(b)</Label><Text>a counsellor, secretary, attaché or officer of equal rank at an embassy, legation or office of a High Commissioner in Canada, or</Text></Paragraph><Paragraph><Label>(c)</Label><Text>a consul-general, consul, vice-consul, trade commissioner or assistant trade commissioner, who is a native or citizen of the country he represents and is not engaged in any other business or profession. (<DefinedTermFr>représentant</DefinedTermFr>)</Text></Paragraph></Definition></Section><Heading level="1"><TitleText>Remission</TitleText></Heading><Section><Label>3</Label><Text>Subject to sections 4 and 5, remission is hereby granted of the excise taxes payable, under Parts III and IV of the <XRefExternal reference-type="act">Excise Tax Act</XRefExternal>, on</Text><Paragraph><Label>(a)</Label><Text>cigars, cigarettes, manufactured tobaccos and wines, manufactured or produced in Canada and purchased by the representative for his personal or official use; and</Text></Paragraph><Paragraph><Label>(b)</Label><Text>goods imported into Canada by the representative for his personal or official use.</Text></Paragraph></Section><Heading level="1"><TitleText>Resale</TitleText></Heading><Section><Label>4</Label><Text>Remission is granted under this Order in respect of goods purchased or imported by a representative on condition that they are not sold or otherwise disposed of by him before they have been in his use or possession for one year.</Text></Section><Heading level="1"><TitleText>Reciprocity</TitleText></Heading><Section><Label>5</Label><Text>No remission will be granted under this Order to a representative of a government where the Under-Secretary of State for External Affairs has advised the Minister that full reciprocity is not being accorded by the government to offices, officials and employees of the Government of Canada.</Text></Section><Heading level="1"><TitleText>Application for Remission</TitleText></Heading><Section><Label>6</Label><Text>An application for remission shall be made on a form acceptable to the Minister and approved in the name of the head of the mission, consul post or trade commissioner’s office, as the case may be.</Text></Section></Body></Regulation>