﻿<?xml version="1.0" encoding="utf-8"?><!DOCTYPE Regulation PUBLIC "-//Justice Canada//DTD Regulation v1.2.2//EN" "Dtd/Regulations/Version_1.2.2/regulation.dtd"><Regulation regulation-type="SOR" xml:lang="en"><Identification><InstrumentNumber>C.R.C., c. 375</InstrumentNumber><ConsolidationDate><Date><YYYY>2018</YYYY><MM>07</MM><DD>06</DD></Date></ConsolidationDate><LastModifiedDate><Date><YYYY>2011</YYYY><MM>3</MM><DD>24</DD></Date></LastModifiedDate><EnablingAuthority><XRefExternal reference-type="act">BROADCASTING ACT</XRefExternal></EnablingAuthority><ShortTitle>CRTC Rules of Procedure</ShortTitle><LongTitle>Rules Respecting the Procedure of the Canadian Radio-Television and Telecommunications Commission</LongTitle></Identification><Repealed>[Repealed, SOR/2010-277, s. 78]</Repealed><Body><Heading level="1"><TitleText>Short Title</TitleText><Note>[Repealed, SOR/2010-277, s. 78]</Note></Heading><Section><Label>1</Label><Text><Repealed>[Repealed, SOR/2010-277, s. 78]</Repealed></Text></Section><Heading level="1"><TitleText>Interpretation</TitleText><Note>[Repealed, SOR/2010-277, s. 78]</Note></Heading><Section><Label>2</Label><Text><Repealed>[Repealed, SOR/2010-277, s. 78]</Repealed></Text></Section><Heading level="1"><TitleText>Applications</TitleText><Note>[Repealed, SOR/2010-277, s. 78]</Note></Heading><Section><Label>3</Label><Text><Repealed>[Repealed, SOR/2010-277, s. 78]</Repealed></Text></Section><Section><Label>4</Label><Text><Repealed>[Repealed, SOR/2010-277, s. 78]</Repealed></Text></Section><Section><Label>5</Label><Text><Repealed>[Repealed, SOR/2010-277, s. 78]</Repealed></Text></Section><Section><Label>6</Label><Text><Repealed>[Repealed, SOR/2010-277, s. 78]</Repealed></Text></Section><Section><Label>7</Label><Text><Repealed>[Repealed, SOR/2010-277, s. 78]</Repealed></Text></Section><Section><Label>8</Label><Text><Repealed>[Repealed, SOR/2010-277, s. 78]</Repealed></Text></Section><Heading level="1"><TitleText>Complaints and Representations</TitleText><Note>[Repealed, SOR/2010-277, s. 78]</Note></Heading><Section><Label>9</Label><Text><Repealed>[Repealed, SOR/2010-277, s. 78]</Repealed></Text></Section><Section><Label>10</Label><Text><Repealed>[Repealed, SOR/2010-277, s. 78]</Repealed></Text></Section><Section><Label>11</Label><Text><Repealed>[Repealed, SOR/2010-277, s. 78]</Repealed></Text></Section><Section><Label>12</Label><Text><Repealed>[Repealed, SOR/2010-277, s. 78]</Repealed></Text></Section><Heading level="1"><TitleText>Interventions</TitleText><Note>[Repealed, SOR/2010-277, s. 78]</Note></Heading><Section><Label>13</Label><Text><Repealed>[Repealed, SOR/2010-277, s. 78]</Repealed></Text></Section><Section><Label>14</Label><Text><Repealed>[Repealed, SOR/2010-277, s. 78]</Repealed></Text></Section><Section><Label>15</Label><Text><Repealed>[Repealed, SOR/2010-277, s. 78]</Repealed></Text></Section><Heading level="1"><TitleText>Reply to Interventions</TitleText><Note>[Repealed, SOR/2010-277, s. 78]</Note></Heading><Section><Label>16</Label><Text><Repealed>[Repealed, SOR/2010-277, s. 78]</Repealed></Text></Section><Section><Label>17</Label><Text><Repealed>[Repealed, SOR/2010-277, s. 78]</Repealed></Text></Section><Heading level="1"><TitleText>Service and Filing</TitleText><Note>[Repealed, SOR/2010-277, s. 78]</Note></Heading><Section><Label>18</Label><Text><Repealed>[Repealed, SOR/2010-277, s. 78]</Repealed></Text></Section><Section><Label>19</Label><Text><Repealed>[Repealed, SOR/2010-277, s. 78]</Repealed></Text></Section><Heading level="1"><TitleText>Confidential Information</TitleText><Note>[Repealed, SOR/2010-277, s. 78]</Note></Heading><Section><Label>20</Label><Text><Repealed>[Repealed, SOR/2010-277, s. 78]</Repealed></Text></Section><Heading level="1"><TitleText>Oaths</TitleText><Note>[Repealed, SOR/2010-277, s. 78]</Note></Heading><Section><Label>21</Label><Text><Repealed>[Repealed, SOR/2010-277, s. 78]</Repealed></Text></Section><Section><Label>22</Label><Text><Repealed>[Repealed, SOR/2010-277, s. 78]</Repealed></Text></Section><Section><Label>23</Label><Text><Repealed>[Repealed, SOR/2010-277, s. 78]</Repealed></Text></Section><Heading level="1"><TitleText>Proof of Service</TitleText><Note>[Repealed, SOR/2010-277, s. 78]</Note></Heading><Section><Label>24</Label><Text><Repealed>[Repealed, SOR/2010-277, s. 78]</Repealed></Text></Section><Heading level="1"><TitleText>Verification</TitleText><Note>[Repealed, SOR/2010-277, s. 78]</Note></Heading><Section><Label>25</Label><Text><Repealed>[Repealed, SOR/2010-277, s. 78]</Repealed></Text></Section><Heading level="1"><TitleText>Suspension of Proceedings</TitleText><Note>[Repealed, SOR/2010-277, s. 78]</Note></Heading><Section><Label>26</Label><Text><Repealed>[Repealed, SOR/2010-277, s. 78]</Repealed></Text></Section><Heading level="1"><TitleText>Notices Relating to Hearings</TitleText><Note>[Repealed, SOR/2010-277, s. 78]</Note></Heading><Section><Label>27</Label><Text><Repealed>[Repealed, SOR/2010-277, s. 78]</Repealed></Text></Section><Section><Label>28</Label><Text><Repealed>[Repealed, SOR/2010-277, s. 78]</Repealed></Text></Section><Heading level="1"><TitleText>Conference</TitleText><Note>[Repealed, SOR/2010-277, s. 78]</Note></Heading><Section><Label>29</Label><Text><Repealed>[Repealed, SOR/2010-277, s. 78]</Repealed></Text></Section><Heading level="1"><TitleText>Production and Inspection of Documents</TitleText><Note>[Repealed, SOR/2010-277, s. 78]</Note></Heading><Section><Label>30</Label><Text><Repealed>[Repealed, SOR/2010-277, s. 78]</Repealed></Text></Section><Heading level="1"><TitleText>Witnesses</TitleText><Note>[Repealed, SOR/2010-277, s. 78]</Note></Heading><Section><Label>31</Label><Text><Repealed>[Repealed, SOR/2010-277, s. 78]</Repealed></Text></Section><Heading level="1"><TitleText>The Public Hearing</TitleText><Note>[Repealed, SOR/2010-277, s. 78]</Note></Heading><Section><Label>32</Label><Text><Repealed>[Repealed, SOR/2010-277, s. 78]</Repealed></Text></Section><Section><Label>33</Label><Text><Repealed>[Repealed, SOR/2010-277, s. 78]</Repealed></Text></Section><Section><Label>34</Label><Text><Repealed>[Repealed, SOR/2010-277, s. 78]</Repealed></Text></Section><Section><Label>35</Label><Text><Repealed>[Repealed, SOR/2010-277, s. 78]</Repealed></Text></Section><Section><Label>36</Label><Text><Repealed>[Repealed, SOR/2010-277, s. 78]</Repealed></Text></Section><Heading level="1"><TitleText>Comments by Community Groups or Individuals</TitleText><Note>[Repealed, SOR/2010-277, s. 78]</Note></Heading><Section><Label>37</Label><Text><Repealed>[Repealed, SOR/2010-277, s. 78]</Repealed></Text></Section><Heading level="1"><TitleText>Objections Based on Form</TitleText><Note>[Repealed, SOR/2010-277, s. 78]</Note></Heading><Section><Label>38</Label><Text><Repealed>[Repealed, SOR/2010-277, s. 78]</Repealed></Text></Section><Heading level="1"><TitleText>Amendment</TitleText><Note>[Repealed, SOR/2010-277, s. 78]</Note></Heading><Section><Label>39</Label><Text><Repealed>[Repealed, SOR/2010-277, s. 78]</Repealed></Text></Section><Heading level="1"><TitleText>Adjournment</TitleText><Note>[Repealed, SOR/2010-277, s. 78]</Note></Heading><Section><Label>40</Label><Text><Repealed>[Repealed, SOR/2010-277, s. 78]</Repealed></Text></Section><Heading level="1"><TitleText>Orders and Decisions</TitleText><Note>[Repealed, SOR/2010-277, s. 78]</Note></Heading><Section><Label>41</Label><Text><Repealed>[Repealed, SOR/2010-277, s. 78]</Repealed></Text></Section><Section><Label>42</Label><Text><Repealed>[Repealed, SOR/2010-277, s. 78]</Repealed></Text></Section><Section><Label>43</Label><Text><Repealed>[Repealed, SOR/2010-277, s. 78]</Repealed></Text></Section><Heading level="1"><TitleText>Change of Ownership or Control</TitleText><Note>[Repealed, SOR/2010-277, s. 78]</Note></Heading><Section><Label>44</Label><Text><Repealed>[Repealed, SOR/2010-277, s. 78]</Repealed></Text></Section></Body><Schedule bilingual="no" spanlanguages="no"><ScheduleFormHeading><Label>SCHEDULE I</Label><OriginatingRef>(Sections 3, 14 and 17)</OriginatingRef><TitleText>Appointment of Agent</TitleText></ScheduleFormHeading><Repealed>[Repealed, SOR/2010-277, s. 78]</Repealed></Schedule><Schedule bilingual="no"><ScheduleFormHeading><Label>SCHEDULE II</Label><OriginatingRef>(Section 31)</OriginatingRef><TitleText>The Canadian Radio-television and Telecommunications Commission</TitleText></ScheduleFormHeading><Repealed>[Repealed, SOR/2010-277, s. 78]</Repealed></Schedule></Regulation>