﻿<?xml version="1.0" encoding="utf-8"?><!DOCTYPE Regulation PUBLIC "-//Justice Canada//DTD Regulation v1.2.2//EN" "Dtd/Regulations/Version_1.2.2/regulation.dtd"><Regulation regulation-type="SOR" xml:lang="en"><Identification><InstrumentNumber>C.R.C., c. 129</InstrumentNumber><ConsolidationDate><Date><YYYY>2018</YYYY><MM>07</MM><DD>06</DD></Date></ConsolidationDate><LastModifiedDate><Date><YYYY>2005</YYYY><MM>6</MM><DD>3</DD></Date></LastModifiedDate><EnablingAuthority><XRefExternal reference-type="act">AGRICULTURAL PRODUCTS MARKETING ACT</XRefExternal></EnablingAuthority><ShortTitle>Alberta Egg Marketing Levies Order</ShortTitle><LongTitle>Order Providing for the Fixing, Imposing and Collecting of Levies From Certain Egg Producers in Alberta</LongTitle></Identification><Body><Heading level="1"><TitleText>Short Title</TitleText></Heading><Section><Label>1</Label><Text>This Order may be cited as the <XRefExternal reference-type="regulation">Alberta Egg Marketing Levies Order</XRefExternal>.</Text></Section><Heading level="1"><TitleText>Interpretation</TitleText></Heading><Section><Label>2</Label><Text>In this Order,</Text><Definition generate-in-text="no"><Text><DefinedTermEn>Act</DefinedTermEn> means <XRefExternal reference-type="act">The Marketing of Agricultural Products Act</XRefExternal> of Alberta; (<DefinedTermFr>Loi</DefinedTermFr>)</Text></Definition><Definition generate-in-text="no"><Text><DefinedTermEn>Commodity Board</DefinedTermEn> means the Alberta Egg and Fowl Marketing Board established pursuant to the Act; (<DefinedTermFr>Office de commercialisation</DefinedTermFr>)</Text></Definition><Definition generate-in-text="no"><Text><DefinedTermEn>egg</DefinedTermEn> means the egg of a hen produced in Alberta and includes the egg product of a hen produced and prepared in Alberta; (<DefinedTermFr>oeuf</DefinedTermFr>)</Text></Definition><Definition generate-in-text="no"><Text><DefinedTermEn>hen</DefinedTermEn> means the hen of any class of the domestic chicken belonging to the species <Language xml:lang="la">Gallus Domesticus</Language>; (<DefinedTermFr>poule</DefinedTermFr>)</Text></Definition><Definition generate-in-text="no"><Text><DefinedTermEn>Plan</DefinedTermEn> means any plan for the marketing of eggs established and amended from time to time pursuant to the Act; (<DefinedTermFr>Plan</DefinedTermFr>)</Text></Definition><Definition generate-in-text="no"><Text><DefinedTermEn>processor</DefinedTermEn> means any person who grades, packs, transforms and who markets, stores and transports eggs; (<DefinedTermFr>transformateur</DefinedTermFr>)</Text></Definition><Definition generate-in-text="no"><Text><DefinedTermEn>producer</DefinedTermEn> means any person engaged in the production of eggs in Alberta; (<DefinedTermFr>producteur</DefinedTermFr>)</Text></Definition><Definition generate-in-text="no"><Text><DefinedTermEn>producer grader</DefinedTermEn> means any producer who grades, packs and markets his own eggs. (<DefinedTermFr>producteur-classeur</DefinedTermFr>)</Text></Definition></Section><Heading level="1"><TitleText>Levies</TitleText></Heading><Section><Label>3</Label><Text>Every producer or producer grader shall pay to the Commodity Board, in addition to the service charges set out under the Plan, levies at the rate of $0.005 per dozen eggs sold by him.</Text></Section><Section><Label>4</Label><Subsection><Label>(1)</Label><Text>Every processor who buys eggs from a producer shall deduct from the moneys payable to the producer for the eggs, the levies payable under section 3, and shall pay and account to the Commodity Board for the said levies not later than Wednesday of the week following the week within which the eggs were bought.</Text></Subsection><Subsection><Label>(2)</Label><Text>Where a producer or a producer grader sells eggs to any person other than a processor, he shall pay to the Commodity Board the levies payable under section 3 not later than Wednesday of the week following the week in which the eggs were sold.</Text></Subsection></Section><Section><Label>5</Label><Subsection><Label>(1)</Label><Text>The accounting by the processor to the Commodity Board required by subsection 4(1) shall be in a form determined by the Commodity Board from time to time.</Text></Subsection><Subsection><Label>(2)</Label><Text>The levies, from the time of their deduction to the time of accounting and payment to the Commodity Board, shall be segregated as funds held in trust for the Commodity Board.</Text></Subsection></Section></Body></Regulation>