﻿<?xml version="1.0" encoding="utf-8"?><!DOCTYPE Regulation PUBLIC "-//Justice Canada//DTD Regulation v1.2.2//EN" "Dtd/Regulations/Version_1.2.2/regulation.dtd"><Regulation gazette-part="II" regulation-type="SOR" xml:lang="en"><Identification><InstrumentNumber>C.R.C., c. 122</InstrumentNumber><ConsolidationDate><Date><YYYY>2018</YYYY><MM>07</MM><DD>06</DD></Date></ConsolidationDate><LastModifiedDate><Date><YYYY>2012</YYYY><MM>3</MM><DD>13</DD></Date></LastModifiedDate><EnablingAuthority><XRefExternal reference-type="act">AERONAUTICS ACT</XRefExternal></EnablingAuthority><ShortTitle>Whitehorse Airport Zoning Regulations</ShortTitle><LongTitle>Regulations Respecting Zoning at Whitehorse Airport</LongTitle></Identification><Body><Heading level="1"><TitleText>Short Title</TitleText></Heading><Section><Label>1</Label><Text>These Regulations may be cited as the <XRefExternal reference-type="regulation">Whitehorse Airport Zoning Regulations</XRefExternal>.</Text></Section><Heading level="1"><TitleText>Interpretation</TitleText></Heading><Section><Label>2</Label><Text>In these Regulations,</Text><Definition generate-in-text="no"><Text><DefinedTermEn>airport</DefinedTermEn> means Whitehorse Airport, in the vicinity of Whitehorse, in the Yukon Territory; (<DefinedTermFr>aéroport</DefinedTermFr>)</Text></Definition><Definition generate-in-text="no"><Text><DefinedTermEn>airport reference point</DefinedTermEn> means the point described in Part I of the schedule; (<DefinedTermFr>point de repère de l’aéroport</DefinedTermFr>)</Text></Definition><Definition generate-in-text="no"><Text><DefinedTermEn>approach surface</DefinedTermEn> means an imaginary inclined plane extending upward and outward from the end of each strip along and at right angles to the projected centre line thereof, which approach surface is more particularly described in Part III of the schedule; (<DefinedTermFr>surface d’approche</DefinedTermFr>)</Text></Definition><Definition generate-in-text="no"><Text><DefinedTermEn>Minister</DefinedTermEn><Repealed>[Revoked, SOR/93-401, s. 2]</Repealed></Text></Definition><Definition generate-in-text="no"><Text><DefinedTermEn>outer surface</DefinedTermEn> means an imaginary surface located above and in the immediate vicinity of the airport, which outer surface is more particularly described in Part IV of the schedule; (<DefinedTermFr>surface extérieure</DefinedTermFr>)</Text></Definition><Definition generate-in-text="no"><Text><DefinedTermEn>strip</DefinedTermEn> means a rectangular portion of the landing area of the airport including the runway prepared for the take-off and landing of aircraft in a particular direction, which strip is more particularly described in Part V of the schedule; (<DefinedTermFr>bande</DefinedTermFr>)</Text></Definition><Definition generate-in-text="no"><Text><DefinedTermEn>transitional surface</DefinedTermEn> means an imaginary inclined plane extending upward and outward from the lateral limits of a strip and its approach surfaces, which transitional surface is more particularly described in Part VI of the schedule. (<DefinedTermFr>surface de transition</DefinedTermFr>)</Text></Definition><HistoricalNote>SOR/93-401, s. 2.</HistoricalNote></Section><Section><Label>3</Label><Text>For the purposes of these Regulations, the airport reference point is deemed to be 2,276 feet above sea level.</Text></Section><Heading level="1"><TitleText>Application</TitleText></Heading><Section><Label>4</Label><Text>These Regulations apply to all the lands and lands under water, including public road allowances, adjacent to or in the vicinity of the airport, the outer limits of which lands are described in Part II of the schedule, other than such lands as from time to time form part of the airport.</Text></Section><Heading level="1"><TitleText>General</TitleText></Heading><Section><Label>5</Label><Text>No person shall erect or construct on any land or any land under water to which these Regulations apply, any building, structure or object or any addition to any existing building, structure or object, the highest point of which will exceed in elevation at the location of the highest point any of the surfaces hereinafter set out that project immediately over and above the surface of the land at that location, namely,</Text><Paragraph><Label>(a)</Label><Text>the approach surfaces;</Text></Paragraph><Paragraph><Label>(b)</Label><Text>the outer surfaces; or</Text></Paragraph><Paragraph><Label>(c)</Label><Text>the transitional surfaces.</Text></Paragraph></Section></Body><Schedule bilingual="no" spanlanguages="no"><ScheduleFormHeading><Label>SCHEDULE</Label><OriginatingRef>(Sections 2 and 4)</OriginatingRef></ScheduleFormHeading><Heading level="1"><Label>PART I</Label><TitleText>Airport Reference Point</TitleText></Heading><Provision format-ref="indent-0-0" language-align="yes" list-item="no"><Text>Being the southwesterly corner of former Lot 17, Group 804, Canada Lands Surveys Records Plan No. 40188 which lies on a perpendicular three hundred and seventy-two (372) feet in length more or less drawn easterly from and to the centre line of the runway designated 13L-31R distant six hundred and thirty (630) feet more or less southerly along the said centre line from the intersection of the centre lines of the runways designated 13L-31R and 18-36.</Text></Provision><Heading level="1"><Label>PART II</Label><TitleText>Description of Outer Limits of Lands</TitleText></Heading><Provision format-ref="indent-0-0" language-align="yes" list-item="no"><Text>Being two lines drawn parallel to, on opposite sides of and perpendicularly distant thirteen thousand (13,000) feet from the centre line of the runway designated 13R-31L and productions thereof and two lines drawn perpendicular to the said centre line from points distant ten thousand (10,000) feet measured northerly and southerly from the strip ends along the said centre line and productions thereof excluding thereout and therefrom Indian Reserve No. 8, being Lot 226, Group 5, Plan 24100 (C.L.S.R.), which outer limits are shown on Department of Transport Plan No. E.1012, dated January 19, 1972.</Text></Provision><Heading level="1"><Label>PART III</Label><TitleText>Description of Approach Surfaces</TitleText></Heading><Provision format-ref="indent-0-0" language-align="yes" list-item="no"><Text>Being a surface abutting each end of the strips associated with the runways designated 13L-31R, 13R-31L and 18-36, and more particularly described as follows:</Text><Provision format-ref="indent-1-1" language-align="no" list-item="no"><Label>(a)</Label><Text>a surface abutting the end of the strip associated with runway approach 13L consisting of an inclined plane having a ratio of one (1) foot measured vertically to fifty (50) feet measured horizontally rising to an imaginary horizontal line drawn at right angles to the projected centre line of the strip, two hundred (200) feet measured vertically above the elevation at the end of the strip and ten thousand (10,000) feet measured horizontally from the end of the strip, the outer ends of the imaginary horizontal line being two thousand (2,000) feet from the projected centre line,</Text></Provision><Provision format-ref="indent-1-1" language-align="no" list-item="no"><Label>(b)</Label><Text>a surface abutting the end of the strip associated with runway approach 13R consisting of an inclined plane having a ratio of one (1) foot measured vertically to fifty (50) feet measured horizontally rising to an imaginary horizontal line drawn at right angles to the projected centre line of the strip, two hundred (200) feet measured vertically above the elevation at the end of the strip and ten thousand (10,000) feet measured horizontally from the end of the strip, the outer ends of the imaginary horizontal line being two thousand (2,000) feet from the projected centre line,</Text></Provision><Provision format-ref="indent-1-1" language-align="no" list-item="no"><Label>(c)</Label><Text>a surface abutting the end of the strip associated with runway approach 18 consisting of an inclined plane having a ratio of one (1) foot measured vertically to forty (40) feet measured horizontally rising to an imaginary horizontal line drawn at right angles to the projected centre line of the strip, one hundred and fifty-two (152) feet measured vertically above the elevation at the end of the strip and six thousand and eighty (6,080) feet measured horizontally from the end of the strip, the outer end of the imaginary horizontal line being eight hundred and fifty-eight (858) feet from the projected centre line,</Text></Provision><Provision format-ref="indent-1-1" language-align="no" list-item="no"><Label>(d)</Label><Text>a surface abutting the end of the strip associated with runway approach 31R consisting of an inclined plane having a ratio of one (1) foot measured vertically to fifty (50) feet measured horizontally rising to an imaginary horizontal line drawn at right angles to the projected centre line of the strip, two hundred (200) feet measured vertically above the elevation at the end of the strip and ten thousand (10,000) feet measured horizontally from the end of the strip, the outer ends of the imaginary horizontal line being two thousand (2,000) feet from the projected centre line,</Text></Provision><Provision format-ref="indent-1-1" language-align="no" list-item="no"><Label>(e)</Label><Text>a surface abutting the end of the strip associated with runway approach 31L consisting of an inclined plane having a ratio of one (1) foot measured vertically to fifty (50) feet measured horizontally rising to an imaginary horizontal line drawn at right angles to the projected centre line of the strip, two hundred (200) feet measured vertically above the elevation at the end of the strip and ten thousand (10,000) feet measured horizontally from the end of the strip, the outer ends of the imaginary horizontal line being two thousand (2,000) feet from the projected centre line, and</Text></Provision><Provision format-ref="indent-1-1" language-align="no" list-item="no"><Label>(f)</Label><Text>a surface abutting the end of the strip associated with runway approach 36 consisting of an inclined plane having a ratio of one (1) foot measured vertically to forty (40) feet measured horizontally rising to an imaginary horizontal line drawn at right angles to the projected centre line of the strip, one hundred and fifty (150) feet measured vertically above the elevation at the end of the strip and six thousand and eighty (6,080) feet measured horizontally from the end of the strip, the outer end of the imaginary horizontal line being eight hundred and fifty (850) feet from the projected centre line,</Text></Provision><Provision format-ref="indent-0-0" language-align="no" list-item="no"><Text>which approach surfaces are shown on Department of Transport Plan No. E.1012 dated January 19, 1972.</Text></Provision></Provision><Heading level="1"><Label>PART IV</Label><TitleText>Description of the Outer Surface</TitleText></Heading><Provision format-ref="indent-0-0" language-align="yes" list-item="no"><Text>Being an imaginary surface consisting of</Text><Provision format-ref="indent-1-1" language-align="no" list-item="no"><Label>(a)</Label><Text>a common plane established at a constant elevation of one hundred and fifty (150) feet above the assigned elevation of the airport reference point, and</Text></Provision><Provision format-ref="indent-1-1" language-align="no" list-item="no"><Label>(b)</Label><Text>where the common plane described in paragraph (a) is less than thirty (30) feet above the surface of the ground, an imaginary surface located thirty (30) feet above the surface of the ground,</Text></Provision><Provision format-ref="indent-0-0" language-align="no" list-item="no"><Text>which outer surface is shown on Department of Transport Plan No. E.1012, January 19, 1972.</Text></Provision></Provision><Heading level="1"><Label>PART V</Label><TitleText>Description of Each Strip</TitleText></Heading><Provision format-ref="indent-0-0" language-align="yes" list-item="no"><Text>Each strip is described as follows:</Text><Provision format-ref="indent-1-1" language-align="no" list-item="no"><Label>(a)</Label><Text>the strip associated with runway 18-36 is five hundred (500) feet in width, two hundred and fifty (250) feet being on each side of the centre line of the runway, and two thousand nine hundred and fifty (2,950) feet in length,</Text></Provision><Provision format-ref="indent-1-1" language-align="no" list-item="no"><Label>(b)</Label><Text>the strip associated with runway 13R-31L is one thousand two hundred (1,200) feet in width, six hundred (600) feet being on each side of the centre line of the runway, and eight thousand six hundred (8,600) feet in length, and</Text></Provision><Provision format-ref="indent-1-1" language-align="no" list-item="no"><Label>(c)</Label><Text>the strip associated with runway 13L-31R is one thousand two hundred (1,200) feet in width, six hundred (600) feet being on each side of the centre line of the runway, and seven thousand two hundred (7,200) feet in length,</Text></Provision><Provision format-ref="indent-0-0" language-align="no" list-item="no"><Text>which strips are shown on Department of Transport Plan No. E.1012, dated January 19, 1972.</Text></Provision></Provision><Heading level="1"><Label>PART VI</Label><TitleText>Description of Each Transitional Surface</TitleText></Heading><Provision format-ref="indent-0-0" language-align="yes" list-item="no"><Text>Being a surface consisting of an inclined plane rising at a ratio of one (1) foot measured vertically to seven (7) feet measured horizontally at right angles to the centre line and centre line produced of each strip and extending upward and outward from the lateral limits of each strip and its approach surfaces to an intersection with the outer surface or another transitional surface of an adjoining strip, all as shown on Department of Transport Plan No. E.1012 dated January 19, 1972.</Text></Provision></Schedule></Regulation>