﻿<?xml version="1.0" encoding="utf-8"?><!DOCTYPE Regulation PUBLIC "-//Justice Canada//DTD Regulation v1.2.2//EN" "Dtd/Regulations/Version_1.2.2/regulation.dtd"><Regulation regulation-type="SOR" xml:lang="en"><Identification><InstrumentNumber>C.R.C., c. 968</InstrumentNumber><ConsolidationDate><Date><YYYY>2018</YYYY><MM>07</MM><DD>06</DD></Date></ConsolidationDate><LastModifiedDate><Date><YYYY>2006</YYYY><MM>10</MM><DD>26</DD></Date></LastModifiedDate><EnablingAuthority><XRefExternal reference-type="act">DEPARTMENT OF INDUSTRY ACT</XRefExternal><XRefExternal reference-type="act">APPROPRIATION ACT NO. 2, 1977</XRefExternal><XRefExternal reference-type="act">APPROPRIATION ACTS</XRefExternal></EnablingAuthority><ShortTitle>Consolidated Computer Inc. Enterprise Development Regulations</ShortTitle><LongTitle>Regulations Respecting Enterprise Development Program Assistance to Consolidated Computer Inc.</LongTitle></Identification><Body><Heading level="1"><TitleText>Short Title</TitleText></Heading><Section><Label>1</Label><Text>These Regulations may be cited as the <XRefExternal reference-type="regulation">Consolidated Computer Inc. Enterprise Development Regulations</XRefExternal>.</Text></Section><Heading level="1"><TitleText>Interpretation</TitleText></Heading><Section><Label>2</Label><Text>In these Regulations, all words and expressions have the same meaning as in the <XRefExternal reference-type="regulation">Enterprise Development Regulations</XRefExternal>.</Text></Section><Heading level="1"><TitleText>Special Loans</TitleText></Heading><Section><Label>3</Label><Subsection><Label>(1)</Label><Text>Notwithstanding subsection 35(1) of the <XRefExternal reference-type="regulation">Enterprise Development Regulations</XRefExternal>, the Board may, under section 28 of those Regulations, provide insurance in an amount not exceeding 99 per cent of the amount of loans, not exceeding $30 million in the aggregate, made by private lenders for the purpose of facilitating the leasing of computer products manufactured by Consolidated Computer Inc., a corporation incorporated under the laws of the Province of Ontario and having its head office in the City of Toronto in that Province.</Text></Subsection><Subsection><Label>(2)</Label><Text>Notwithstanding section 38 of the <XRefExternal reference-type="regulation">Enterprise Development Regulations</XRefExternal>, where a private lender has demanded repayment of a loan described in subsection (1) of these Regulations in respect of which insurance has been provided under section 28 of the <XRefExternal reference-type="regulation">Enterprise Development Regulations</XRefExternal>, prior to the maturity of that loan, the amount payable by Her Majesty to the private lender shall not exceed the lesser of</Text><Paragraph><Label>(a)</Label><Text>the amount of insurance in effect on the date of such demand; and</Text></Paragraph><Paragraph><Label>(b)</Label><Text>99 per cent of the loss incurred by the private lender.</Text></Paragraph></Subsection></Section></Body></Regulation>