﻿<?xml version="1.0" encoding="utf-8"?><!DOCTYPE Regulation PUBLIC "-//Justice Canada//DTD Regulation v1.2.2//EN" "Dtd/Regulations/Version_1.2.2/regulation.dtd"><Regulation regulation-type="SOR" xml:lang="en"><Identification><InstrumentNumber>C.R.C., c. 1235</InstrumentNumber><ConsolidationDate><Date><YYYY>2018</YYYY><MM>07</MM><DD>06</DD></Date></ConsolidationDate><LastModifiedDate><Date><YYYY>2005</YYYY><MM>7</MM><DD>21</DD></Date></LastModifiedDate><EnablingAuthority><XRefExternal reference-type="act">NORTHWEST TERRITORIES ACT</XRefExternal></EnablingAuthority><ShortTitle>Additional Legislative Powers Designation Order</ShortTitle><LongTitle>Order Designating Additional Legislative Powers Vested in the Commissioner in Council</LongTitle></Identification><Body><Heading level="1"><TitleText>Short Title</TitleText></Heading><Section><Label>1</Label><Text>This Order may be cited as the <XRefExternal reference-type="regulation">Additional Legislative Powers Designation Order</XRefExternal>.</Text></Section><Heading level="1"><TitleText>Designation</TitleText></Heading><Section><Label>2</Label><Text>The making of grants and loans to individuals and the making of loans to persons are hereby designated as matters in relation to which the Commissioner in Council of the Northwest Territories may make Ordinances.</Text></Section></Body></Regulation>