﻿<?xml version="1.0" encoding="utf-8"?><!DOCTYPE Regulation PUBLIC "-//Justice Canada//DTD Regulation v1.2.2//EN" "Dtd/Regulations/Version_1.2.2/regulation.dtd"><Regulation regulation-type="SOR" xml:lang="en"><Identification><InstrumentNumber>C.R.C., c. 672</InstrumentNumber><ConsolidationDate><Date><YYYY>2018</YYYY><MM>07</MM><DD>06</DD></Date></ConsolidationDate><LastModifiedDate><Date><YYYY>2005</YYYY><MM>7</MM><DD>11</DD></Date></LastModifiedDate><EnablingAuthority><XRefExternal reference-type="act">FINANCIAL ADMINISTRATION ACT</XRefExternal></EnablingAuthority><ShortTitle>Advance Payments for Crops Guarantee Assignments Regulations</ShortTitle><LongTitle>Regulations Respecting the Assignment of the Right of Organizations under Subsection 12(1) of the Advance Payments for Crops Act</LongTitle></Identification><Body><Heading level="1"><TitleText>Short Title</TitleText></Heading><Section><Label>1</Label><Text>These Regulations may be cited as the <XRefExternal reference-type="regulation">Advance Payments for Crops Guarantee Assignments Regulations</XRefExternal>.</Text></Section><Heading level="1"><TitleText>Designation</TitleText></Heading><Section><Label>2</Label><Text>Any person occupying the position of Assistant Deputy Minister, Food Production and Marketing Branch, Department of Agriculture, is hereby designated as the paying officer for the purposes of Part IX of the <XRefExternal reference-type="act">Financial Administration Act</XRefExternal> in respect of an assignment of the rights of an organization under subsection 12(1) of the <XRefExternal reference-type="act">Advance Payments for Crops Act</XRefExternal>.</Text></Section><Heading level="1"><TitleText>Prescription</TitleText></Heading><Section><Label>3</Label><Text>For the purposes of paragraph 81(1)(b) of the <XRefExternal reference-type="act">Financial Administration Act</XRefExternal>, the rights of an organization under subsection 12(1) of the <XRefExternal reference-type="act">Advance Payments for Crops Act</XRefExternal> is a prescribed class of Crown debts.</Text></Section></Body></Regulation>