﻿<?xml version="1.0" encoding="utf-8"?><!DOCTYPE Regulation PUBLIC "-//Justice Canada//DTD Regulation v1.2.2//EN" "Dtd/Regulations/Version_1.2.2/regulation.dtd"><Regulation regulation-type="SOR" xml:lang="en"><Identification><InstrumentNumber>C.R.C., c. 276</InstrumentNumber><ConsolidationDate><Date><YYYY>2018</YYYY><MM>07</MM><DD>06</DD></Date></ConsolidationDate><LastModifiedDate><Date><YYYY>2005</YYYY><MM>6</MM><DD>27</DD></Date></LastModifiedDate><EnablingAuthority><XRefExternal reference-type="act">AGRICULTURAL PRODUCTS MARKETING ACT</XRefExternal></EnablingAuthority><ShortTitle>Saskatchewan Hog Information (Interprovincial and Export) Regulations</ShortTitle><LongTitle>Regulations Respecting the Information Required from Persons Engaged in the Marketing in Interprovincial and Export Trade of Hogs Produced in Saskatchewan</LongTitle></Identification><Body><Heading level="1"><TitleText>Short Title</TitleText></Heading><Section><Label>1</Label><Text>These Regulations may be cited as the <XRefExternal reference-type="regulation">Saskatchewan Hog Information (Interprovincial and Export) Regulations</XRefExternal>.</Text></Section><Heading level="1"><TitleText>Interpretation</TitleText></Heading><Section><Label>2</Label><Text>In these Regulations,</Text><Definition generate-in-text="no"><Text><DefinedTermEn>Act</DefinedTermEn> means <XRefExternal reference-type="act">The Natural Products Marketing Act, 1972</XRefExternal> of Saskatchewan; (<DefinedTermFr>Loi</DefinedTermFr>)</Text></Definition><Definition generate-in-text="no"><Text><DefinedTermEn>assembly yard</DefinedTermEn> means premises to which producers may deliver their hogs; (<DefinedTermFr>parc de groupage</DefinedTermFr>)</Text></Definition><Definition generate-in-text="no"><Text><DefinedTermEn>assembly yard operator</DefinedTermEn> means the owner or the operator of an assembly yard; (<DefinedTermFr>exploitant d’un parc de groupage</DefinedTermFr>)</Text></Definition><Definition generate-in-text="no"><Text><DefinedTermEn>Commission</DefinedTermEn> means the Saskatchewan Hog Marketing Commission established pursuant to the Act and the Plan; (<DefinedTermFr>Commission</DefinedTermFr>)</Text></Definition><Definition generate-in-text="no"><Text><DefinedTermEn>hog</DefinedTermEn> means any member of the species <Language xml:lang="la">Sus Scrofa L.</Language> (domestic pig) produced in Saskatchewan; (<DefinedTermFr>porc</DefinedTermFr>)</Text></Definition><Definition generate-in-text="no"><Text><DefinedTermEn>Plan</DefinedTermEn> means the Saskatchewan Hog Marketing Plan established and amended from time to time pursuant to the Act; (<DefinedTermFr>Plan</DefinedTermFr>)</Text></Definition><Definition generate-in-text="no"><Text><DefinedTermEn>processor</DefinedTermEn> means any person engaged in the business of processing hogs or using hogs in manufacturing; (<DefinedTermFr>transformateur</DefinedTermFr>)</Text></Definition><Definition generate-in-text="no"><Text><DefinedTermEn>producer</DefinedTermEn> means</Text><Paragraph><Label>(a)</Label><Text>any person engaged in producing or feeding hogs and making them available for slaughter and includes the employer of any such person,</Text></Paragraph><Paragraph><Label>(b)</Label><Text>any person who, under any lease or agreement, is entitled to a share of the hogs produced or fed by a person referred to in paragraph (a), and</Text></Paragraph><Paragraph><Label>(c)</Label><Text>any person who takes possession of any hogs from any person under any form of security for a debt; (<DefinedTermFr>producteur</DefinedTermFr>)</Text></Paragraph></Definition><Definition generate-in-text="no"><Text><DefinedTermEn>small processor</DefinedTermEn> means a processor who, in the previous calendar year, processed less than two per cent of all hogs slaughtered in Saskatchewan according to the reports published by the Department of Agriculture of Canada. (<DefinedTermFr>petit transformateur</DefinedTermFr>)</Text></Definition></Section><Heading level="1"><TitleText>Application</TitleText></Heading><Section><Label>3</Label><Text>These Regulations apply only to the marketing of hogs in interprovincial and export trade and to persons and property situated in the Province of Saskatchewan.</Text></Section><Heading level="1"><TitleText>Books and Records</TitleText></Heading><Section><Label>4</Label><Text>Every person engaged in the marketing of hogs shall</Text><Paragraph><Label>(a)</Label><Text>keep complete and accurate books and records of all matters relating to such marketing and retain those books and records for at least three years;</Text></Paragraph><Paragraph><Label>(b)</Label><Text>upon request of any member or authorized representative of the Commission, produce the books and records referred to in paragraph (a).</Text></Paragraph><HistoricalNote>SOR/82-486, s. 1.</HistoricalNote></Section><Heading level="1"><TitleText>Inspection</TitleText></Heading><Section><Label>5</Label><Subsection><Label>(1)</Label><Text>Any member or authorized representative of the Commission may, at any reasonable time, inspect any place or premises used for the marketing of hogs.</Text></Subsection><Subsection><Label>(2)</Label><Text>Every person in possession or control of any place or premises referred to in subsection (1) shall</Text><Paragraph><Label>(a)</Label><Text>permit any member or authorized representative of the Commission to inspect such place or premises; and</Text></Paragraph><Paragraph><Label>(b)</Label><Text>furnish any member or authorized representative of the Commission with such information in respect of the marketing of hogs as he may reasonably require.</Text></Paragraph></Subsection></Section><Heading level="1"><TitleText>Weekly Statements</TitleText></Heading><Section><Label>6</Label><Subsection><Label>(1)</Label><Text>Every small processor shall submit to the Commission a weekly statement indicating</Text><Paragraph><Label>(a)</Label><Text>the name, address and farm registration number of every producer from whom it purchased hogs;</Text></Paragraph><Paragraph><Label>(b)</Label><Text>the name, address and farm registration number, where applicable, of every producer or consumer on behalf of whom it custom processed a hog;</Text></Paragraph><Paragraph><Label>(c)</Label><Text>the quantity, variety, grade, class or size of hogs so purchased or processed; and</Text></Paragraph><Paragraph><Label>(d)</Label><Text>the price paid for such hogs.</Text></Paragraph></Subsection><Subsection><Label>(2)</Label><Text>Every operator of an assembly yard who holds auctions of sows shall submit to the Commission a weekly statement indicating the number of sows sold at each auction.</Text></Subsection></Section></Body></Regulation>