﻿<?xml version="1.0" encoding="utf-8"?><!DOCTYPE Regulation PUBLIC "-//Justice Canada//DTD Regulation v1.2.2//EN" "Dtd/Regulations/Version_1.2.2/regulation.dtd"><Regulation regulation-type="SOR" xml:lang="en"><Identification><InstrumentNumber>C.R.C., c. 910</InstrumentNumber><ConsolidationDate><Date><YYYY>2018</YYYY><MM>07</MM><DD>06</DD></Date></ConsolidationDate><LastModifiedDate><Date><YYYY>2005</YYYY><MM>12</MM><DD>8</DD></Date></LastModifiedDate><EnablingAuthority><XRefExternal reference-type="act">HARBOUR COMMISSIONS ACT</XRefExternal></EnablingAuthority><LongTitle>Proclamation Establishing the Oshawa Harbour Commission</LongTitle></Identification><Repealed>[Repealed, 1998, c. 10, s. 201, see SI/2013-107]</Repealed><Body><Section><Label>1</Label><Text><Repealed>[Repealed, 1998, c. 10, s. 201, see SI/2013-107]</Repealed></Text></Section><Section><Label>2</Label><Text><Repealed>[Repealed, 1998, c. 10, s. 201, see SI/2013-107]</Repealed></Text></Section></Body><Schedule bilingual="no" spanlanguages="no"><ScheduleFormHeading><Label>SCHEDULE</Label><TitleText>Limits of the Oshawa Harbour</TitleText></ScheduleFormHeading><Repealed>[Repealed, 1998, c. 10, s. 201, see SI/2013-107]</Repealed></Schedule><Order><Provision><Text><Repealed>[Repealed, 1998, c. 10, s. 201, see SI/2013-107]</Repealed></Text></Provision></Order></Regulation>