﻿<?xml version="1.0" encoding="utf-8"?><!DOCTYPE Regulation PUBLIC "-//Justice Canada//DTD Regulation v1.2.2//EN" "Dtd/Regulations/Version_1.2.2/regulation.dtd"><Regulation regulation-type="SOR" xml:lang="en"><Identification><InstrumentNumber>C.R.C., c. 1341</InstrumentNumber><ConsolidationDate><Date><YYYY>2018</YYYY><MM>07</MM><DD>06</DD></Date></ConsolidationDate><LastModifiedDate><Date><YYYY>2005</YYYY><MM>7</MM><DD>27</DD></Date></LastModifiedDate><EnablingAuthority><XRefExternal reference-type="act">PUBLIC SERVICE EMPLOYMENT ACT</XRefExternal></EnablingAuthority><ShortTitle>Communications Security Establishment Appointments Regulations</ShortTitle><LongTitle>Regulations Respecting the Appointment of Persons to the Communications Security Establishment of the Department of National Defence</LongTitle></Identification><Body><Heading level="1"><TitleText>Short Title</TitleText></Heading><Section><Label>1</Label><Text>These Regulations may be cited as the <XRefExternal reference-type="regulation">Communications Security Establishment Appointments Regulations</XRefExternal>.</Text></Section><Heading level="1"><TitleText>Appointments</TitleText></Heading><Section><Label>2</Label><Text>The Deputy Minister of National Defence may appoint such persons as he deems proper to the Communications Security Establishment of the Department of National Defence.</Text></Section></Body></Regulation>