﻿<?xml version="1.0" encoding="utf-8"?><!DOCTYPE Regulation PUBLIC "-//Justice Canada//DTD Regulation v1.2.2//EN" "Dtd/Regulations/Version_1.2.2/regulation.dtd"><Regulation gazette-part="II" regulation-type="SOR" xml:lang="en"><Identification><InstrumentNumber>C.R.C., c. 93</InstrumentNumber><ConsolidationDate><Date><YYYY>2018</YYYY><MM>07</MM><DD>06</DD></Date></ConsolidationDate><LastModifiedDate><Date><YYYY>2012</YYYY><MM>2</MM><DD>9</DD></Date></LastModifiedDate><EnablingAuthority><XRefExternal reference-type="act">AERONAUTICS ACT</XRefExternal></EnablingAuthority><ShortTitle>London Airport Zoning Regulations</ShortTitle><LongTitle>Regulations Respecting Zoning at London Airport</LongTitle></Identification><Body><Heading level="1"><TitleText>Short Title</TitleText></Heading><Section><Label>1</Label><Text>These Regulations may be cited as the <XRefExternal reference-type="regulation">London Airport Zoning Regulations</XRefExternal>.</Text></Section><Heading level="1"><TitleText>Interpretation</TitleText></Heading><Section><Label>2</Label><Text>In these Regulations,</Text><Definition generate-in-text="no"><Text><DefinedTermEn>airport</DefinedTermEn> means London Airport, City of London, in the Province of Ontario; (<DefinedTermFr>aéroport</DefinedTermFr>)</Text></Definition><Definition generate-in-text="no"><Text><DefinedTermEn>airport reference point</DefinedTermEn> means the point determined in the manner set out in Part I of the schedule; (<DefinedTermFr>point de repère de l’aéroport</DefinedTermFr>)</Text></Definition><Definition generate-in-text="no"><Text><DefinedTermEn>approach surface</DefinedTermEn> means an imaginary inclined plane extending upward and outward from each end of a strip along and at right angles to the projected centre line thereof, which approach surface is more particularly described in Part III of the schedule; (<DefinedTermFr>surface d’approche</DefinedTermFr>)</Text></Definition><Definition generate-in-text="no"><Text><DefinedTermEn>Minister</DefinedTermEn> means the Minister of Transport; (<DefinedTermFr>ministre</DefinedTermFr>)</Text></Definition><Definition generate-in-text="no"><Text><DefinedTermEn>outer surface</DefinedTermEn> means an imaginary surface located above and in the immediate vicinity of the airport, which outer surface is more particularly described in Part IV of the schedule; (<DefinedTermFr>surface extérieure</DefinedTermFr>)</Text></Definition><Definition generate-in-text="no"><Text><DefinedTermEn>strip</DefinedTermEn> means the rectangular portion of the landing area of the airport, including the runway prepared for the take-off and landing of aircraft in a particular direction, which strip is more particularly described in Part V of the schedule; (<DefinedTermFr>bande</DefinedTermFr>)</Text></Definition><Definition generate-in-text="no"><Text><DefinedTermEn>transitional surface</DefinedTermEn> means an imaginary inclined plane extending upward and outward from the lateral limits of a strip and its approach surface, which transitional surface is more particularly described in Part VI of the schedule. (<DefinedTermFr>surface de transition</DefinedTermFr>)</Text></Definition></Section><Section><Label>3</Label><Text>For the purposes of these Regulations, the airport reference point is deemed to be 898 feet above sea level.</Text></Section><Heading level="1"><TitleText>Application</TitleText></Heading><Section><Label>4</Label><Text>These Regulations apply to all the lands, including public road allowances, adjacent to or in the vicinity of the airport, the outer limits of which lands are described in Part II of the schedule, other than such lands as from time to time form part of the airport.</Text></Section><Heading level="1"><TitleText>General</TitleText></Heading><Section><Label>5</Label><Text>No person shall erect or construct, on any land to which these Regulations apply, any building, structure or object or any addition to any existing building, structure or object, the highest point of which will exceed in elevation at the location of that point any of the surfaces hereinafter set out that project immediately over and above the surface of the land at that location, namely,</Text><Paragraph><Label>(a)</Label><Text>the approach surfaces;</Text></Paragraph><Paragraph><Label>(b)</Label><Text>the outer surfaces; or</Text></Paragraph><Paragraph><Label>(c)</Label><Text>the transitional surfaces.</Text></Paragraph></Section><Heading level="1"><TitleText>Natural Growth</TitleText></Heading><Section><Label>6</Label><Text>Where an object of natural growth on any land to which these Regulations apply exceeds in elevation any of the surfaces referred to in section 5, the Minister may make a direction that the owner or occupier of the land on which that object is growing remove the excessive growth.</Text><HistoricalNote>SOR/81-175, s. 1.</HistoricalNote></Section><Section><Label>7</Label><Text><Repealed>[Revoked, SOR/81-175, s. 1]</Repealed></Text></Section></Body><Schedule bilingual="no" spanlanguages="no"><ScheduleFormHeading><Label>SCHEDULE</Label><OriginatingRef>(Sections 2 and 4)</OriginatingRef></ScheduleFormHeading><Heading level="1"><Label>PART I</Label><TitleText>Airport Reference Point</TitleText></Heading><Provision format-ref="indent-0-0" language-align="yes" list-item="no"><Text>Being a point at the intersection of a line drawn parallel to and distant 250 feet measured northwesterly at right angles from the centre line of runway 05-23 and a line drawn parallel to and distant 600 feet measured northeasterly at right angles from the centre line of runway 14-32.</Text></Provision><Heading level="1"><Label>PART II</Label><TitleText>Description of Outer Limits of Lands</TitleText></Heading><Provision format-ref="indent-0-0" language-align="yes" list-item="no"><Text>COMMENCING at the northeasterly corner of Lot 6, in Concession 1 North of the River Thames, in the Township of North Dorchester; THENCE, southerly along the eastern boundary of said Lot 6 to the southeasterly corner of the said Lot; THENCE, westerly along the southern boundary of Lot 6 to the southwesterly corner of the said Lot; THENCE, southerly in a straight line across the allowance for road between Concessions 1 and 2 North of the River Thames, in the said Township, to the northeasterly corner of Lot 5, in Concession 2 North of the River Thames; THENCE, southerly along the eastern boundary of said Lot 5 to the intersection thereof with a line drawn parallel with the southern limit of the said allowance for road and perpendicularly distant 3,000 feet measured southerly therefrom; THENCE westerly along the said parallel line across Lots 5, 4 and 3, in the said Concession 2, to the intersection thereof with the western boundary of Lot 3, in the said Concession 2; THENCE, northerly along the western boundary of said Lot 3 to the northwestern corner of the said Lot; THENCE, northerly in a straight line across the said allowance for road to the southeasterly corner of Lot 2, in Concession 1 North of the River Thames; THENCE westerly along the southern boundary of Lot 2 and Lot 1, in the said Concession, to the southwesterly corner of said Lot 1; THENCE, southwesterly in a straight line across the allowance for road between the Township of North Dorchester and the Township of London, to the southeasterly corner of Lot 1, in Concession “C”, in the Township of London, now in the City of London; THENCE, westerly along the southern boundary of Lot 1 and Lot 2, in said Concession “C”, to the southwesterly corner of said Lot 2; THENCE, northerly along the western boundary of said Lot 2, to the northwesterly corner of the said Lot; THENCE, northerly in a straight line across the allowance for road between Concession “C” and Concession 1, in the Township of London, to the southeasterly corner of Lot 3, in Concession 1; THENCE, westerly along the southern boundary of Lot 3 and Lot 4, in Concession 1, to the southwestern corner of said Lot 4; THENCE, westerly in a straight line across the allowance for road between Lots 4 and 5, in the said Concession 1, to the southeasterly corner of said Lot 5; THENCE, westerly along the southern boundary of the said Lot 5 to the southwestern corner of the said Lot; THENCE, northerly along the western boundary of the said Lot 5 to the northwestern corner of the said Lot; THENCE, northerly in a straight line across the allowance for road between Concessions 1 and 2 to the south- western corner of Lot 5, in said Concession 2; THENCE, northerly along the western boundary of said Lot 5 to the intersection thereof with the southern limit of Cheapside Street as shown on a plan of subdivision registered in the Land Registry Office for the Registry Division of Middlesex East (No. 33) as Plan No. 876; THENCE, easterly along the southern limit of Cheapside Street to the intersection thereof with the production southerly of the western boundary of Block “R” as shown on Plan No. 876; THENCE, northerly along that production and along the western boundary of Block “R” and the production northerly thereof to the intersection of the said production with the southern boundary of Lot 5, in Concession 3; THENCE, westerly along the southern boundary of Lot 5 and Lot 6 to the eastern limit of the allowance for road known as Packs Lane; THENCE, northerly along the eastern limit of Packs Lane to the northern boundary of said Lot 6, in Concession 3; THENCE, northerly in a straight line across the allowance for road between Concessions 3 and 4 to the southwestern corner of Lot 6, in Concession 4; THENCE northerly along the western boundary of Lot 6, in Concession 4, to the intersection thereof with the South bank of the Thames River; THENCE easterly along the South bank of the Thames River to the intersection thereof with the western boundary of Lot 4, in Concession 4; THENCE northerly along the western boundary of said Lot 4 to the northwesterly corner of the said Lot; THENCE, westerly in a straight line across the allowance for road between Concessions 4 and 5 to the southwestern corner of Lot 4, in Concession 5; THENCE, northerly along the western boundary of Lot 4, in Concession 5 to the northwesterly corner of the said Lot; THENCE, easterly along the northern boundary of Lot 4 and Lot 3 to the intersection thereof with the West bank of the Thames River; THENCE, easterly in a straight line across the Thames River to the intersection of the East bank of the river with the northern boundary of Lot 2, in Concession 5; THENCE, easterly along the northern boundary of Lot 2 and Lot 1 to the northeasterly corner of Lot 1, in Concession 5; THENCE, southerly along the eastern boundary of said Lot 1 to the intersection thereof with the production westerly of the northern boundary of Lot 10, in Concession 1, in the Township of West Nissouri; THENCE, easterly along that production and along the northern boundary of said Lot 10 to the northeasterly corner of the said Lot; THENCE, southerly along the eastern boundary of Lot 10, in Concession 1, to the southeastern corner of the said Lot; THENCE, easterly in a straight line across the allowance for road between Concessions 1 and 2, in the Township of West Nissouri, to the northwesterly corner of Lot 9, in said Concession 2; THENCE, easterly along the northern boundary of said Lot 9 to the northeasterly corner of the said Lot; THENCE southerly along the eastern boundary of said Lot 9 to the southeasterly corner of the said Lot; THENCE, easterly in a straight line across the allowance for road between Concessions 2 and 3 to the northwesterly corner of Lot 8, in the said Concession 3; THENCE, easterly along the northern boundary of Lot 8 to the northeasterly corner of the said Lot; THENCE, southerly along the eastern boundary of said Lot 8 to the southeasterly corner of the said Lot; THENCE, easterly in a straight line across the allowance for road between Concessions 3 and 4 to the northwesterly corner of Lot 7, in said Concession 4; THENCE easterly along the northern boundary of Lot 7 to the northeasterly corner of the said Lot; THENCE, southerly along the eastern boundary of Lot 7 and Lot 6 to the southeasterly corner of Lot 6, in Concession 4; THENCE, southerly in a straight line across the allowance for road between Lot 5 and Lot 6, in Concession 4, to the northeasterly corner of said Lot 5; THENCE, southerly along the eastern boundary of Lots 5, 4, 3 and 2, in Concession 4, to the southeasterly corner of said Lot 2; THENCE, westerly along the southern boundary of said Lot 2 to the southwesterly corner of the said Lot; THENCE, westerly in a straight line across the allowance for road between Concessions 3 and 4 to the northeasterly corner of Lot 1, in Concession 3; THENCE, southerly along the eastern boundary of Lot 1 to the southeasterly corner of the said Lot; THENCE, westerly along the southern boundary of Lot 1 to the intersection thereof with the production northerly of the eastern boundary of Lot 6, in Concession 1 North of the River Thames, in the Township of North Dorchester; THENCE, southerly along that production to the point of commencement.</Text></Provision><Heading level="1"><Label>PART III</Label><TitleText>Description of Each Approach Surface</TitleText></Heading><Provision format-ref="indent-0-0" language-align="yes" list-item="no"><Text>Being a surface abutting each end of the strips associated with runways 05-23, 08-26 and 14-32 and more particularly described as follows:</Text><Provision format-ref="indent-1-1" language-align="no" list-item="no"><Label>(a)</Label><Text>a surface abutting the end of the strip associated with runway approach 05 consisting of an inclined plane having a ratio of one (1) foot measured vertically to twenty (20) feet measured horizontally rising to an imaginary horizontal line drawn at right angles to the projected centre line of the strip three hundred and twenty-five (325) feet measured vertically above the elevation at the end of the strip and six thousand five hundred (6,500) feet measured horizontally from the end of the strip, the outer ends of the imaginary horizontal line being eight hundred (800) feet from the projected centre line,</Text></Provision><Provision format-ref="indent-1-1" language-align="no" list-item="no"><Label>(b)</Label><Text>a surface abutting the end of the strip associated with runway approach 08 consisting of an inclined plane having a ratio of one (1) foot measured vertically to fifty (50) feet measured horizontally rising to an imaginary horizontal line drawn at right angles to the projected centre line of the strip two hundred (200) feet measured vertically above the elevation at the end of the strip and ten thousand (10,000) feet measured horizontally from the end of the strip, the outer ends of the imaginary horizontal line being two thousand (2,000) feet from the projected centre line,</Text></Provision><Provision format-ref="indent-1-1" language-align="no" list-item="no"><Label>(c)</Label><Text>a surface abutting the end of the strip associated with runway approach 14 consisting of an inclined plane having a ratio of one (1) foot measured vertically to fifty (50) feet measured horizontally rising to an imaginary horizontal line drawn at right angles to the projected centre line of the strip two hundred (200) feet measured vertically above the elevation at the end of the strip and ten thousand (10,000) feet measured horizontally from the end of the strip, the outer ends of the imaginary horizontal line being two thousand (2,000) feet from the projected centre line,</Text></Provision><Provision format-ref="indent-1-1" language-align="no" list-item="no"><Label>(d)</Label><Text>a surface abutting the end of the strip associated with runway approach 23 consisting of an inclined plane having a ratio of one (1) foot measured vertically to twenty (20) feet measured horizontally rising to an imaginary horizontal line drawn at right angles to the projected centre line of the strip three hundred and twenty-five (325) feet measured vertically above the elevation at the end of the strip and six thousand five hundred (6,500) feet measured horizontally from the end of the strip, the outer ends of the imaginary horizontal line being eight hundred (800) feet from the projected centre line,</Text></Provision><Provision format-ref="indent-1-1" language-align="no" list-item="no"><Label>(e)</Label><Text>a surface abutting the end of the strip associated with runway approach 26 consisting of an inclined plane having a ratio of one (1) foot measured vertically to fifty (50) feet measured horizontally rising to an imaginary horizontal line drawn at right angles to the projected centre line of the strip two hundred (200) feet measured vertically above the elevation at the end of the strip and ten thousand (10,000) feet measured horizontally from the end of the strip, the outer ends of the imaginary horizontal line being two thousand (2,000) feet from the projected centre line, and</Text></Provision><Provision format-ref="indent-1-1" language-align="no" list-item="no"><Label>(f)</Label><Text>a surface abutting the end of the strip associated with runway approach 32 consisting of an inclined plane having a ratio of one (1) foot measured vertically to fifty (50) feet measured horizontally rising to an imaginary horizontal line drawn at right angles to the projected centre line of the strip two hundred (200) feet measured vertically above the elevation at the end of the strip and ten thousand (10,000) feet measured horizontally from the end of the strip, the outer ends of the imaginary horizontal line being two thousand (2,000) feet from the projected centre line,</Text></Provision><Provision format-ref="indent-0-0" language-align="no" list-item="no"><Text>which approach surfaces are shown on Department of Transport Plan No. T2868, dated October 1, 1974.</Text></Provision></Provision><Heading level="1"><Label>PART IV</Label><TitleText>Description of the Outer Surface</TitleText></Heading><Provision format-ref="indent-0-0" language-align="yes" list-item="no"><Text>Being an imaginary surface consisting of</Text><Provision format-ref="indent-1-1" language-align="no" list-item="no"><Label>(a)</Label><Text>a common plane established at a constant elevation of one hundred and fifty (150) feet above the elevation of the airport reference point, and</Text></Provision><Provision format-ref="indent-1-1" language-align="no" list-item="no"><Label>(b)</Label><Text>where the common plane described in paragraph (a) is less than thirty (30) feet above the surface of the ground, an imaginary surface located thirty (30) feet above the surface of the ground,</Text></Provision><Provision format-ref="indent-0-0" language-align="no" list-item="no"><Text>which outer surface is shown on Department of Transport Plan No. T2868, dated October 1, 1974.</Text></Provision></Provision><Heading level="1"><Label>PART V</Label><TitleText>Description of Each Strip</TitleText></Heading><Provision format-ref="indent-0-0" language-align="yes" list-item="no"><Text>Each strip is described as follows:</Text><Provision format-ref="indent-1-1" language-align="no" list-item="no"><Label>(a)</Label><Text>the strip associated with runway 05-23 is three hundred (300) feet in width, one hundred and fifty (150) feet being on each side of the centre line of the runway, and three thousand five hundred and seventy-four (3,574) feet in length,</Text></Provision><Provision format-ref="indent-1-1" language-align="no" list-item="no"><Label>(b)</Label><Text>the strip associated with runway 08-26 is one thousand two hundred (1,200) feet in width, six hundred (600) feet being on each side of the centre line of the runway, and six thousand eight hundred (6,800) feet in length, and</Text></Provision><Provision format-ref="indent-1-1" language-align="no" list-item="no"><Label>(c)</Label><Text>the strip associated with runway 14-32 is one thousand (1,000) feet in width, five hundred (500) feet being on each side of the centre line of the runway, and nine thousand three hundred (9,300) feet in length,</Text></Provision><Provision format-ref="indent-0-0" language-align="no" list-item="no"><Text>which strips are shown on Department of Transport Plan No. T2868, dated October 1, 1974.</Text></Provision></Provision><Heading level="1"><Label>PART VI</Label><TitleText>Description of Each Transitional Surface</TitleText></Heading><Provision format-ref="indent-0-0" language-align="yes" list-item="no"><Text>Being a surface consisting of an inclined plane having a ratio of one (1) foot measured vertically to seven (7) feet measured horizontally at right angles to the centre line and centre line produced of each strip extending upward and outward from the lateral limits of each strip and its approach surfaces to an intersection with the outer surface or another transitional surface of an adjoining strip, all as shown on Department of Transport Plan No. T2868, dated October 1, 1974.</Text></Provision><HistoricalNote>SOR/83-524, ss. 1, 2.</HistoricalNote></Schedule></Regulation>