﻿<?xml version="1.0" encoding="utf-8"?><!DOCTYPE Regulation PUBLIC "-//Justice Canada//DTD Regulation v1.2.2//EN" "Dtd/Regulations/Version_1.2.2/regulation.dtd"><Regulation regulation-type="SOR" xml:lang="en"><Identification><InstrumentNumber>C.R.C., c. 1422</InstrumentNumber><ConsolidationDate><Date><YYYY>2018</YYYY><MM>07</MM><DD>06</DD></Date></ConsolidationDate><LastModifiedDate><Date><YYYY>2005</YYYY><MM>8</MM><DD>4</DD></Date></LastModifiedDate><EnablingAuthority><XRefExternal reference-type="act">CANADA SHIPPING ACT, 2001</XRefExternal></EnablingAuthority><ShortTitle>Fire Detection and Extinguishing Equipment Regulations</ShortTitle><LongTitle>Regulations Respecting Fire Detection and Extinguishing Equipment</LongTitle></Identification><Repealed>[Repealed, SOR/2017-14, s. 416]</Repealed><Body><Heading level="1"><TitleText>Short Title</TitleText><Note>[Repealed, SOR/2017-14, s. 416]</Note></Heading><Section><Label>1</Label><Text><Repealed>[Repealed, SOR/2017-14, s. 416]</Repealed></Text></Section><Heading level="1"><TitleText>Interpretation</TitleText><Note>[Repealed, SOR/2017-14, s. 416]</Note></Heading><Section><Label>2</Label><Text><Repealed>[Repealed, SOR/2017-14, s. 416]</Repealed></Text></Section><Heading level="1"><TitleText>Application</TitleText><Note>[Repealed, SOR/2017-14, s. 416]</Note></Heading><Section><Label>3</Label><Text><Repealed>[Repealed, SOR/2017-14, s. 416]</Repealed></Text></Section><Heading level="1"><TitleText>Vapourizing Liquid</TitleText><Note>[Repealed, SOR/2017-14, s. 416]</Note></Heading><Section><Label>4</Label><Text><Repealed>[Repealed, SOR/2017-14, s. 416]</Repealed></Text></Section><Heading level="1"><TitleText>Exemptions</TitleText><Note>[Repealed, SOR/2017-14, s. 416]</Note></Heading><Section><Label>5</Label><Text><Repealed>[Repealed, SOR/2017-14, s. 416]</Repealed></Text></Section><Heading level="1"><TitleText>Equivalents</TitleText><Note>[Repealed, SOR/2017-14, s. 416]</Note></Heading><Section><Label>5.1</Label><Text><Repealed>[Repealed, SOR/2017-14, s. 416]</Repealed></Text></Section><Heading level="1"><TitleText>Special Requirements</TitleText><Note>[Repealed, SOR/2017-14, s. 416]</Note></Heading><Section><Label>6</Label><Text><Repealed>[Repealed, SOR/2017-14, s. 416]</Repealed></Text></Section><Heading level="1"><TitleText>Submission of Plans and Particulars</TitleText><Note>[Repealed, SOR/2017-14, s. 416]</Note></Heading><Section><Label>7</Label><Text><Repealed>[Repealed, SOR/2017-14, s. 416]</Repealed></Text></Section><Heading level="1"><TitleText>Sprinkler Systems</TitleText><Note>[Repealed, SOR/2017-14, s. 416]</Note></Heading><Section><Label>8</Label><Text><Repealed>[Repealed, SOR/2017-14, s. 416]</Repealed></Text></Section><Heading level="1"><TitleText>First Inspection</TitleText><Note>[Repealed, SOR/2017-14, s. 416]</Note></Heading><Section><Label>9</Label><Text><Repealed>[Repealed, SOR/2017-14, s. 416]</Repealed></Text></Section><Heading level="1"><TitleText>Periodic Inspections</TitleText><Note>[Repealed, SOR/2017-14, s. 416]</Note></Heading><Section><Label>10</Label><Text><Repealed>[Repealed, SOR/2017-14, s. 416]</Repealed></Text></Section><Section><Label>11</Label><Text><Repealed>[Repealed, SOR/2017-14, s. 416]</Repealed></Text></Section><Section><Label>12</Label><Text><Repealed>[Repealed, SOR/2017-14, s. 416]</Repealed></Text></Section><Section><Label>13</Label><Text><Repealed>[Repealed, SOR/2017-14, s. 416]</Repealed></Text></Section><Section><Label>14</Label><Text><Repealed>[Repealed, SOR/2017-14, s. 416]</Repealed></Text></Section><Section><Label>15</Label><Text><Repealed>[Repealed, SOR/2017-14, s. 416]</Repealed></Text></Section><Section><Label>16</Label><Text><Repealed>[Repealed, SOR/2017-14, s. 416]</Repealed></Text></Section><Section><Label>17</Label><Text><Repealed>[Repealed, SOR/2017-14, s. 416]</Repealed></Text></Section><Section><Label>18</Label><Text><Repealed>[Repealed, SOR/2017-14, s. 416]</Repealed></Text></Section><Section><Label>19</Label><Text><Repealed>[Repealed, SOR/2017-14, s. 416]</Repealed></Text></Section><Heading level="1"><TitleText>Classification of Steamships</TitleText><Note>[Repealed, SOR/2017-14, s. 416]</Note></Heading><Section><Label>20</Label><Text><Repealed>[Repealed, SOR/2017-14, s. 416]</Repealed></Text></Section><Heading level="1"><TitleText>Class A Ships</TitleText><Note>[Repealed, SOR/2017-14, s. 416]</Note></Heading><Heading level="2"><TitleText>Fire Patrol, Fire Alarm and Fire Detection Systems</TitleText><Note>[Repealed, SOR/2017-14, s. 416]</Note></Heading><Section><Label>21</Label><Text><Repealed>[Repealed, SOR/2017-14, s. 416]</Repealed></Text></Section><Heading level="2"><TitleText>Passenger and Crew Spaces</TitleText><Note>[Repealed, SOR/2017-14, s. 416]</Note></Heading><Section><Label>22</Label><Text><Repealed>[Repealed, SOR/2017-14, s. 416]</Repealed></Text></Section><Heading level="2"><TitleText>Vehicle Decks</TitleText><Note>[Repealed, SOR/2017-14, s. 416]</Note></Heading><Section><Label>23</Label><Text><Repealed>[Repealed, SOR/2017-14, s. 416]</Repealed></Text></Section><Heading level="2"><TitleText>Galleys</TitleText><Note>[Repealed, SOR/2017-14, s. 416]</Note></Heading><Section><Label>24</Label><Text><Repealed>[Repealed, SOR/2017-14, s. 416]</Repealed></Text></Section><Heading level="2"><TitleText>Motion Pictures</TitleText><Note>[Repealed, SOR/2017-14, s. 416]</Note></Heading><Section><Label>25</Label><Text><Repealed>[Repealed, SOR/2017-14, s. 416]</Repealed></Text></Section><Heading level="2"><TitleText>Cargo Spaces and Store Rooms</TitleText><Note>[Repealed, SOR/2017-14, s. 416]</Note></Heading><Section><Label>26</Label><Text><Repealed>[Repealed, SOR/2017-14, s. 416]</Repealed></Text></Section><Heading level="2"><TitleText>Lamp Rooms, Paint Lockers and Similar Compartments</TitleText><Note>[Repealed, SOR/2017-14, s. 416]</Note></Heading><Section><Label>27</Label><Text><Repealed>[Repealed, SOR/2017-14, s. 416]</Repealed></Text></Section><Heading level="2"><TitleText>Spaces Fitted with Oil-fired Domestic Boilers or Oil-fired Domestic Heating Units</TitleText><Note>[Repealed, SOR/2017-14, s. 416]</Note></Heading><Section><Label>28</Label><Text><Repealed>[Repealed, SOR/2017-14, s. 416]</Repealed></Text></Section><Heading level="2"><TitleText>Machinery Spaces — General</TitleText><Note>[Repealed, SOR/2017-14, s. 416]</Note></Heading><Section><Label>29</Label><Text><Repealed>[Repealed, SOR/2017-14, s. 416]</Repealed></Text></Section><Heading level="2"><TitleText>Machinery Spaces — Ships Fitted with Main or Auxiliary Oil-fired Boilers</TitleText><Note>[Repealed, SOR/2017-14, s. 416]</Note></Heading><Section><Label>30</Label><Text><Repealed>[Repealed, SOR/2017-14, s. 416]</Repealed></Text></Section><Heading level="2"><TitleText>Engine Rooms in Motor Ships</TitleText><Note>[Repealed, SOR/2017-14, s. 416]</Note></Heading><Section><Label>31</Label><Text><Repealed>[Repealed, SOR/2017-14, s. 416]</Repealed></Text></Section><Section><Label>31.1</Label><Text><Repealed>[Repealed, SOR/2017-14, s. 416]</Repealed></Text></Section><Heading level="2"><TitleText>Fire Pumps</TitleText><Note>[Repealed, SOR/2017-14, s. 416]</Note></Heading><Section><Label>32</Label><Text><Repealed>[Repealed, SOR/2017-14, s. 416]</Repealed></Text></Section><Heading level="2"><TitleText>Water Pipes, Hydrants and Fire Hoses</TitleText><Note>[Repealed, SOR/2017-14, s. 416]</Note></Heading><Section><Label>33</Label><Text><Repealed>[Repealed, SOR/2017-14, s. 416]</Repealed></Text></Section><Heading level="2"><TitleText>Fireman’s Outfits</TitleText><Note>[Repealed, SOR/2017-14, s. 416]</Note></Heading><Section><Label>34</Label><Text><Repealed>[Repealed, SOR/2017-14, s. 416]</Repealed></Text></Section><Heading level="2"><TitleText>Portable Drilling Machine</TitleText><Note>[Repealed, SOR/2017-14, s. 416]</Note></Heading><Section><Label>35</Label><Text><Repealed>[Repealed, SOR/2017-14, s. 416]</Repealed></Text></Section><Heading level="2"><TitleText>Fire Buckets and Fire Axes</TitleText><Note>[Repealed, SOR/2017-14, s. 416]</Note></Heading><Section><Label>36</Label><Text><Repealed>[Repealed, SOR/2017-14, s. 416]</Repealed></Text></Section><Heading level="1"><TitleText>Class B Ships</TitleText><Note>[Repealed, SOR/2017-14, s. 416]</Note></Heading><Heading level="2"><TitleText>Fire Patrol, Fire Alarm and Fire Detection Systems</TitleText><Note>[Repealed, SOR/2017-14, s. 416]</Note></Heading><Section><Label>37</Label><Text><Repealed>[Repealed, SOR/2017-14, s. 416]</Repealed></Text></Section><Heading level="2"><TitleText>Passenger and Crew Spaces</TitleText><Note>[Repealed, SOR/2017-14, s. 416]</Note></Heading><Section><Label>38</Label><Text><Repealed>[Repealed, SOR/2017-14, s. 416]</Repealed></Text></Section><Heading level="2"><TitleText>Vehicle Decks</TitleText><Note>[Repealed, SOR/2017-14, s. 416]</Note></Heading><Section><Label>39</Label><Text><Repealed>[Repealed, SOR/2017-14, s. 416]</Repealed></Text></Section><Heading level="2"><TitleText>Lamp Rooms, Paint Lockers and Similar Compartments</TitleText><Note>[Repealed, SOR/2017-14, s. 416]</Note></Heading><Section><Label>40</Label><Text><Repealed>[Repealed, SOR/2017-14, s. 416]</Repealed></Text></Section><Heading level="2"><TitleText>Cargo Spaces and Store Rooms</TitleText><Note>[Repealed, SOR/2017-14, s. 416]</Note></Heading><Section><Label>41</Label><Text><Repealed>[Repealed, SOR/2017-14, s. 416]</Repealed></Text></Section><Heading level="2"><TitleText>Galleys</TitleText><Note>[Repealed, SOR/2017-14, s. 416]</Note></Heading><Section><Label>42</Label><Text><Repealed>[Repealed, SOR/2017-14, s. 416]</Repealed></Text></Section><Heading level="2"><TitleText>Spaces Fitted with Oil-fired Domestic Boilers or Oil-fired Domestic Heating Units</TitleText><Note>[Repealed, SOR/2017-14, s. 416]</Note></Heading><Section><Label>43</Label><Text><Repealed>[Repealed, SOR/2017-14, s. 416]</Repealed></Text></Section><Heading level="2"><TitleText>Machinery Space — General</TitleText><Note>[Repealed, SOR/2017-14, s. 416]</Note></Heading><Section><Label>44</Label><Text><Repealed>[Repealed, SOR/2017-14, s. 416]</Repealed></Text></Section><Heading level="2"><TitleText>Machinery Spaces — Ships Fitted with Main or Auxiliary Oil-fired Boilers</TitleText><Note>[Repealed, SOR/2017-14, s. 416]</Note></Heading><Section><Label>45</Label><Text><Repealed>[Repealed, SOR/2017-14, s. 416]</Repealed></Text></Section><Heading level="2"><TitleText>Engine Rooms in Motor Ships</TitleText><Note>[Repealed, SOR/2017-14, s. 416]</Note></Heading><Section><Label>46</Label><Text><Repealed>[Repealed, SOR/2017-14, s. 416]</Repealed></Text></Section><Section><Label>46.1</Label><Text><Repealed>[Repealed, SOR/2017-14, s. 416]</Repealed></Text></Section><Heading level="2"><TitleText>Fire Pumps</TitleText><Note>[Repealed, SOR/2017-14, s. 416]</Note></Heading><Section><Label>47</Label><Text><Repealed>[Repealed, SOR/2017-14, s. 416]</Repealed></Text></Section><Heading level="2"><TitleText>Water Pipes, Hydrants and Fire Hoses</TitleText><Note>[Repealed, SOR/2017-14, s. 416]</Note></Heading><Section><Label>48</Label><Text><Repealed>[Repealed, SOR/2017-14, s. 416]</Repealed></Text></Section><Heading level="2"><TitleText>Fire Buckets and Fire Axes</TitleText><Note>[Repealed, SOR/2017-14, s. 416]</Note></Heading><Section><Label>49</Label><Text><Repealed>[Repealed, SOR/2017-14, s. 416]</Repealed></Text></Section><Heading level="1"><TitleText>Class C Ships</TitleText><Note>[Repealed, SOR/2017-14, s. 416]</Note></Heading><Section><Label>50</Label><Text><Repealed>[Repealed, SOR/2017-14, s. 416]</Repealed></Text></Section><Section><Label>50.1</Label><Text><Repealed>[Repealed, SOR/2017-14, s. 416]</Repealed></Text></Section><Section><Label>51</Label><Text><Repealed>[Repealed, SOR/2017-14, s. 416]</Repealed></Text></Section><Section><Label>51.1</Label><Text><Repealed>[Repealed, SOR/2017-14, s. 416]</Repealed></Text></Section><Section><Label>52</Label><Text><Repealed>[Repealed, SOR/2017-14, s. 416]</Repealed></Text></Section><Heading level="1"><TitleText>Class D Ships</TitleText><Note>[Repealed, SOR/2017-14, s. 416]</Note></Heading><Section><Label>53</Label><Text><Repealed>[Repealed, SOR/84-508, s. 1]</Repealed></Text></Section><Heading level="1"><TitleText>Class E Ships</TitleText><Note>[Repealed, SOR/2017-14, s. 416]</Note></Heading><Section><Label>54</Label><Text><Repealed>[Repealed, SOR/2017-14, s. 416]</Repealed></Text></Section><Section><Label>55</Label><Text><Repealed>[Repealed, SOR/2017-14, s. 416]</Repealed></Text></Section><Heading level="1"><TitleText>Class F Ships</TitleText><Note>[Repealed, SOR/2017-14, s. 416]</Note></Heading><Section><Label>56</Label><Text><Repealed>[Repealed, SOR/84-508, s. 2]</Repealed></Text></Section><Heading level="1"><TitleText>Class G Ships</TitleText><Note>[Repealed, SOR/2017-14, s. 416]</Note></Heading><Heading level="2"><TitleText>Cargo Spaces</TitleText><Note>[Repealed, SOR/2017-14, s. 416]</Note></Heading><Section><Label>57</Label><Text><Repealed>[Repealed, SOR/2017-14, s. 416]</Repealed></Text></Section><Section><Label>58</Label><Text><Repealed>[Repealed, SOR/2017-14, s. 416]</Repealed></Text></Section><Heading level="2"><TitleText>Pumps Rooms</TitleText><Note>[Repealed, SOR/2017-14, s. 416]</Note></Heading><Section><Label>59</Label><Text><Repealed>[Repealed, SOR/2017-14, s. 416]</Repealed></Text></Section><Heading level="2"><TitleText>Lamp Rooms, Paint Lockers and Similar Compartments</TitleText><Note>[Repealed, SOR/2017-14, s. 416]</Note></Heading><Section><Label>60</Label><Text><Repealed>[Repealed, SOR/2017-14, s. 416]</Repealed></Text></Section><Heading level="2"><TitleText>Fire Hoses and Pumps</TitleText><Note>[Repealed, SOR/2017-14, s. 416]</Note></Heading><Section><Label>61</Label><Text><Repealed>[Repealed, SOR/2017-14, s. 416]</Repealed></Text></Section><Heading level="2"><TitleText>Alternative Means of Extinguishing Fire</TitleText><Note>[Repealed, SOR/2017-14, s. 416]</Note></Heading><Section><Label>62</Label><Text><Repealed>[Repealed, SOR/2017-14, s. 416]</Repealed></Text></Section><Heading level="2"><TitleText>Portable Fire Extinguishers</TitleText><Note>[Repealed, SOR/2017-14, s. 416]</Note></Heading><Section><Label>63</Label><Text><Repealed>[Repealed, SOR/2017-14, s. 416]</Repealed></Text></Section><Heading level="2"><TitleText>Galleys</TitleText><Note>[Repealed, SOR/2017-14, s. 416]</Note></Heading><Section><Label>64</Label><Text><Repealed>[Repealed, SOR/2017-14, s. 416]</Repealed></Text></Section><Heading level="2"><TitleText>Spaces Fitted with Oil-fired Domestic Boilers or Oil-fired Domestic Heating Units</TitleText><Note>[Repealed, SOR/2017-14, s. 416]</Note></Heading><Section><Label>65</Label><Text><Repealed>[Repealed, SOR/2017-14, s. 416]</Repealed></Text></Section><Heading level="2"><TitleText>Machinery Spaces — General</TitleText><Note>[Repealed, SOR/2017-14, s. 416]</Note></Heading><Section><Label>66</Label><Text><Repealed>[Repealed, SOR/2017-14, s. 416]</Repealed></Text></Section><Heading level="2"><TitleText>Machinery Spaces — Ships Fitted with Main or Auxiliary Oil-fired Boilers</TitleText><Note>[Repealed, SOR/2017-14, s. 416]</Note></Heading><Section><Label>67</Label><Text><Repealed>[Repealed, SOR/2017-14, s. 416]</Repealed></Text></Section><Heading level="2"><TitleText>Engine Rooms in Motor Ships</TitleText><Note>[Repealed, SOR/2017-14, s. 416]</Note></Heading><Section><Label>68</Label><Text><Repealed>[Repealed, SOR/2017-14, s. 416]</Repealed></Text></Section><Section><Label>68.1</Label><Text><Repealed>[Repealed, SOR/2017-14, s. 416]</Repealed></Text></Section><Heading level="2"><TitleText>Fireman’s Outfits</TitleText><Note>[Repealed, SOR/2017-14, s. 416]</Note></Heading><Section><Label>69</Label><Text><Repealed>[Repealed, SOR/2017-14, s. 416]</Repealed></Text></Section><Heading level="2"><TitleText>Portable Drilling Machine</TitleText><Note>[Repealed, SOR/2017-14, s. 416]</Note></Heading><Section><Label>70</Label><Text><Repealed>[Repealed, SOR/2017-14, s. 416]</Repealed></Text></Section><Heading level="2"><TitleText>Fire Axes</TitleText><Note>[Repealed, SOR/2017-14, s. 416]</Note></Heading><Section><Label>71</Label><Text><Repealed>[Repealed, SOR/2017-14, s. 416]</Repealed></Text></Section><Heading level="1"><TitleText>Class H Ships</TitleText><Note>[Repealed, SOR/2017-14, s. 416]</Note></Heading><Heading level="2"><TitleText>Class H Ships over 45.7 m in Length</TitleText><Note>[Repealed, SOR/2017-14, s. 416]</Note></Heading><Heading level="3"><TitleText>Cargo Spaces</TitleText><Note>[Repealed, SOR/2017-14, s. 416]</Note></Heading><Section><Label>72</Label><Text><Repealed>[Repealed, SOR/2017-14, s. 416]</Repealed></Text></Section><Heading level="3"><TitleText>Pump Rooms</TitleText><Note>[Repealed, SOR/2017-14, s. 416]</Note></Heading><Section><Label>73</Label><Text><Repealed>[Repealed, SOR/2017-14, s. 416]</Repealed></Text></Section><Heading level="3"><TitleText>Lamp Rooms, Paint Lockers and Similar Compartments</TitleText><Note>[Repealed, SOR/2017-14, s. 416]</Note></Heading><Section><Label>74</Label><Text><Repealed>[Repealed, SOR/2017-14, s. 416]</Repealed></Text></Section><Heading level="3"><TitleText>Fire Hoses and Pumps</TitleText><Note>[Repealed, SOR/2017-14, s. 416]</Note></Heading><Section><Label>75</Label><Text><Repealed>[Repealed, SOR/2017-14, s. 416]</Repealed></Text></Section><Heading level="3"><TitleText>Alternative Means of Extinguishing Fire</TitleText><Note>[Repealed, SOR/2017-14, s. 416]</Note></Heading><Section><Label>76</Label><Text><Repealed>[Repealed, SOR/2017-14, s. 416]</Repealed></Text></Section><Heading level="3"><TitleText>Portable Fire Extinguishers</TitleText><Note>[Repealed, SOR/2017-14, s. 416]</Note></Heading><Section><Label>77</Label><Text><Repealed>[Repealed, SOR/2017-14, s. 416]</Repealed></Text></Section><Heading level="3"><TitleText>Galleys</TitleText><Note>[Repealed, SOR/2017-14, s. 416]</Note></Heading><Section><Label>78</Label><Text><Repealed>[Repealed, SOR/2017-14, s. 416]</Repealed></Text></Section><Heading level="3"><TitleText>Spaces Fitted with Oil-fired Domestic Boilers or Oil-fired Domestic Heating Units</TitleText><Note>[Repealed, SOR/2017-14, s. 416]</Note></Heading><Section><Label>79</Label><Text><Repealed>[Repealed, SOR/2017-14, s. 416]</Repealed></Text></Section><Heading level="3"><TitleText>Machinery Spaces — General</TitleText><Note>[Repealed, SOR/2017-14, s. 416]</Note></Heading><Section><Label>80</Label><Text><Repealed>[Repealed, SOR/2017-14, s. 416]</Repealed></Text></Section><Heading level="3"><TitleText>Machinery Spaces — Ships Fitted with Main or Auxiliary Oil-fired Boilers</TitleText><Note>[Repealed, SOR/2017-14, s. 416]</Note></Heading><Section><Label>81</Label><Text><Repealed>[Repealed, SOR/2017-14, s. 416]</Repealed></Text></Section><Heading level="3"><TitleText>Engine Rooms in Motor Ships</TitleText><Note>[Repealed, SOR/2017-14, s. 416]</Note></Heading><Section><Label>82</Label><Text><Repealed>[Repealed, SOR/2017-14, s. 416]</Repealed></Text></Section><Section><Label>82.1</Label><Text><Repealed>[Repealed, SOR/2017-14, s. 416]</Repealed></Text></Section><Heading level="3"><TitleText>Fireman’s Outfit</TitleText><Note>[Repealed, SOR/2017-14, s. 416]</Note></Heading><Section><Label>83</Label><Text><Repealed>[Repealed, SOR/2017-14, s. 416]</Repealed></Text></Section><Heading level="3"><TitleText>Fire Axes</TitleText><Note>[Repealed, SOR/2017-14, s. 416]</Note></Heading><Section><Label>84</Label><Text><Repealed>[Repealed, SOR/2017-14, s. 416]</Repealed></Text></Section><Heading level="2"><TitleText>Class H Ships not over 45.7 m in Length</TitleText><Note>[Repealed, SOR/2017-14, s. 416]</Note></Heading><Heading level="3"><TitleText>Cargo Spaces</TitleText><Note>[Repealed, SOR/2017-14, s. 416]</Note></Heading><Section><Label>85</Label><Text><Repealed>[Repealed, SOR/2017-14, s. 416]</Repealed></Text></Section><Heading level="3"><TitleText>Pump Rooms</TitleText><Note>[Repealed, SOR/2017-14, s. 416]</Note></Heading><Section><Label>86</Label><Text><Repealed>[Repealed, SOR/2017-14, s. 416]</Repealed></Text></Section><Heading level="3"><TitleText>Lamp Rooms, Paint Lockers and Similar Compartments</TitleText><Note>[Repealed, SOR/2017-14, s. 416]</Note></Heading><Section><Label>87</Label><Text><Repealed>[Repealed, SOR/2017-14, s. 416]</Repealed></Text></Section><Heading level="3"><TitleText>Fire Hoses and Pumps</TitleText><Note>[Repealed, SOR/2017-14, s. 416]</Note></Heading><Section><Label>88</Label><Text><Repealed>[Repealed, SOR/2017-14, s. 416]</Repealed></Text></Section><Heading level="3"><TitleText>Portable Fire Extinguishers</TitleText><Note>[Repealed, SOR/2017-14, s. 416]</Note></Heading><Section><Label>89</Label><Text><Repealed>[Repealed, SOR/2017-14, s. 416]</Repealed></Text></Section><Heading level="3"><TitleText>Galleys</TitleText><Note>[Repealed, SOR/2017-14, s. 416]</Note></Heading><Section><Label>90</Label><Text><Repealed>[Repealed, SOR/2017-14, s. 416]</Repealed></Text></Section><Heading level="3"><TitleText>Spaces Fitted with Oil-fired Domestic Boilers or Oil-fired Domestic Heating Units</TitleText><Note>[Repealed, SOR/2017-14, s. 416]</Note></Heading><Section><Label>91</Label><Text><Repealed>[Repealed, SOR/2017-14, s. 416]</Repealed></Text></Section><Heading level="3"><TitleText>Machinery Space — General</TitleText><Note>[Repealed, SOR/2017-14, s. 416]</Note></Heading><Section><Label>92</Label><Text><Repealed>[Repealed, SOR/2017-14, s. 416]</Repealed></Text></Section><Heading level="3"><TitleText>Machinery Spaces — Ships Fitted with Main or Auxiliary Oil-fired Boilers</TitleText><Note>[Repealed, SOR/2017-14, s. 416]</Note></Heading><Section><Label>93</Label><Text><Repealed>[Repealed, SOR/2017-14, s. 416]</Repealed></Text></Section><Heading level="3"><TitleText>Engine Rooms in Motor Ships</TitleText><Note>[Repealed, SOR/2017-14, s. 416]</Note></Heading><Section><Label>94</Label><Text><Repealed>[Repealed, SOR/2017-14, s. 416]</Repealed></Text></Section><Section><Label>94.1</Label><Text><Repealed>[Repealed, SOR/2017-14, s. 416]</Repealed></Text></Section><Heading level="3"><TitleText>Fire Buckets and Fire Axes</TitleText><Note>[Repealed, SOR/2017-14, s. 416]</Note></Heading><Section><Label>95</Label><Text><Repealed>[Repealed, SOR/2017-14, s. 416]</Repealed></Text></Section><Heading level="1"><TitleText>Class J Ships</TitleText><Note>[Repealed, SOR/2017-14, s. 416]</Note></Heading><Section><Label>96</Label><Text><Repealed>[Repealed, SOR/2017-14, s. 416]</Repealed></Text></Section><Heading level="1"><TitleText>Class K Ships</TitleText><Note>[Repealed, SOR/2017-14, s. 416]</Note></Heading><Heading level="2"><TitleText>Cargo Spaces and Pump Rooms</TitleText><Note>[Repealed, SOR/2017-14, s. 416]</Note></Heading><Section><Label>97</Label><Text><Repealed>[Repealed, SOR/2017-14, s. 416]</Repealed></Text></Section><Heading level="2"><TitleText>Fire Hoses and Pumps</TitleText><Note>[Repealed, SOR/2017-14, s. 416]</Note></Heading><Section><Label>98</Label><Text><Repealed>[Repealed, SOR/2017-14, s. 416]</Repealed></Text></Section><Heading level="2"><TitleText>Portable Fire Extinguishers</TitleText><Note>[Repealed, SOR/2017-14, s. 416]</Note></Heading><Section><Label>99</Label><Text><Repealed>[Repealed, SOR/2017-14, s. 416]</Repealed></Text></Section><Heading level="2"><TitleText>Galleys</TitleText><Note>[Repealed, SOR/2017-14, s. 416]</Note></Heading><Section><Label>100</Label><Text><Repealed>[Repealed, SOR/2017-14, s. 416]</Repealed></Text></Section><Heading level="2"><TitleText>Machinery Spaces — Ships Fitted with Oil-fired Boilers</TitleText><Note>[Repealed, SOR/2017-14, s. 416]</Note></Heading><Section><Label>101</Label><Text><Repealed>[Repealed, SOR/2017-14, s. 416]</Repealed></Text></Section><Heading level="2"><TitleText>Machinery Spaces — Ships Fitted with Internal Combustion Engines</TitleText><Note>[Repealed, SOR/2017-14, s. 416]</Note></Heading><Section><Label>102</Label><Text><Repealed>[Repealed, SOR/2017-14, s. 416]</Repealed></Text></Section><Heading level="2"><TitleText>Fire Buckets and Fire Axes</TitleText><Note>[Repealed, SOR/2017-14, s. 416]</Note></Heading><Section><Label>103</Label><Text><Repealed>[Repealed, SOR/2017-14, s. 416]</Repealed></Text></Section><Heading level="1"><TitleText>Class L Ships</TitleText><Note>[Repealed, SOR/2017-14, s. 416]</Note></Heading><Heading level="2"><TitleText>Fire Hoses and Pumps</TitleText><Note>[Repealed, SOR/2017-14, s. 416]</Note></Heading><Section><Label>104</Label><Text><Repealed>[Repealed, SOR/2017-14, s. 416]</Repealed></Text></Section><Heading level="2"><TitleText>Portable Fire extinguishers</TitleText><Note>[Repealed, SOR/2017-14, s. 416]</Note></Heading><Section><Label>105</Label><Text><Repealed>[Repealed, SOR/2017-14, s. 416]</Repealed></Text></Section><Heading level="2"><TitleText>Galleys</TitleText><Note>[Repealed, SOR/2017-14, s. 416]</Note></Heading><Section><Label>106</Label><Text><Repealed>[Repealed, SOR/2017-14, s. 416]</Repealed></Text></Section><Heading level="2"><TitleText>Machinery Spaces — Ships Fitted with Oil-fired Boilers</TitleText><Note>[Repealed, SOR/2017-14, s. 416]</Note></Heading><Section><Label>107</Label><Text><Repealed>[Repealed, SOR/2017-14, s. 416]</Repealed></Text></Section><Heading level="2"><TitleText>Machinery Spaces — Ships Fitted with Internal Combustion Engines</TitleText><Note>[Repealed, SOR/2017-14, s. 416]</Note></Heading><Section><Label>108</Label><Text><Repealed>[Repealed, SOR/2017-14, s. 416]</Repealed></Text></Section><Heading level="2"><TitleText>Fire Buckets and Fire Axes</TitleText><Note>[Repealed, SOR/2017-14, s. 416]</Note></Heading><Section><Label>109</Label><Text><Repealed>[Repealed, SOR/2017-14, s. 416]</Repealed></Text></Section></Body><Schedule bilingual="no" spanlanguages="no"><ScheduleFormHeading><Label>SCHEDULE I</Label><OriginatingRef>(s. 13 and Sch. III)</OriginatingRef><TitleText>Fire Patrols, Fire Alarms, Fire Detection and Public Address Systems</TitleText></ScheduleFormHeading><Repealed>[Repealed, SOR/2017-14, s. 416]</Repealed></Schedule><Schedule bilingual="no" spanlanguages="no"><ScheduleFormHeading><Label>SCHEDULE II</Label><OriginatingRef>(ss. 2, 14, 62 and 76)</OriginatingRef><TitleText>Fire Pumps, Water Service Pipes, Hydrants and Hoses</TitleText></ScheduleFormHeading><Repealed>[Repealed, SOR/2017-14, s. 416]</Repealed></Schedule><Schedule bilingual="no" spanlanguages="no"><ScheduleFormHeading><Label>SCHEDULE III</Label><OriginatingRef>(ss. 15, 27, 30, 31, 31.1, 32, 46, 46.1, 51, 51.1, 57, 58, 59, 60, 62, 67, 68.1, 72, 73, 74, 76, 81, 82.1, 85, 86, 87 and 94.1)</OriginatingRef><TitleText>Fixed Installations for Smothering by Foam, Gas, Steam or Water</TitleText></ScheduleFormHeading><Repealed>[Repealed, SOR/2017-14, s. 416]</Repealed></Schedule><Schedule bilingual="no" spanlanguages="no"><ScheduleFormHeading><Label>SCHEDULE IV</Label><OriginatingRef>(ss. 11, 16, 23, 24, 25, 28, 29, 30, 31, 31.1, 39, 40, 42, 43, 44, 45, 46, 46.1, 51, 51.1, 54, 55, 63, 64, 65, 66, 67, 68, 68.1, 74, 77, 78, 79, 80, 81, 82, 82.1, 87, 89, 90, 91, 93, 94, 94.1, 96, 97, 99, 100, 101, 102, 106, 107 and 108)</OriginatingRef><TitleText>Fire Extinguishers</TitleText></ScheduleFormHeading><Repealed>[Repealed, SOR/2017-14, s. 416]</Repealed></Schedule><Schedule bilingual="no" spanlanguages="no"><ScheduleFormHeading><Label>SCHEDULE V</Label><OriginatingRef>(ss. 17, 34, 69 and 83)</OriginatingRef><TitleText>Fireman’s Outfit</TitleText></ScheduleFormHeading><Repealed>[Repealed, SOR/2017-14, s. 416]</Repealed></Schedule><Schedule bilingual="no" spanlanguages="no"><ScheduleFormHeading><Label>SCHEDULE VI</Label><OriginatingRef>(ss. 8 and 18)</OriginatingRef><TitleText>Sprinkler Systems</TitleText></ScheduleFormHeading><Repealed>[Repealed, SOR/2017-14, s. 416]</Repealed></Schedule><Schedule bilingual="no" spanlanguages="no"><ScheduleFormHeading><Label>SCHEDULE VII</Label><OriginatingRef>(s. 19)</OriginatingRef><TitleText>Precautions To Be Taken Against Fire in Small Motor Ships</TitleText></ScheduleFormHeading><Repealed>[Repealed, SOR/2017-14, s. 416]</Repealed></Schedule></Regulation>