﻿<?xml version="1.0" encoding="utf-8"?><!DOCTYPE Regulation PUBLIC "-//Justice Canada//DTD Regulation v1.2.2//EN" "Dtd/Regulations/Version_1.2.2/regulation.dtd"><Regulation gazette-part="II" regulation-type="SOR" xml:lang="en"><Identification><InstrumentNumber>C.R.C., c. 915</InstrumentNumber><ConsolidationDate><Date><YYYY>2018</YYYY><MM>07</MM><DD>06</DD></Date></ConsolidationDate><LastModifiedDate><Date><YYYY>2010</YYYY><MM>3</MM><DD>8</DD></Date></LastModifiedDate><EnablingAuthority><XRefExternal reference-type="act">HARBOUR COMMISSIONS ACT</XRefExternal></EnablingAuthority><ShortTitle>Port Alberni Harbour Small Vessel Facilities Tariff By-law</ShortTitle><LongTitle>By-Laws Respecting the Tariff of Small Vessel Facilities for the Port Alberni Harbour Commission (British Columbia)</LongTitle></Identification><Repealed>[Repealed, 1998, c. 10, s. 201, see SI/2013-107]</Repealed><Body><Heading level="1"><TitleText>Short Title</TitleText><Note>[Repealed, 1998, c. 10, s. 201, see SI/2013-107]</Note></Heading><Section><Label>1</Label><Text><Repealed>[Repealed, 1998, c. 10, s. 201, see SI/2013-107]</Repealed></Text></Section><Heading level="1"><TitleText>Interpretation</TitleText><HistoricalNote>[SOR/94-697, s. 2(F)]</HistoricalNote><Note>[Repealed, 1998, c. 10, s. 201, see SI/2013-107]</Note></Heading><Section><Label>2</Label><Text><Repealed>[Repealed, 1998, c. 10, s. 201, see SI/2013-107]</Repealed></Text></Section><Heading level="1"><TitleText>Powers of the Commission</TitleText><Note>[Repealed, 1998, c. 10, s. 201, see SI/2013-107]</Note></Heading><Section><Label>3</Label><Text><Repealed>[Repealed, 1998, c. 10, s. 201, see SI/2013-107]</Repealed></Text></Section><Heading level="1"><TitleText>Rates</TitleText><Note>[Repealed, 1998, c. 10, s. 201, see SI/2013-107]</Note></Heading><Section><Label>4</Label><Text><Repealed>[Repealed, 1998, c. 10, s. 201, see SI/2013-107]</Repealed></Text></Section><Section><Label>5</Label><Text><Repealed>[Repealed, 1998, c. 10, s. 201, see SI/2013-107]</Repealed></Text></Section><Section><Label>6</Label><Text><Repealed>[Repealed, 1998, c. 10, s. 201, see SI/2013-107]</Repealed></Text></Section><Section><Label>7</Label><Text><Repealed>[Repealed, 1998, c. 10, s. 201, see SI/2013-107]</Repealed></Text></Section><Section><Label>8</Label><Text><Repealed>[Repealed, 1998, c. 10, s. 201, see SI/2013-107]</Repealed></Text></Section><Heading level="1"><TitleText>Overall Length of Vessel</TitleText><Note>[Repealed, 1998, c. 10, s. 201, see SI/2013-107]</Note></Heading><Section><Label>9</Label><Text><Repealed>[Repealed, 1998, c. 10, s. 201, see SI/2013-107]</Repealed></Text></Section></Body><Schedule spanlanguages="no" bilingual="no"><ScheduleFormHeading><Label>SCHEDULE</Label><OriginatingRef>(Sections 2 and 4)</OriginatingRef></ScheduleFormHeading><Repealed>[Repealed, 1998, c. 10, s. 201, see SI/2013-107]</Repealed></Schedule></Regulation>