﻿<?xml version="1.0" encoding="utf-8"?><!DOCTYPE Regulation PUBLIC "-//Justice Canada//DTD Regulation v1.2.2//EN" "Dtd/Regulations/Version_1.2.2/regulation.dtd"><Regulation gazette-part="II" regulation-type="SOR" xml:lang="en"><Identification><InstrumentNumber>C.R.C., c. 571</InstrumentNumber><ConsolidationDate><Date><YYYY>2018</YYYY><MM>07</MM><DD>06</DD></Date></ConsolidationDate><LastModifiedDate><Date><YYYY>2008</YYYY><MM>11</MM><DD>28</DD></Date></LastModifiedDate><EnablingAuthority><XRefExternal reference-type="act">EXCISE ACT</XRefExternal></EnablingAuthority><ShortTitle>Excise Act Licence Fees Regulations</ShortTitle><LongTitle>Regulations Prescribing Fees for Licences Issued Under the Excise Act</LongTitle></Identification><Body><Heading level="1"><TitleText>Short Title</TitleText></Heading><Section><Label>1</Label><Text>These Regulations may be cited as the <XRefExternal reference-type="regulation">Excise Act Licence Fees Regulations</XRefExternal>.</Text></Section><Heading level="1"><TitleText>Fees</TitleText></Heading><Section><Label>2</Label><Text>Every person to whom a licence is granted under the <XRefExternal reference-type="act">Excise Act</XRefExternal> for a purpose set out in Column I of an item of the schedule shall pay the annual fee set out in Column II of that item.</Text></Section></Body><Schedule spanlanguages="no" bilingual="no"><ScheduleFormHeading><Label>SCHEDULE</Label><OriginatingRef>(Section 2)</OriginatingRef></ScheduleFormHeading><TableGroup pointsize="8" topmarginspacing="10"><table frame="topbot"><tgroup cols="3"><colspec colname="1" colwidth="49.93*" align="left" /><colspec colname="2" colwidth="316.24*" /><colspec colname="3" colwidth="87.44*" align="right" /><thead><row topdouble="yes" topmarginspacing="4"><entry morerows="1" colsep="0" rowsep="1" valign="bottom">Item</entry><entry colsep="0" rowsep="0" valign="top">Column I</entry><entry colsep="0" rowsep="0" align="left" valign="top">Column II</entry></row><row valign="bottom" topmarginspacing="6"><entry colsep="0" rowsep="1" valign="bottom">Purpose</entry><entry colsep="0" rowsep="1" align="left" valign="bottom">Annual Fee</entry></row></thead><tbody><row><entry colname="1" colsep="0" rowsep="0" valign="top">1</entry><entry colname="2" colsep="0" rowsep="0" valign="top">Bonding warehouse <LeaderRightJustified leader="dot" /></entry><entry colname="3" colsep="0" rowsep="0" align="right" valign="bottom">$ 50.00</entry></row><row><entry colname="1" colsep="0" rowsep="0" valign="top">2</entry><entry colname="2" colsep="0" rowsep="0" valign="top">Distilling by any process <LeaderRightJustified leader="dot" /></entry><entry colname="3" colsep="0" rowsep="0" align="right" valign="bottom">250.00</entry></row><row><entry colname="1" colsep="0" rowsep="0" valign="top">3</entry><entry colname="2" colsep="0" rowsep="0" valign="top">Import, manufacture, possession and use of a chemical still <LeaderRightJustified leader="dot" /></entry><entry colname="3" colsep="0" rowsep="0" align="right" valign="bottom">2.00</entry></row><row><entry colname="1" colsep="0" rowsep="0" valign="top">4</entry><entry colname="2" colsep="0" rowsep="0" valign="top">Pharmacist <LeaderRightJustified leader="dot" /></entry><entry colname="3" colsep="0" rowsep="0" align="right" valign="bottom">2.00</entry></row><row><entry colname="1" colsep="0" rowsep="0" valign="top">5</entry><entry colname="2" colsep="0" rowsep="0" valign="top">Brewing <LeaderRightJustified leader="dot" /></entry><entry colname="3" colsep="0" rowsep="0" align="right" valign="bottom">50.00</entry></row><row><entry colname="1" colsep="0" rowsep="0" valign="top">6</entry><entry colname="2" colsep="0" rowsep="0" valign="top">Manufacturing in bond <LeaderRightJustified leader="dot" /></entry><entry colname="3" colsep="0" rowsep="0" align="right" valign="bottom">50.00</entry></row><row><entry colname="1" colsep="0" rowsep="0" valign="top">7</entry><entry colname="2" colsep="0" rowsep="0" valign="top">Manufacture of tobacco or cigars <LeaderRightJustified leader="dot" /></entry><entry colname="3" colsep="0" rowsep="0" align="right" valign="bottom">50.00</entry></row><row><entry colname="1" colsep="0" rowsep="0" valign="top">8</entry><entry colname="2" colsep="0" rowsep="0" valign="top">Tobacco packer <LeaderRightJustified leader="dot" /></entry><entry colname="3" colsep="0" rowsep="0" align="right" valign="bottom">50.00</entry></row><row><entry colname="1" colsep="0" rowsep="0" valign="top">9</entry><entry colname="2" colsep="0" rowsep="0" valign="top">Manufacture of wood alcohol <LeaderRightJustified leader="dot" /></entry><entry colname="3" colsep="0" rowsep="0" align="right" valign="bottom">1.00</entry></row></tbody></tgroup></table></TableGroup></Schedule></Regulation>