﻿<?xml version="1.0" encoding="utf-8"?><!DOCTYPE Regulation PUBLIC "-//Justice Canada//DTD Regulation v1.2.2//EN" "Dtd/Regulations/Version_1.2.2/regulation.dtd"><Regulation regulation-type="SOR" xml:lang="en"><Identification><InstrumentNumber>C.R.C., c. 243</InstrumentNumber><ConsolidationDate><Date><YYYY>2018</YYYY><MM>07</MM><DD>06</DD></Date></ConsolidationDate><LastModifiedDate><Date><YYYY>2005</YYYY><MM>05</MM><DD>27</DD></Date></LastModifiedDate><EnablingAuthority><XRefExternal reference-type="act">AGRICULTURAL PRODUCTS MARKETING ACT</XRefExternal></EnablingAuthority><ShortTitle>Quebec Flue-Cured Tobacco Order</ShortTitle><LongTitle>Order Granting Authority to Regulate the Marketing in Interprovincial and Export Trade of Flue-Cured Tobacco Produced in Quebec</LongTitle></Identification><Body><Heading level="1"><TitleText>Short Title</TitleText></Heading><Section><Label>1</Label><Text>This Order may be cited as the <XRefExternal reference-type="regulation">Quebec Flue-Cured Tobacco Order</XRefExternal>.</Text></Section><Heading level="1"><TitleText>Interpretation</TitleText></Heading><Section><Label>2</Label><Text>In this Order,</Text><Definition generate-in-text="no"><Text><DefinedTermEn>Commodity Board</DefinedTermEn> means the Quebec Flue-Cured Tobacco Producers’ Board constituted under the Plan; (<DefinedTermFr>Office de commercialisation</DefinedTermFr>)</Text></Definition><Definition generate-in-text="no"><Text><DefinedTermEn>flue-cured tobacco</DefinedTermEn> means flue-cured tobacco produced in the Province of Quebec; (<DefinedTermFr>tabac jaune</DefinedTermFr>)</Text></Definition><Definition generate-in-text="no"><Text><DefinedTermEn>Plan</DefinedTermEn> means the Quebec Flue-Cured Tobacco Producers’ Plan sanctioned and declared in force by the Quebec Agricultural Marketing Board as published in the <XRefExternal reference-type="other">Quebec Official Gazette</XRefExternal> of June 21, 1958, pursuant to the <XRefExternal reference-type="act">Agricultural Marketing Act</XRefExternal> of Quebec. (<DefinedTermFr>Plan</DefinedTermFr>)</Text></Definition></Section><Heading level="1"><TitleText>Interprovincial and Export Trade</TitleText></Heading><Section><Label>3</Label><Text>The Commodity Board is authorized to regulate the marketing of flue-cured tobacco in interprovincial and export trade and for such purposes may, with respect to persons and property situated within the Province of Quebec, exercise all or any powers like the powers exercisable by it in relation to the marketing of flue-cured tobacco locally within the Province of Quebec under the heading “Obligations, powers and attributions” of the Plan, excepting the powers exercisable under paragraphs (g) and (o) in subsection “And particularly” of the said heading of the Plan.</Text></Section></Body></Regulation>