﻿<?xml version="1.0" encoding="utf-8"?><!DOCTYPE Regulation PUBLIC "-//Justice Canada//DTD Regulation v1.2.2//EN" "Dtd/Regulations/Version_1.2.2/regulation.dtd"><Regulation regulation-type="SOR" xml:lang="en"><Identification><InstrumentNumber>C.R.C., c. 689</InstrumentNumber><ConsolidationDate><Date><YYYY>2018</YYYY><MM>07</MM><DD>06</DD></Date></ConsolidationDate><LastModifiedDate><Date><YYYY>2005</YYYY><MM>7</MM><DD>11</DD></Date></LastModifiedDate><EnablingAuthority><XRefExternal reference-type="act">FINANCIAL ADMINISTRATION ACT</XRefExternal></EnablingAuthority><ShortTitle>Defence Materiel and Equipment Loaned to Contractors Order</ShortTitle><LongTitle>Order Authorizing the Loan of Defence Materiel and Equipment to Contractors</LongTitle></Identification><Body><Heading level="1"><TitleText>Short Title</TitleText></Heading><Section><Label>1</Label><Text>This Order may be cited as the <XRefExternal reference-type="regulation">Defence Materiel and Equipment Loaned to Contractors Order</XRefExternal>.</Text></Section><Heading level="1"><TitleText>Authorization</TitleText></Heading><Section><Label>2</Label><Text>The Minister of National Defence is authorized to lend, on such terms and conditions as he may deem appropriate and in the interests of defence,</Text><Paragraph><Label>(a)</Label><Text>materiel, other than prototypes, sealed samples, models and catering contractor’s equipment, to the Department of Supply and Services for the use of its contractors; and</Text></Paragraph><Paragraph><Label>(b)</Label><Text>prototypes, sealed samples, models and catering contractor’s equipment directly to contractors of the Department of Supply and Services engaged in work for national defence.</Text></Paragraph></Section></Body></Regulation>