﻿<?xml version="1.0" encoding="utf-8"?><!DOCTYPE Regulation PUBLIC "-//Justice Canada//DTD Regulation v1.2.2//EN" "Dtd/Regulations/Version_1.2.2/regulation.dtd"><Regulation regulation-type="SOR" xml:lang="en"><Identification><InstrumentNumber>C.R.C., c. 609</InstrumentNumber><ConsolidationDate><Date><YYYY>2018</YYYY><MM>07</MM><DD>06</DD></Date></ConsolidationDate><LastModifiedDate><Date><YYYY>2005</YYYY><MM>7</MM><DD>6</DD></Date></LastModifiedDate><EnablingAuthority><XRefExternal reference-type="act">EXPORT AND IMPORT PERMITS ACT</XRefExternal></EnablingAuthority><ShortTitle>Export of Consumable Stores Supplied to Vessels and Aircraft Permit</ShortTitle><LongTitle>General Export Permit No. Ex. 3</LongTitle></Identification><Body><Heading level="1"><TitleText>Short Title</TitleText></Heading><Section><Label>1</Label><Text>This Permit may be cited as the <XRefExternal reference-type="other">Export of Consumable Stores Supplied to Vessels and Aircraft Permit</XRefExternal>.</Text></Section><Heading level="1"><TitleText>Interpretation</TitleText></Heading><Section><Label>2</Label><Text>In this Permit, <DefinedTermEn>consumable stores</DefinedTermEn> includes fuel oils, lubricants, provisions and supplies required for a voyage or flight and medical and surgical supplies.</Text></Section><Heading level="1"><TitleText>General</TitleText></Heading><Section><Label>3</Label><Text>Subject to section 15 of the <XRefExternal reference-type="act">Export and Import Permits Act</XRefExternal>, any person may supply from Canada to vessels and aircraft departing from Canada usual and reasonable quantities of consumable stores where such stores are intended for use by or on the vessels and aircraft taking them on board.</Text></Section><Section><Label>4</Label><Text>Where completion and validation of a customs entry form is required with respect to any consumable stores that are exported under the authority of this Permit, that form shall be endorsed "Exported under the authority of General Export Permit No. Ex. 3" or "Exporté en vertu de la Licence générale d'exportation n<Sup>o</Sup> Ex. 3".</Text></Section></Body></Regulation>