﻿<?xml version="1.0" encoding="utf-8"?><!DOCTYPE Regulation PUBLIC "-//Justice Canada//DTD Regulation v1.2.2//EN" "Dtd/Regulations/Version_1.2.2/regulation.dtd"><Regulation gazette-part="II" regulation-type="SOR" xml:lang="en"><Identification><InstrumentNumber>C.R.C., c. 1147</InstrumentNumber><ConsolidationDate><Date><YYYY>2018</YYYY><MM>07</MM><DD>06</DD></Date></ConsolidationDate><LastModifiedDate><Date><YYYY>2011</YYYY><MM>5</MM><DD>11</DD></Date></LastModifiedDate><EnablingAuthority><XRefExternal reference-type="act">RAILWAY SAFETY ACT</XRefExternal></EnablingAuthority><ShortTitle>Chlorine Tank Car Unloading Facilities Regulations</ShortTitle><Note status="official" xml:space="default">CANADIAN TRANSPORT COMMISSION</Note><Note status="official" xml:space="default">GENERAL ORDER NO. O-35</Note><LongTitle>Regulations Respecting the Design, Location, Construction, Operation and Maintenance of Chlorine Tank Car Unloading Facilities</LongTitle></Identification><Body><Heading level="1"><TitleText>Short Title</TitleText></Heading><Section><Label>1</Label><Text>These Regulations may be cited as the <XRefExternal reference-type="regulation">Chlorine Tank Car Unloading Facilities Regulations</XRefExternal>.</Text></Section><Heading level="1"><TitleText>Interpretation</TitleText></Heading><Section><Label>2</Label><Text>In these Regulations,</Text><Definition generate-in-text="no"><Text><DefinedTermEn>chlorine</DefinedTermEn> means the chemical element Cl<Sub>2</Sub> in liquid or gaseous form and containing not more than 150 parts per million of water; (<DefinedTermFr>chlore</DefinedTermFr>)</Text></Definition><Definition generate-in-text="no"><Text><DefinedTermEn>Commission</DefinedTermEn> means the Canadian Transport Commission; (<DefinedTermFr>commission</DefinedTermFr>)</Text></Definition><Definition generate-in-text="no"><Text><DefinedTermEn>dangerous commodity</DefinedTermEn> means any substance subject to the <XRefExternal reference-type="regulation">Regulations for the Transportation of Dangerous Commodities by Rail</XRefExternal> or subject to any other regulation or order issued by the Commission to control its hazard; (<DefinedTermFr>marchandise dangereuse</DefinedTermFr>)</Text></Definition><Definition generate-in-text="no"><Text><DefinedTermEn>main track</DefinedTermEn> is a track extending through yards and between railway stations where trains are operated by timetable, train order, block signals, or some other approved method of control; (<DefinedTermFr>voie ferrée principale</DefinedTermFr>)</Text></Definition><Definition generate-in-text="no"><Text><DefinedTermEn>owning or operating company</DefinedTermEn> means the person or company owning or operating the chlorine unloading facility; (<DefinedTermFr>compagnie propriétaire ou exploitante</DefinedTermFr>)</Text></Definition><Definition generate-in-text="no"><Text><DefinedTermEn>railway right-of-way</DefinedTermEn> means any lands that are owned or leased by a railway subject to the jurisdiction of the Commission and are contiguous to that railway’s tracks; (<DefinedTermFr>emprise du chemin de fer</DefinedTermFr>)</Text></Definition><Definition generate-in-text="no"><Text><DefinedTermEn>railway station</DefinedTermEn> means any location where passenger and/or freight trains may stop in accordance with the current railway timetable; (<DefinedTermFr>gare de chemin de fer</DefinedTermFr>)</Text></Definition><Definition generate-in-text="no"><Text><DefinedTermEn>railway station-dwelling</DefinedTermEn> means a railway station building, part of which is used as a dwelling; (<DefinedTermFr>gare-habitation</DefinedTermFr>)</Text></Definition><Definition generate-in-text="no"><Text><DefinedTermEn>serving track</DefinedTermEn> means the track serving the chlorine facility and upon which the chlorine tank cars are located for unloading purposes; (<DefinedTermFr>voie de desserte</DefinedTermFr>)</Text></Definition><Definition generate-in-text="no"><Text><DefinedTermEn>shall</DefinedTermEn> is used to indicate mandatory provisions; (<DefinedTermFr>le futur</DefinedTermFr>)</Text></Definition><Definition generate-in-text="no"><Text><DefinedTermEn>should</DefinedTermEn> is used to indicate recommendatory [provisions]; (<DefinedTermFr>le conditionnel</DefinedTermFr>)</Text></Definition><Definition generate-in-text="no"><Text><DefinedTermEn>tank car</DefinedTermEn> means any vessel described as a tank car in the <XRefExternal reference-type="regulation">Regulations for the Transportation of Dangerous Commodities by Rail</XRefExternal> and is approved by the Commission for chlorine service, but does not include multi-unit tank cars such as the ICC 106A500-X tank car. (<DefinedTermFr>wagon-citerne</DefinedTermFr>)</Text></Definition></Section><Heading level="1"><TitleText>Application</TitleText></Heading><Section><Label>3</Label><Text>These Regulations apply to chlorine tank car unloading facilities located on the right-of-way owned or leased by any railway company subject to the jurisdiction of the Canadian Transport Commission.</Text></Section><Section><Label>4</Label><Text>A chlorine tank car unloading facility approved by an order of the Commission prior to July 31, 1965 shall be operated and maintained in accordance with these Regulations, but unless otherwise ordered by the Commission, it need not conform to those provisions of these Regulations pertaining to location, construction and design.</Text></Section><Section><Label>5</Label><Text>These Regulations do not apply to chlorine stationary bulk storage facilities; the erection of such facilities on the railway right-of-way is prohibited.</Text></Section><Heading level="1"><Label>PART I</Label><TitleText>Applications to the Board</TitleText></Heading><Section><Label>6</Label><Subsection><Label>(1)</Label><Text>Except as provided in subsection (2), no chlorine unloading facility or part thereof shall be constructed until the Commission has approved the proposed location by an order.</Text></Subsection><Subsection><Label>(2)</Label><Text>If the proposed facility complies in all respects with Parts II, III, IV and V, approval of the location need not be obtained before construction is undertaken, but shall be obtained before the facility is used.</Text></Subsection></Section><Section><Label>7</Label><Subsection><Label>(1)</Label><Text>Application for approval to locate a chlorine unloading facility on the railway right-of-way shall be submitted through the railway company concerned to the Secretary of the Commission.</Text></Subsection><Subsection><Label>(2)</Label><Text>Applications shall be accompanied by four copies of all drawings, prepared in compliance with the requirements of sections 8 to 13.</Text></Subsection></Section><Section><Label>8</Label><Subsection><Label>(1)</Label><Text>A plan of the chlorine facilities and of other structures on the same site shall be drawn to a minimum scale of one inch to 50 feet.</Text></Subsection><Subsection><Label>(2)</Label><Text>A plot plan showing the location of the chlorine facilities in relation to off-site structures shall be drawn to a minimum scale of one inch to 200 feet.</Text></Subsection><Subsection><Label>(3)</Label><Text>A section as described in section 11 shall be drawn to a minimum scale of one inch to 20 feet.</Text></Subsection></Section><Section><Label>9</Label><Text>All drawings shall be dated, bear an identification number and the name of the applicant, and be signed by the Chief Engineer or other official of the applicant or consulting company responsible for them.</Text></Section><Section><Label>10</Label><Text>Except as provided in paragraph 13(g), the plan shall show the location of the chlorine unloading  rack and of the tank car, when it is in position for unloading, in relation to the following buildings, structures and boundary lines:</Text><Paragraph><Label>(a)</Label><Text>within 2,000 feet, any building mentioned in paragraph 16(a);</Text></Paragraph><Paragraph><Label>(b)</Label><Text>within 1,000 feet, any building mentioned in paragraph 16(b);</Text></Paragraph><Paragraph><Label>(c)</Label><Text>within 500 feet, any building mentioned in paragraph 16(c);</Text></Paragraph><Paragraph><Label>(d)</Label><Text>within 75 feet, any building or structure mentioned in section 15;</Text></Paragraph><Paragraph><Label>(e)</Label><Text>all buildings and other structures occupying the same site as the chlorine unloading facility;</Text></Paragraph><Paragraph><Label>(f)</Label><Text>railway right-of-way boundaries;</Text></Paragraph><Paragraph><Label>(g)</Label><Text>boundary lines of the property on which the chlorine unloading facilities are located;</Text></Paragraph><Paragraph><Label>(h)</Label><Text>the nearest fire hydrant;</Text></Paragraph><Paragraph><Label>(i)</Label><Text>the gauge side of the nearest rail of the track serving the facility;</Text></Paragraph><Paragraph><Label>(j)</Label><Text>within 50 feet, the gauge side of the nearest rail of any main track or the curb line of any main road or street; and</Text></Paragraph><Paragraph><Label>(k)</Label><Text>within 20 feet, the gauge side of the nearest rail of any track other than a main track or the track serving the facility.</Text></Paragraph></Section><Section><Label>11</Label><Text>A section shall be provided to show the elevation of the unloading facilities in relation to other structures on the same site and any track within 50 feet.</Text></Section><Section><Label>12</Label><Text>In addition to the structures previously referred to in this Part, the plan shall show the location of dikes, pipelines, power lines, sewers, ditches, watercourses and other similar major structures located on the same site or immediately adjacent thereto.</Text></Section><Section><Label>13</Label><Text>The notes or legend on the drawing shall include the following information:</Text><Paragraph><Label>(a)</Label><Text>evidence that the Provincial Fire Marshal, Fire Commissioner, or local fire authority, having jurisdiction in the area adjacent to the railway right-of-way, has no objection to the proposed facilities; this evidence may take the form of a plan signature by the authority concerned, or of a letter addressed to the owning or operating company by such authority;</Text></Paragraph><Paragraph><Label>(b)</Label><Text>a statement to the effect that the proposed facilities will comply in all respects with these Regulations, unless there are exceptions, in which case, the exceptions shall be listed;</Text></Paragraph><Paragraph><Label>(c)</Label><Text>the size, type of construction and purpose of all buildings, tanks or structures located on the same site as the chlorine unloading facilities;</Text></Paragraph><Paragraph><Label>(d)</Label><Text>location of the unloading site by reference to the name of the railway company serving the site, name of the railway subdivision, the railway mileage of the location and the name of the nearest town or city;</Text></Paragraph><Paragraph><Label>(e)</Label><Text>the direction from which the prevailing winds blow;</Text></Paragraph><Paragraph><Label>(f)</Label><Text>locations of the nearest available self-contained breathing apparatus and tank car emergency repair kit; and</Text></Paragraph><Paragraph><Label>(g)</Label><Text>if there are no buildings within the restricted distance referred to in either paragraph 10(a), (b), (c) or (d), a statement to this effect shall appear in the drawing notes or legend.</Text></Paragraph></Section><Section><Label>13.1</Label><Text>Where the Commission has approved, pursuant to subsection 6(1), the proposed location of the chlorine unloading facility, a copy of each drawing referred to in subsection 7(2) shall be kept by the railway company for the life of the facility and retained for at least two years thereafter.</Text><HistoricalNote>SOR/85-468, s. 1.</HistoricalNote></Section><Heading level="1"><Label>PART II</Label><TitleText>Distances</TitleText></Heading><Section><Label>14</Label><Text>The location of a chlorine unloading site with respect to occupied buildings shall take into account the direction of the prevailing winds and where practicable it shall be located down wind from such buildings.</Text></Section><Section><Label>15</Label><Text>Except as provided in section 17, the horizontal distance between the centre point of a chlorine unloading rack or of a tank car, when it is at the unloading position, and the nearest point of any railway freight station, warehouse, storage tank or any other storage or transfer facility used for a combustible or a dangerous commodity shall not be less than 75 feet.</Text></Section><Section><Label>16</Label><Text>Except as provided in section 17, the horizontal distance between the centre point of a chlorine unloading rack or of a tank car, when it is at the unloading position, and the nearest point of any occupied building shall be in accordance with the following:</Text><Paragraph><Label>(a)</Label><Text>not less than 2,000 feet from any school, hospital, hotel, motel, church, theatre, auditorium, sports arena, multi-store shopping centre, apartment or other multi-unit residential building, office building or department store or merchandise building of more than one storey in height, or any other building or enclosure considered by the Commission to belong to this category;</Text></Paragraph><Paragraph><Label>(b)</Label><Text>not less than 1,000 feet from any single family dwelling, railway passenger station, railway station-dwelling, one storey office building, department store, merchandise building or restaurant, or other easily evacuated or low occupancy building or enclosure considered by the Commission to belong to this category; and</Text></Paragraph><Paragraph><Label>(c)</Label><Text>not less than 500 feet from any factory, railway shop or other building used primarily for manufacturing or processing or for maintenance or repair work.</Text></Paragraph></Section><Section><Label>17</Label><Text>Notwithstanding sections 15 and 16, the Commission, at its discretion, may authorize lesser distances between a chlorine unloading rack or tank car and any building, storage tank or other structure located on the same site as the chlorine facilities and used exclusively by the company or person owning or operating the chlorine facilities.</Text></Section><Section><Label>18</Label><Text>The horizontal distance between the centre point of a chlorine unloading rack or of the tank car, when it is at the unloading position, and the nearest point of the line of any adjoining property which has been or may be built upon shall not be less than 50 feet.</Text></Section><Section><Label>19</Label><Text>The horizontal distance between the track side of a chlorine unloading rack and the gauge side of the nearest rail of the track serving the facility shall not be less than prescribed in Schedule I.</Text></Section><Section><Label>20</Label><Text>The horizontal distance between the centre point of the chlorine unloading rack or of the tank car, when it is at the unloading position, and a main roadway or street or the gauge side of the nearest rail of any track other than a track serving the facility shall not be less than prescribed in the following paragraphs:</Text><Paragraph><Label>(a)</Label><Text>not less than 50 feet from a main track or from the curb line of a main roadway or street; and</Text></Paragraph><Paragraph><Label>(b)</Label><Text>not less than 20 feet from a passing track or any track other than a main track or a track serving the facility.</Text></Paragraph></Section><Heading level="1"><Label>PART III</Label><TitleText>Piping and Transfer Equipment</TitleText></Heading><Section><Label>21</Label><Subsection><Label>(1)</Label><Text>Except as provided in section 22, only steel pipe, fittings and valves shall be used. They shall not be less than 3/4 inch nominal diameter and shall comply with the standards prescribed in Tables I and II of Schedule II, or other standards recommended by The Chlorine Institute and approved by the Commission.</Text></Subsection><Subsection><Label>(2)</Label><Text>All joints exceeding a nominal diameter of 1 1/4 inches shall be welded.</Text></Subsection><Subsection><Label>(3)</Label><Text>Gaskets, joint compound and valve packing shall comply with the recommendations of The Chlorine Institute as contained in its Pamphlet No. 6, dated January 18, 1962, and amendments thereto.</Text></Subsection><Subsection><Label>(4)</Label><Text>All welding operations shall be performed by a welder approved by the provincial government concerned for the type of welding to be done.</Text></Subsection></Section><Section><Label>22</Label><Text>Notwithstanding section 21, the flexible connection between the unloading rack and the tank car shall comply with The Chlorine Institute Drawing No. 118, as shown in Schedule III, or other arrangement recommended by The Chlorine Institute and approved by the Commission.</Text></Section><Section><Label>23</Label><Text>A shut-off valve shall be installed in the discharge line near the discharge side of the flexible connection prescribed in section 22. It shall not be used for throttling purposes and shall either be fully open or fully closed. A second shut-off valve shall be installed in the discharge line near the process tank or other receiving vessel.</Text></Section><Section><Label>24</Label><Subsection><Label>(1)</Label><Text>Prior to being placed in service for the first time and prior to being returned to service after a repair, the piping system shall receive a hydrostatic and a pneumatic test as prescribed in subsections (2) and (3).</Text></Subsection><Subsection><Label>(2)</Label><Text>The piping system shall be tested at a hydrostatic pressure of 300 psig. It shall be able to withstand this test for 30 minutes without leakage or a failure of any kind.</Text></Subsection><Subsection><Label>(3)</Label><Text>After the hydrostatic test, the piping system shall be thoroughly dried and cleaned, then tested for leaks with dry air at 150 psig, as recommended by The Chlorine Institute in its Pamphlet No. 6, dated January 18, 1962, and amendments thereto.</Text></Subsection><Subsection><Label>(4)</Label><Text>A dated and signed record of the latest hydrostatic and dry air tests shall be retained on the owner’s or operating company’s file for examination by an officer of the Commission when so requested.</Text></Subsection></Section><Section><Label>25</Label><Text>An expansion chamber shall be provided between shut-off valves or other locations where liquid chlorine may become trapped. The capacity of the expansion chamber shall not be less than 20 per cent of the capacity of the pipeline it is intended to protect.</Text></Section><Section><Label>26</Label><Subsection><Label>(1)</Label><Text>If the normal tank car pressure is not adequate for unloading purposes, it may be increased by means of clean dry air by a procedure commonly known as “Air Padding” in accordance with the recommendations contained in The Chlorine Institute Pamphlet No. 4, dated May 17, 1961, and amendments thereto, and with the requirements prescribed in subsections (3) and (4).</Text></Subsection><Subsection><Label>(2)</Label><Text>Clean, dry, inert gas may be used for “Padding” if the written consent of the chlorine supplier is obtained.</Text></Subsection><Subsection><Label>(3)</Label><Text>The total pressure of air or inert gas padding plus chlorine vapour in the tank car at the maximum temperature attained during unloading shall not exceed the following:</Text><Paragraph><Label>(a)</Label><Text>125 psig, for tank cars equipped with safety valves set to discharge at 225 psig; and</Text></Paragraph><Paragraph><Label>(b)</Label><Text>200 psig, for tank cars equipped with safety valves set to discharge at 375 psig.</Text></Paragraph></Subsection><Subsection><Label>(4)</Label><Text>The air or inert gas used for padding shall be free from oil and other foreign substances and shall be dried to a dew point, measured at atmospheric pressure, of  minus 40°F or below.</Text></Subsection></Section><Section><Label>27</Label><Subsection><Label>(1)</Label><Text>Piping shall be carried on permanent supports of steel or concrete or on some other supporting system approved by the Commission.</Text></Subsection><Subsection><Label>(2)</Label><Text>Ground-based supports for pipelines more than four feet above ground shall be mounted on footings which extend below the frost line or which rest on bedrock.</Text></Subsection><Subsection><Label>(3)</Label><Text>Pipelines exposed to damage by vehicular traffic shall be protected by guard rails or curbs of concrete or metal.</Text></Subsection><Subsection><Label>(4)</Label><Text>Provision shall be made in pipelines for expansion, contraction, jarring, vibration and settling.</Text></Subsection><Subsection><Label>(5)</Label><Text>Ground-based, steel supports for pipelines more than four feet above ground should be coated or otherwise protected against fire damage by a method recommended by the National Fire Protection Association to provide the support with a fire resistance rating of not less than two hours.</Text></Subsection></Section><Section><Label>28</Label><Subsection><Label>(1)</Label><Text>Pipelines running parallel to a track shall not be closer than 10 feet to the gauge side of the nearest rail of that track and shall comply with subsection (2).</Text></Subsection><Subsection><Label>(2)</Label><Text>Except as provided in section 29, pipelines located on the railway right-of-way within 20 feet of a track shall be installed in accordance with any one of the following paragraphs:</Text><Paragraph><Label>(a)</Label><Text>pipelines may be enclosed in a reinforced concrete or steel trench fitted with a recessed removable cover flush with the ground; the trench shall be provided with a drain to prevent water from collecting;</Text></Paragraph><Paragraph><Label>(b)</Label><Text>pipelines may be carried on an overhead pipe bridge fabricated from steel or concrete and providing a minimum clearance of not less than 13 feet above ground, except that the installation of pipelines over tracks shall not be undertaken without the express approval of the Commission in writing;</Text></Paragraph><Paragraph><Label>(c)</Label><Text>that portion of a pipeline between the unloading rack and a process or similar building located on the unloading site may be enclosed by a chain link fence not less than five feet high.</Text></Paragraph></Subsection></Section><Section><Label>29</Label><Subsection><Label>(1)</Label><Text>Notwithstanding  subsection 28(2), pipelines under railway tracks shall comply with <XRefExternal reference-type="regulation">Pipe Crossings Under Railways (No. E-10) Regulations</XRefExternal>.</Text></Subsection><Subsection><Label>(2)</Label><Text>Notwithstanding subsection 28(2), pipelines under roadways on the railway right-of-way shall be enclosed in a vented encasing pipe. The top of which shall be below the frost line and in no case less than three feet below the surface of the roadway. It shall be capable of supporting all overhead traffic without deformation or a failure of any kind.</Text></Subsection></Section><Section><Label>30</Label><Text>Unloading racks shall be constructed of concrete or steel and their footings shall extend below frost line or to solid bedrock.</Text></Section><Section><Label>31</Label><Text>Vaporizers shall be designed, constructed, operated and maintained in accordance with the recommendations of The Chlorine Institute as contained in its Pamphlet No. 9, dated November 7, 1962, and amendments thereto.</Text></Section><Heading level="1"><Label>PART IV</Label><TitleText>Unloading Operations</TitleText></Heading><Section><Label>32</Label><Text>The company or person to whom the chlorine tank car is consigned for unloading shall comply with all of the requirements prescribed in this Part.</Text></Section><Section><Label>33</Label><Text>At least one unloading operator or other person trained in the handling of chlorine and familiar with its hazards, (see Schedule IV), shall be in attendance on the unloading site during the entire period that chlorine is being discharged from the tank car for the purpose of ensuring that the unloading operations are performed safely and in accordance with these Regulations.</Text></Section><Section><Label>34</Label><Text>During the entire period that the tank car is connected to the unloading pipelines it shall be protected on the connected end or ends of the unloading track by a locked derail or switch located at least one car length from the tank car.</Text></Section><Section><Label>35</Label><Subsection><Label>(1)</Label><Text>During the entire period that the tank car is connected to the unloading pipelines, it shall be protected on the connected end or ends of the unloading track by a weatherproof sign or signs, measuring 12 inches by 15 inches and reading “STOP — TANK CAR CONNECTED”. The word “STOP” shall be in letters at least four inches high and the other words in letters at least two inches high. The letters shall be white on a blue background.</Text></Subsection><Subsection><Label>(2)</Label><Text>The “STOP — TANK CAR CONNECTED” sign or signs, shall be placed on the tank car, or the unloading track in a manner that will ensure its visibility to the crew of an engine approaching the tank car on the same track.</Text></Subsection></Section><Section><Label>36</Label><Text>The tank car hand brakes shall be applied and the wheels shall be blocked at both ends of the car during the entire period that the tank car is connected to the unloading lines.</Text></Section><Section><Label>37</Label><Subsection><Label>(1)</Label><Text>Except as provided in subsection (2), the shut-off valves shall be closed and the unloading pipelines disconnected from the tank car immediately after the completion of unloading operations.</Text></Subsection><Subsection><Label>(2)</Label><Text>Pipelines need not be disconnected from the tank car if all shut-off valves on the tank car and in the discharge lines are closed, the tank car is protected as provided in sections 34 to 36 and the period during which operations are suspended does not exceed 72 hours.</Text></Subsection></Section><Section><Label>38</Label><Text>Tank cars shall not be unloaded after sundown unless the unloading rack, tank car dome and other areas of activity on the unloading site are adequately lighted by permanent flood lights, installed and otherwise in conformity with the provisions of the <XRefExternal reference-type="other">Canadian Electrical Code, Part I</XRefExternal>, Eighth Edition and amendments thereto, or in accordance with any other higher standard prescribed by the local authority. Any electrical facilities within 20 feet of the unloading rack or tank car connection shall be suitable for a corrosive atmosphere.</Text></Section><Section><Label>39</Label><Text>At least one 20 pound ABC, dry chemical fire extinguisher or its equivalent shall be located at the unloading site and be readily available to the unloading operator during unloading operations.</Text></Section><Section><Label>40</Label><Subsection><Label>(1)</Label><Text>At least one respirator of the self-contained type and approved for use in chlorine atmospheres by the United States Bureau of Mines, together with a person trained in its use, shall be available on the site on not more than 20 minutes notice.</Text></Subsection><Subsection><Label>(2)</Label><Text>At least two respirators of the absorbing canister type and approved for use in chlorine atmospheres by the United States Bureau of Mines, together with a person trained in their use, shall be readily available on the site during unloading operations.</Text></Subsection></Section><Section><Label>41</Label><Subsection><Label>(1)</Label><Text>A chlorine emergency repair kit of a type recommended by The Chlorine Institute for the repair of tank cars, together with a man qualified to use it, shall be available on the site on short notice.</Text></Subsection><Subsection><Label>(2)</Label><Text>Instruction cards, which provide information essential to the emergency handling of chlorine leaks, such as the location of respirators and the phone numbers listed hereunder, shall be posted in a conspicuous place outside near the unloading rack or inside near the unloading site telephone:</Text><Paragraph><Label>(a)</Label><Text>the phone number of at least one senior officer of the company owning or operating the unloading facility;</Text></Paragraph><Paragraph><Label>(b)</Label><Text>the phone numbers of the nearest police department, fire department and hospital;</Text></Paragraph><Paragraph><Label>(c)</Label><Text>the phone numbers of the principal public and institutional buildings within 2,000 feet of the unloading rack;</Text></Paragraph><Paragraph><Label>(d)</Label><Text>the phone number of at least one person who is available on short notice and is competent in handling chlorine leaks and similar emergencies;</Text></Paragraph><Paragraph><Label>(e)</Label><Text>the phone numbers of at least two persons who are available on short notice and are competent in the use of chlorine emergency repair kits; and</Text></Paragraph><Paragraph><Label>(f)</Label><Text>the phone number of the nearest agent or officer of the railway company serving the facility.</Text></Paragraph></Subsection><Subsection><Label>(3)</Label><Text>The owning or operating company shall have at least one person available on short notice during unloading operations who has been trained in the handling of major chlorine leaks and other similar emergencies and that person shall participate in periodic safety drills, which shall include practice in the proper use of respirators, and other safety equipment.</Text></Subsection></Section><Section><Label>42</Label><Text>The deliberate venting of chlorine to the atmosphere in quantities sufficient to cause injury to a person on the unloading site or in quantities sufficient to escape the boundaries of the unloading site is prohibited.</Text></Section><Section><Label>43</Label><Text>A weatherproof sign measuring not less than 12 inches by 12 inches and bearing the word “CHLORINE” in black letters at least four inches high on a yellow background shall be attached in a conspicuous place to the unloading rack or to a post near the rack.</Text></Section><Section><Label>44</Label><Text>The exterior of the piping system shall be painted or otherwise protected from atmospheric corrosion.</Text></Section><Section><Label>45</Label><Subsection><Label>(1)</Label><Text>All piping and other parts of the unloading system shall be inspected at least once every three months by a competent inspector for leaks and other evidence of deterioration.</Text></Subsection><Subsection><Label>(2)</Label><Text>Leaking or defective pipes, fittings, valves or other parts of the unloading system shall be repaired or replaced by a qualified person and this work shall be undertaken immediately or with the minimum of delay that is consistent with good safety practice. That portion of the system to be repaired or replaced shall be isolated from the rest of the system and purged of chlorine in a manner that will not violate section 42.</Text></Subsection></Section><Heading level="1"><Label>PART V</Label><TitleText>General</TitleText></Heading><Section><Label>46</Label><Subsection><Label>(1)</Label><Text>The unloading site shall be kept free of debris. Grass and weed growth shall not be permitted to exceed six inches in height.</Text></Subsection><Subsection><Label>(2)</Label><Text>No combustible or other dangerous commodity, except chlorine, shall be stored or handled on the unloading site unless that commodity is mentioned in the approved application or is otherwise sanctioned by the approving order.</Text></Subsection></Section><Section><Label>47</Label><Text>All chlorine unloading facilities subject to these Regulations may be inspected at any time by an officer of the Commission.</Text></Section><Section><Label>48</Label><Text>The owning or operating company shall report immediately by wire to the railway company concerned and to the Director of Operation, Canadian Transport Commission, Ottawa, Ontario, every fire, explosion, pipeline rupture, or any occurrence that results in the accidental release of chlorine from the system in quantities sufficient to escape the boundaries of the unloading site or causes injury to a person on the site to the extent that medical attention is required.</Text></Section><Section><Label>49</Label><Text>Violations of any provision of these Regulations are subject to such penalty as may be provided in the <XRefExternal reference-type="act">Railway Act</XRefExternal>.</Text></Section><Section><Label>50</Label><Text>The principal hazards associated with the unloading of tank cars of chlorine are discussed in Schedule IV.</Text></Section></Body><Schedule spanlanguages="yes" bilingual="no"><ScheduleFormHeading><Label>SCHEDULE I</Label><OriginatingRef>(s. 19)</OriginatingRef></ScheduleFormHeading><TableGroup pointsize="8" topmarginspacing="4"><Caption position="over">TABLE I</Caption><table frame="topbot"><title>Minimum Clearance Distances Measured Horizontally Between the Track Side of a Chlorine Unloading Rack and the Gauge Side of the Nearest Rail of the Track Serving the Storage Facility</title><tgroup cols="2"><colspec colname="1" colwidth="856.28*" /><colspec colname="2" colwidth="171.04*" /><thead><row topdouble="yes" topmarginspacing="4"><entry colsep="0" rowsep="1" /><entry colsep="0" rowsep="1" valign="bottom">Minimum Distance from gauge side of nearest rail</entry></row></thead><tbody><row valign="bottom"><entry colsep="0" rowsep="0">STRAIGHT TRACK</entry><entry colname="2" colsep="0" rowsep="0" /></row><row valign="bottom"><entry colsep="0" rowsep="0" valign="top"><Provision format-ref="indent-hang-on-label"><Label>(a)</Label><Text>That portion of a rack or structure more than 4 feet above the top of the rail<LeaderRightJustified leader="dot" /></Text></Provision></entry><entry colsep="0" rowsep="0">6 feet</entry></row><row valign="bottom"><entry colsep="0" rowsep="0" valign="top"><Provision format-ref="indent-hang-on-label"><Label>(b)</Label><Text>Except as provided in (c), that portion of a rack or structure 4 feet or less above the top of the rail<LeaderRightJustified leader="dot" /></Text></Provision></entry><entry colsep="0" rowsep="0">3 feet 7¾ inches<FootnoteRef idref="footnote1star_e">*</FootnoteRef></entry></row><row valign="bottom"><entry colsep="0" rowsep="0" valign="top"><Provision format-ref="indent-hang-on-label"><Label>(c)</Label><Text>Loading, unloading racks or terminals of an overall height of 4 feet or less above the top of the rail<LeaderRightJustified leader="dot" /></Text></Provision></entry><entry colsep="0" rowsep="0">6 feet</entry></row><row valign="bottom"><entry colsep="0" rowsep="0">CURVED TRACK</entry><entry colsep="0" rowsep="0" /></row><row valign="bottom"><entry namest="1" nameend="2" colsep="0" rowsep="0">All distances prescribed for straight track shall be increased by 1 inch per degree of track curvature</entry></row></tbody></tgroup></table><Footnote id="footnote1star_e" placement="table" status="official"><Label> *</Label><Text>Except in Newfoundland where the distance shall be 3 feet 10 inches.</Text></Footnote></TableGroup></Schedule><Schedule spanlanguages="yes" bilingual="no"><ScheduleFormHeading><Label>SCHEDULE II</Label><OriginatingRef>(s. 21)</OriginatingRef></ScheduleFormHeading><TableGroup pointsize="8" topmarginspacing="4"><Caption position="over">TABLE I</Caption><table frame="topbot"><title>Design and Ratings for Steel Pipe, Fittings and Valves for Gaseous or Liquid Chlorine at Pressures Up to 300 Psig and Temps. from -150°F to 300°F</title><tgroup cols="4"><colspec colname="1" colwidth="110.81*" /><colspec colname="2" colwidth="314.43*" /><colspec colname="COLSPEC2" colwidth="135.18*" /><colspec colname="4" colwidth="142.82*" /><tbody><row valign="top"><entry rowheader="yes" colsep="1" rowsep="1">SIZE</entry><entry colsep="1" rowsep="1">¾” — 1½”</entry><entry colsep="1" rowsep="1">2” — 4”</entry><entry colsep="0" rowsep="1">6” UP</entry></row><row valign="bottom"><entry rowheader="yes" colsep="1" rowsep="1" valign="top">PIPE</entry><entry colsep="1" rowsep="1"><Provision format-ref="indent-0-0" topmarginspacing="0"><Text>SCH. 80, SEAMLESS</Text><Provision format-ref="indent-0-0" topmarginspacing="0"><Text>(See Note 1)</Text></Provision></Provision></entry><entry colsep="1" rowsep="1" valign="top">SCH. 80, SEAMLESS</entry><entry colsep="0" rowsep="1" valign="top">SCH. 40, SEAMLESS</entry></row><row><entry rowheader="yes" colsep="1" rowsep="1"><Provision format-ref="indent-0-0" topmarginspacing="0"><Text>FITTINGS</Text><Provision format-ref="indent-0-0" topmarginspacing="0"><Text>(see Note 1)</Text></Provision></Provision></entry><entry colsep="1" rowsep="1"><Provision first-line-indent="0" subsequent-line-indent="8" list-item="yes"><Label>BUTT WELD</Label><Text>— SCH. 80, SEAMLESS</Text></Provision><Provision first-line-indent="0" subsequent-line-indent="8" list-item="yes"><Label>FLANGED</Label><Text>— 300# ASA, FORGINGS</Text></Provision><Provision first-line-indent="0" subsequent-line-indent="8" list-item="yes"><Label>SCREWED</Label><Text>— 2000# CWP, FORGINGS</Text></Provision><Provision first-line-indent="0" subsequent-line-indent="8" list-item="yes"><Label>SOCKET WELD</Label><Text>— 3000# CWP, FORGINGS</Text></Provision></entry><entry namest="COLSPEC2" nameend="4" colsep="0" rowsep="1"><Provision first-line-indent="0" subsequent-line-indent="7" list-item="yes"><Label>BUTT WELD</Label><Text>— SEAMLESS, THICKNESS TO MATCH PIPE</Text></Provision><Provision first-line-indent="0" subsequent-line-indent="7" list-item="yes"><Label>FLANGED</Label><Text>— 300# ASA, CASTINGS OR FORGINGS</Text></Provision></entry></row><row><entry rowheader="yes" colsep="1" rowsep="1" valign="top"><Provision format-ref="indent-0-0" topmarginspacing="0"><Text>FORGED FLANGES</Text><Provision format-ref="indent-0-0" topmarginspacing="0"><Text>(See Note 2)</Text></Provision></Provision></entry><entry colsep="1" rowsep="1" valign="bottom"><Provision first-line-indent="0" subsequent-line-indent="8" list-item="yes"><Label>RATING</Label><Text>— 300# ASA</Text></Provision><Provision first-line-indent="0" subsequent-line-indent="8" list-item="yes"><Label>TYPE</Label><Text>— SCREWED, SOCKET WELD OR WELD NECK</Text></Provision><Provision first-line-indent="0" subsequent-line-indent="8" list-item="yes"><Label>SIZES ¾”</Label><Text>— 1” ONLY</Text></Provision><Provision format-ref="indent-0-0"><Text>FORGED, 2 BOLT — OVAL FLANGE UNIONS FACED TO MANUFACTURER’S STANDARD</Text></Provision><Provision first-line-indent="0" subsequent-line-indent="8" list-item="yes"><Label>RATING</Label><Text>— 1500# CWP</Text></Provision><Provision first-line-indent="0" subsequent-line-indent="8" list-item="yes"><Label>TYPE</Label><Text>— SCREWED</Text></Provision></entry><entry namest="COLSPEC2" nameend="4" colsep="0" rowsep="1"><Provision first-line-indent="0" subsequent-line-indent="7" list-item="yes"><Label>RATING</Label><Text>— 300# ASA</Text></Provision><Provision first-line-indent="0" subsequent-line-indent="7" list-item="yes"><Label>TYPE</Label><Text>— WELD NECK</Text></Provision></entry></row><row><entry rowheader="yes" colsep="1" rowsep="1"><Provision format-ref="indent-0-0" topmarginspacing="0"><Text>VALVES</Text><Provision format-ref="indent-0-0" topmarginspacing="0"><Text>(See Note 3)</Text></Provision></Provision></entry><entry colsep="1" rowsep="1"><Provision first-line-indent="0" subsequent-line-indent="8" list-item="yes"><Label>PATTERN</Label><Text>— GLOBE OR ANGLE</Text></Provision><Provision first-line-indent="0" subsequent-line-indent="8" list-item="yes"><Label>RATING</Label><Text>— 600# ASA</Text></Provision><Provision first-line-indent="0" subsequent-line-indent="8" list-item="yes"><Label>DESIGN</Label><Text>— OS &amp; Y., FORGED BODY &amp; BONNET, BOLTED BONNET &amp; GLAND, RENEWABLE OR HARD-FACED SEAT</Text></Provision><Provision first-line-indent="0" subsequent-line-indent="8" list-item="yes"><Label>ENDS</Label><Text>— SCREWED, SOCKET WELD OR FLANGED</Text></Provision></entry><entry namest="COLSPEC2" nameend="4" colsep="0" rowsep="1"><Provision first-line-indent="0" subsequent-line-indent="7" list-item="yes"><Label>PATTERN</Label><Text>— GLOBE OR ANGLE</Text></Provision><Provision first-line-indent="0" subsequent-line-indent="7" list-item="yes"><Label>RATING</Label><Text>— 300# ASA</Text></Provision><Provision first-line-indent="0" subsequent-line-indent="7" list-item="yes"><Label>DESIGN</Label><Text>— OS &amp; Y., FORGED OR CAST BODY &amp; BONNET, BOLTED BONNET &amp; GLAND, RENEWABLE OR HARD-FACED SEAT</Text></Provision><Provision first-line-indent="0" subsequent-line-indent="7" list-item="yes"><Label>ENDS</Label><Text>— FLANGED</Text></Provision></entry></row><row><entry rowheader="yes" colsep="1" rowsep="1" valign="top">VALVES FOR CHLORINE GAS ONLY</entry><entry colsep="1" rowsep="1"><Provision first-line-indent="0" subsequent-line-indent="8" list-item="yes"><Label>PATTERN</Label><Text>— PLUG</Text></Provision><Provision first-line-indent="0" subsequent-line-indent="8" list-item="yes"><Label>RATING</Label><Text>— 300# ASA</Text></Provision><Provision first-line-indent="0" subsequent-line-indent="8" list-item="yes"><Label>DESIGN</Label><Text>— LUBRICATED NON-LIFTING PLUG</Text></Provision><Provision first-line-indent="0" subsequent-line-indent="8" list-item="yes"><Label>ENDS</Label><Text>— SCREWED OR FLANGED</Text></Provision></entry><entry namest="COLSPEC2" nameend="4" colsep="0" rowsep="1"><Provision first-line-indent="0" subsequent-line-indent="7" list-item="yes"><Label>PATTERN</Label><Text>— PLUG</Text></Provision><Provision first-line-indent="0" subsequent-line-indent="7" list-item="yes"><Label>RATING</Label><Text>— 300# ASA</Text></Provision><Provision first-line-indent="0" subsequent-line-indent="7" list-item="yes"><Label>DESIGN</Label><Text>— LUBRICATED, NON-LIFTING PLUG</Text></Provision><Provision first-line-indent="0" subsequent-line-indent="7" list-item="yes"><Label>ENDS</Label><Text>— FLANGED</Text></Provision></entry></row><row><entry rowheader="yes" colsep="1" rowsep="0">BOLTING</entry><entry namest="2" nameend="4" colsep="0" rowsep="0"><Provision format-ref="indent-0-0"><Text>DIMENSIONS PER ASA B18.2, THREADS PER ASA B1.1 (thru 1” — UNC SERIES: 1 1/8” UP — 8N SERIES)</Text></Provision><Provision first-line-indent="0" subsequent-line-indent="8" list-item="yes"><Label>BOLT STUDS</Label><Text>— THREADED FULL LENGTH</Text></Provision><Provision first-line-indent="0" subsequent-line-indent="8" list-item="yes"><Label>BOLTS</Label><Text>— HEAVY PATTERN</Text></Provision><Provision first-line-indent="0" subsequent-line-indent="8" list-item="yes"><Label>NUTS</Label><Text>— SEMI-FINISHED, HEAVY SERIES</Text></Provision></entry></row></tbody></tgroup></table></TableGroup><Provision format-ref="indent-0-0"><Text>ABBREVIATIONS — See Note 4.</Text></Provision><List subsequent-line-indent="5" first-line-indent="0"><Item><Label>NOTE 1 —</Label><Text>ALLOY STEEL TO ASTM A333 Gr. 3 MAY BE SCHEDULE 40.</Text></Item><Item><Label>NOTE 2 —</Label><Text>RAISED FACE FLANGES MAY BE USED IN GAS SERVICE. LARGE OR SMALL TONGUE AND GROOVE FACINGS AS PER ASA B 16.5 MAY BE USED IN BOTH LIQUID AND GAS SERVICE.</Text></Item><Item><Label>NOTE 3 —</Label><Text>THE DISC, SEAT AND STEM OF MANUAL VALVES SHALL BE MONEL OR HASTELLOY C, EXCEPT HARD-FACED SEATS WHICH SHALL BE COLMONOY #5 OR ITS EQUIVALENT.</Text></Item><Item><Label>NOTE 4 —</Label><Text>ABBREVIATIONS</Text><List subsequent-line-indent="8" first-line-indent="5"><Item><Label>ASA</Label><Text>— AMERICAN STANDARDS ASSOCIATION INC.</Text></Item><Item><Label>ASTM</Label><Text>— AMERICAN SOCIETY FOR TESTING MATERIALS</Text></Item><Item><Label>CWP</Label><Text>— COLD WORKING PRESSURE</Text></Item><Item><Label>SCH</Label><Text>— SCHEDULE</Text></Item><Item><Label>OS&amp;Y</Label><Text>— OUTSIDE SCREW AND YOKE</Text></Item></List></Item></List><TableGroup pointsize="8" topmarginspacing="4"><Caption position="over">TABLE II</Caption><table frame="topbot"><title>Materials of Construction for Steel Pipe and Fittings (A.S.T.M. Designations)</title><tgroup cols="6" align="left"><colspec colname="1" colwidth="71.81*" /><colspec colname="2" colwidth="125.03*" /><colspec colname="3" colwidth="89.67*" /><colspec colname="4" colwidth="83.82*" /><colspec colname="5" colwidth="64.76*" /><colspec colname="6" colwidth="63.18*" /><thead><row valign="bottom" topdouble="yes" topmarginspacing="4"><entry colsep="0" rowsep="1" valign="bottom">Temp</entry><entry colsep="0" rowsep="1" valign="bottom">Pipe<FootnoteRef idref="footnote2star_e">*</FootnoteRef> and Seamless Fittings</entry><entry colsep="0" rowsep="1" valign="bottom">Castings</entry><entry colsep="0" rowsep="1" valign="bottom">Forgings</entry><entry colsep="0" rowsep="1" valign="bottom">Studs</entry><entry colsep="0" rowsep="1" valign="bottom">Nuts</entry></row></thead><tbody><row valign="bottom"><entry rowheader="yes" colsep="0" rowsep="0">-150° to -20°F</entry><entry colsep="0" rowsep="0">A333 Gr 3</entry><entry colsep="0" rowsep="0">A352 Gr LC3</entry><entry colsep="0" rowsep="0">A350 Gr LF3</entry><entry colsep="0" rowsep="0">A320 Gr L7</entry><entry colsep="0" rowsep="0">A194 Gr 4</entry></row><row valign="bottom"><entry rowheader="yes" colsep="0" rowsep="0">-50° to -20°F</entry><entry colsep="0" rowsep="0">A333 Gr C</entry><entry colsep="0" rowsep="0">A352 Gr LCB</entry><entry colsep="0" rowsep="0">A350 Gr LFI</entry><entry colsep="0" rowsep="0">A320 Gr L7</entry><entry colsep="0" rowsep="0">A194 Gr 4</entry></row><row valign="top" topmarginspacing="8"><entry rowheader="yes" colsep="0" rowsep="0">-20° to +300°F</entry><entry colsep="0" rowsep="0"><Provision format-ref="indent-0-0" topmarginspacing="0"><Text>A53 Gr A</Text></Provision><Provision format-ref="indent-0-0" topmarginspacing="0"><Text>A106 Gr A</Text></Provision><Provision format-ref="indent-0-0" topmarginspacing="0"><Text>Fittings only</Text></Provision><Provision format-ref="indent-0-0" topmarginspacing="0"><Text>A234 Gr WPA</Text><Provision format-ref="indent-4-4" topmarginspacing="0"><Text>WPB</Text></Provision></Provision></entry><entry colsep="0" rowsep="0">A216 Gr WCB</entry><entry colsep="0" rowsep="0"><Provision format-ref="indent-0-0" topmarginspacing="0"><Text>A105 Gr I or II</Text></Provision><Provision format-ref="indent-0-0" topmarginspacing="0"><Text>A181 Gr I or II</Text></Provision></entry><entry colsep="0" rowsep="0"><Provision format-ref="indent-0-0" topmarginspacing="0"><Text>A193 Gr B7</Text></Provision><Provision format-ref="indent-0-0" topmarginspacing="0"><Text>A354 Gr BB</Text></Provision><Provision format-ref="indent-0-0" topmarginspacing="0"><Text>A354 Gr BC</Text></Provision></entry><entry colsep="0" rowsep="0"><Provision format-ref="indent-0-0" topmarginspacing="0"><Text>A194 Gr 1,2 or 2H</Text></Provision></entry></row></tbody></tgroup></table><Footnote id="footnote2star_e" placement="table" status="official"><Label>*</Label><Text>Note: Cold bent carbon steel pipe shall not be used in Chlorine service unless it is stress relieved.</Text></Footnote></TableGroup></Schedule><Schedule spanlanguages="yes" bilingual="no"><ScheduleFormHeading><Label>SCHEDULE III</Label><OriginatingRef>(s. 22)</OriginatingRef></ScheduleFormHeading><ImageGroup width="45pc"><AlternateText>Chlorine Tank Car Unloading Connections</AlternateText><Image source="CRC1147img\CRC1147_e001.jpg" /></ImageGroup></Schedule><Schedule bilingual="no" spanlanguages="no"><ScheduleFormHeading><Label>SCHEDULE IV</Label><OriginatingRef>(ss. 33 and 50)</OriginatingRef><TitleText>Chlorine Hazards</TitleText></ScheduleFormHeading><RegulationPiece><Section><Label>1</Label><Text>It is believed that compliance with the requirements prescribed in these Regulations will provide a high degree of safety in the unloading of tank cars of chlorine. Effective implementation of these requirements is most likely to be realized if the persons involved in the unloading operations have a good knowledge and understanding of the properties and hazards of chlorine.</Text></Section><Section><Label>2</Label><Text>The principal properties and hazards of chlorine are as follows:</Text><Paragraph><Label>(a)</Label><Text>chlorine is normally transported under pressure in liquid form in tank cars and cylinders. Under atmospheric conditions, such as would be obtained in the event of a leak, liquid chlorine is rapidly converted to a gas in the ratio of approximately one volume of liquid to 460 volumes of gas. For this reason a relatively small leak of liquid chlorine is capable of polluting a large volume of air;</Text></Paragraph><Paragraph><Label>(b)</Label><Text>chlorine gas is about 2 1/2 times as heavy as air. It therefore tends to accumulate in low places and is not readily diluted or dispersed unless it is subjected to strong air currents;</Text></Paragraph><Paragraph><Label>(c)</Label><Text>chlorine is not flammable, but at ordinary temperatures it will support the combustion of some combustible, organic substances such as finely divided cork. At elevated temperatures it will support the combustion of steel and for this reason may cause the rapid deterioration of steel piping or other steel equipment that is exposed to a fire;</Text></Paragraph><Paragraph><Label>(d)</Label><Text>although insulated chlorine tank cars of the ICC 105A type provide good thermal protection for the lading, they should be removed from the scene of a fire as soon as possible;</Text></Paragraph><Paragraph><Label>(e)</Label><Text>dry chlorine is compatible with a wide variety of metals including mild steel, but chlorine containing more than about 150 parts per million of water is highly corrosive to mild steel and other metals with poor resistance to dilute hydrochloric acid. It is, therefore, essential that all piping and equipment be thoroughly dried before it is placed in service and that water be prevented from entering the system by other means; chlorine leaks should not be sprayed with water;</Text></Paragraph><Paragraph><Label>(f)</Label><Text>the maximum concentration of chlorine in air that most adult persons can breathe for one hour without serious effects is four parts per million; this is about the minimum concentration that is detectable by odour;</Text></Paragraph><Paragraph><Label>(g)</Label><Text>chlorine in concentrations of about 35 parts per million is considered dangerous if breathed for periods longer than about 30 minutes, but because concentrations of chlorine above 15 parts per million are extremely irritating to the throat and respiratory tract it is unlikely that any one would intentionally expose himself for more than a few minutes to such concentrations;</Text></Paragraph><Paragraph><Label>(h)</Label><Text>even a few breaths of air which contain more than 1,000 parts per million of chlorine are likely to be fatal;</Text></Paragraph><Paragraph><Label>(i)</Label><Text>respirators of the absorbing canister type are not suitable for use in atmospheres containing more than about one per cent of chlorine by volume; self-contained breathing apparatus must be used in such atmospheres;</Text></Paragraph><Paragraph><Label>(j)</Label><Text>in addition to the respirators referred to in paragraph (i), persons repairing leaks, or who otherwise may be exposed to liquid chlorine or high concentrations of gaseous chlorine, should wear gloves and other suitable protective clothing; the action of chlorine on the skin and other body tissues is similar to that of acids and other corrosive substances; and</Text></Paragraph><Paragraph><Label>(k)</Label><Text>for additional information on this subject the reader is referred to The Chlorine Institute Inc., 342 Madison Avenue, New York City, New York 10017 or to the nearest chlorine producer.</Text></Paragraph></Section></RegulationPiece></Schedule></Regulation>