﻿<?xml version="1.0" encoding="utf-8"?><!DOCTYPE Regulation PUBLIC "-//Justice Canada//DTD Regulation v1.2.2//EN" "Dtd/Regulations/Version_1.2.2/regulation.dtd"><Regulation regulation-type="SOR" xml:lang="en"><Identification><InstrumentNumber>C.R.C., c. 1130</InstrumentNumber><ConsolidationDate><Date><YYYY>2018</YYYY><MM>07</MM><DD>06</DD></Date></ConsolidationDate><LastModifiedDate><Date><YYYY>2005</YYYY><MM>7</MM><DD>20</DD></Date></LastModifiedDate><EnablingAuthority><XRefExternal reference-type="act">CANADA NATIONAL PARKS ACT</XRefExternal></EnablingAuthority><ShortTitle>National Parks Signs Regulations</ShortTitle><LongTitle>Regulations Respecting the Erection of Signs, Canopies and Awnings in the National Parks of Canada</LongTitle></Identification><Body><Heading level="1"><TitleText>Short Title</TitleText></Heading><Section><Label>1</Label><Text>These Regulations may be cited as the <XRefExternal reference-type="regulation">National Parks Signs Regulations</XRefExternal>.</Text></Section><Heading level="1"><TitleText>Interpretation</TitleText></Heading><Section><Label>2</Label><Text>In these Regulations,</Text><Definition generate-in-text="no"><Text><DefinedTermEn>awning</DefinedTermEn> means a roof-like covering of canvas or similar fabric material or metal that projects outwards above a window or doorway of any building; (<DefinedTermFr>auvent</DefinedTermFr>)</Text></Definition><Definition generate-in-text="no"><Text><DefinedTermEn>canopy</DefinedTermEn> means a permanent roof-like structure that projects outwards at least 12 inches from the wall of any building; (<DefinedTermFr>marquise</DefinedTermFr>)</Text></Definition><Definition generate-in-text="no"><Text><DefinedTermEn>erect</DefinedTermEn> includes to install, alter and maintain; (<DefinedTermFr>ériger</DefinedTermFr>)</Text></Definition><Definition generate-in-text="no"><Text><DefinedTermEn>Minister</DefinedTermEn> means the Minister of the Environment; (<DefinedTermFr>ministre</DefinedTermFr>)</Text></Definition><Definition generate-in-text="no"><Text><DefinedTermEn>park</DefinedTermEn> means a National Park of Canada; (<DefinedTermFr>parc</DefinedTermFr>)</Text></Definition><Definition generate-in-text="no"><Text><DefinedTermEn>permit</DefinedTermEn> means a permit issued by the Superintendent pursuant to these Regulations; (<DefinedTermFr>permis</DefinedTermFr>)</Text></Definition><Definition generate-in-text="no"><Text><DefinedTermEn>sign</DefinedTermEn> means a publicly displayed notice; (<DefinedTermFr>enseigne</DefinedTermFr>)</Text></Definition><Definition generate-in-text="no"><Text><DefinedTermEn>Superintendent</DefinedTermEn> means the Superintendent of a park. (<DefinedTermFr>directeur du parc</DefinedTermFr>) </Text></Definition><HistoricalNote>SOR/90-33, ss. 1 and 3(F).</HistoricalNote></Section><Heading level="1"><TitleText>Application</TitleText></Heading><Section><Label>2.1</Label><Text>These Regulations do not apply in the Town of Banff.</Text><HistoricalNote>SOR/90-235.</HistoricalNote></Section><Heading level="1"><TitleText>Prohibition</TitleText></Heading><Section><Label>3</Label><Subsection><Label>(1)</Label><Text>Subject to subsection (2), no person shall erect any sign, canopy or awning in a park unless he is the holder of a permit to erect such sign, canopy or awning.</Text></Subsection><Subsection><Label>(2)</Label><Text>No person is required to obtain a permit to erect</Text><Paragraph><Label>(a)</Label><Text>an awning or canopy on a private dwelling;</Text></Paragraph><Paragraph><Label>(b)</Label><Text>a sign on the interior of a building except where the sign is located within one foot of the interior of any window of a building and is not in the opinion of the Superintendent a temporary sign; or</Text></Paragraph><Paragraph><Label>(c)</Label><Text>a sign that does not exceed 14 inches in height and 18 inches in length and is located within a motel, motor court or bungalow campsite if the Superintendent has given his approval in writing for the erection of such signs.</Text></Paragraph></Subsection><HistoricalNote>SOR/90-33, s. 3(F).</HistoricalNote></Section><Heading level="1"><TitleText>Application for Permits</TitleText></Heading><Section><Label>4</Label><Text>An application for a permit to erect a sign, canopy or awning may be made to the Superintendent and shall be accompanied by</Text><Paragraph><Label>(a)</Label><Text>two copies of the plans and specifications of the sign, canopy or awning to be erected showing the type, size, location, supports and such other particulars as the Superintendent requires; and</Text></Paragraph><Paragraph><Label>(b)</Label><Text>a fee of $40.</Text></Paragraph><HistoricalNote>SOR/85-575, s. 1; SOR/90-33, ss. 2 and 3(F).</HistoricalNote></Section><Section><Label>5</Label><Text>Where the Superintendent is satisfied that a sign, canopy or awning meets the requirements of these Regulations and is of a type suitable for erection in the park, he may, subject to section 6, issue a permit for the erection of the sign, canopy or awning.</Text><HistoricalNote>SOR/90-33, s. 3(F).</HistoricalNote></Section><Heading level="1"><TitleText>Sureties</TitleText></Heading><Section><Label>6</Label><Text>No permit shall be issued for the erection of a sign, canopy or awning any portion of which is to extend over a public thoroughfare, unless the applicant has entered into a bond or other undertaking satisfactory to the Minister to indemnify and save harmless Her Majesty from all claims for damages to persons or property caused by such sign, canopy or awning.</Text></Section><Heading level="1"><TitleText>Restrictions</TitleText></Heading><Section><Label>7</Label><Text>No person shall erect any sign unless</Text><Paragraph><Label>(a)</Label><Text>the letters are affixed to the natural wall surface, the splines or the sign standard;</Text></Paragraph><Paragraph><Label>(b)</Label><Text>the letters are cut out in silhouette effect;</Text></Paragraph><Paragraph><Label>(c)</Label><Text>the letters are painted on the sign standard and neon tubing is superimposed; or</Text></Paragraph><Paragraph><Label>(d)</Label><Text>the letters are formed by neon tubing or enclosed within the sign.</Text></Paragraph></Section><Section><Label>8</Label><Text>No person shall erect any sign</Text><Paragraph><Label>(a)</Label><Text>that is animated or that flashes;</Text></Paragraph><Paragraph><Label>(b)</Label><Text>that is not related to any business upon the premises where the sign is located; or</Text></Paragraph><Paragraph><Label>(c)</Label><Text>that contains a trade mark or emblem other than a trade mark or emblem that is registered or copyrighted for the business of the applicant.</Text></Paragraph></Section><Section><Label>9</Label><Text>No person shall</Text><Paragraph><Label>(a)</Label><Text>erect a sign on a fence, billboard, tree or awning;</Text></Paragraph><Paragraph><Label>(b)</Label><Text>attach or suspend a sign from any other sign except as provided in sections 12 and 13;</Text></Paragraph><Paragraph><Label>(c)</Label><Text>outline any building, canopy or other structure with neon tubing or lights;</Text></Paragraph><Paragraph><Label>(d)</Label><Text>use any fluorescent or reflecting material on any building, canopy or other structure;</Text></Paragraph><Paragraph><Label>(e)</Label><Text>erect any sign on the side edge of a canopy, except on a canopy in front of a theatre; or</Text></Paragraph><Paragraph><Label>(f)</Label><Text>erect a sign on the side wall of a building except where the building is situated on a corner lot and the side wall faces a street.</Text></Paragraph></Section><Section><Label>10</Label><Subsection><Label>(1)</Label><Text>No person shall erect outside any premises any sign</Text><Paragraph><Label>(a)</Label><Text>that projects outwards more than six feet six inches measured horizontally from the wall of any building;</Text></Paragraph><Paragraph><Label>(b)</Label><Text>that exceeds in area</Text><Subparagraph><Label>(i)</Label><Text>14 square feet where it advertises a business located on the ground floor, or</Text></Subparagraph><Subparagraph><Label>(ii)</Label><Text>eight square feet where it advertises a business located in the basement;</Text></Subparagraph></Paragraph><Paragraph><Label>(c)</Label><Text>that projects above the roof level or eaves of the building;</Text></Paragraph><Paragraph><Label>(d)</Label><Text>that advertises a business located only above the ground floor of the building, except where the business is that of a lawyer, dentist, medical doctor or other professional person; or</Text></Paragraph><Paragraph><Label>(e)</Label><Text>that projects or is suspended unless the lowest portion of the sign or its supporting structures is at least nine feet above the public thoroughfare.</Text></Paragraph></Subsection><Subsection><Label>(2)</Label><Text>No person shall erect a facia type sign outside any premises unless</Text><Paragraph><Label>(a)</Label><Text>the letters on the sign do not exceed two feet in height;</Text></Paragraph><Paragraph><Label>(b)</Label><Text>the sign is centered with respect to the width of the frontage of the building upon which it is erected; and</Text></Paragraph><Paragraph><Label>(c)</Label><Text>the length of the sign does not exceed 80 per cent of that frontage.</Text></Paragraph></Subsection></Section><Section><Label>11</Label><Subsection><Label>(1)</Label><Text>No person shall erect within one foot of the interior of a ground floor window of a building any sign the area of which exceeds the greater of</Text><Paragraph><Label>(a)</Label><Text>five square feet; or</Text></Paragraph><Paragraph><Label>(b)</Label><Text>10 per cent of the area of the window.</Text></Paragraph></Subsection><Subsection><Label>(2)</Label><Text>No person shall erect within one foot of the interior of a window above the ground floor of a building any sign the area of which exceeds 25 per cent of the glass area of the window.</Text></Subsection><Subsection><Label>(3)</Label><Text>For the purpose of this section, the area of any sign is the area enclosed by a rectangle in which the width is the distance from the top of the letters of the first line to the bottom of the letters in the lowest line and the length is the length of the longest line in the sign measured from the outer edges of the first and last letters in such line.</Text></Subsection></Section><Heading level="1"><TitleText>Residential Zones</TitleText></Heading><Section><Label>12</Label><Subsection><Label>(1)</Label><Text>Except as provided in this section, no person shall erect any signs in a Class A Residential Zone, Class B Residential Zone, or Multiple Dwelling and Institutional Zone.</Text></Subsection><Subsection><Label>(2)</Label><Text>The Superintendent may permit the following signs to be erected in a zone referred to in subsection (1):</Text><Paragraph><Label>(a)</Label><Text>a sign not exceeding 12 square feet in respect of and on the premises of a church, school or institution;</Text></Paragraph><Paragraph><Label>(b)</Label><Text>a sign not exceeding 12 inches in height by 18 inches in length in respect of and on the premises of a medical doctor, dentist or artist; or</Text></Paragraph><Paragraph><Label>(c)</Label><Text>a sign not exceeding 12 inches in height by 18 inches in length advertising accommodation and where attached or suspended from such sign, a second sign four inches in height by 18 inches in width.</Text></Paragraph></Subsection><Subsection><Label>(3)</Label><Text>Where the premises in respect of which the signs referred to in paragraph (2)(c) are displayed is on a lot adjoining the intersection of two streets, an additional set of two signs may be erected, but not more than one set of two signs shall face any one street.</Text></Subsection><Subsection><Label>(4)</Label><Text>No sign referred to in this section shall be a neon type sign.</Text></Subsection><HistoricalNote>SOR/90-33, s. 3(F).</HistoricalNote></Section><Heading level="1"><TitleText>Motels, Motor Courts and Bungalow Camps</TitleText></Heading><Section><Label>13</Label><Subsection><Label>(1)</Label><Text>Except as provided in this section, no person shall erect any signs in respect of a motel, motor court or bungalow camp.</Text></Subsection><Subsection><Label>(2)</Label><Text>The Superintendent may permit the following signs to be erected in respect of a motel, motor court or bungalow camp:</Text><Paragraph><Label>(a)</Label><Text>a sign not exceeding 14 square feet where the motel, motor court or bungalow camp is situated within a townsite;</Text></Paragraph><Paragraph><Label>(b)</Label><Text>a sign not exceeding 20 square feet where the motel, motor court or bungalow camp is situated outside a townsite;</Text></Paragraph><Paragraph><Label>(c)</Label><Text>a sign not exceeding four inches in height by 18 inches in length where attached to or suspended from a sign referred to in paragraph (a) or (b);</Text></Paragraph><Paragraph><Label>(d)</Label><Text>such signs within the site of the motel, motor court or bungalow camp not exceeding 14 inches in height by 18 inches in length as are approved in writing by the Superintendent; and</Text></Paragraph><Paragraph><Label>(e)</Label><Text>a “banjo” type sign not exceeding 30 square feet in area advertising the brand of gasoline sold, if the operator is licensed to sell gasoline.</Text></Paragraph></Subsection><Subsection><Label>(3)</Label><Text>No person shall erect more than two of the signs referred to in paragraphs (2)(a) and (b) in respect of any one motel, motor court or bungalow camp.</Text></Subsection><Subsection><Label>(4)</Label><Text>Only one of the signs referred to in paragraphs (2)(a) and (b) may be a neon type sign.</Text></Subsection><HistoricalNote>SOR/90-33, s. 3(F).</HistoricalNote></Section><Heading level="1"><TitleText>Area Set Aside for Industrial and Storage Purposes</TitleText></Heading><Section><Label>14</Label><Subsection><Label>(1)</Label><Text>Except as provided in this section, no person shall erect a sign in</Text><Paragraph><Label>(a)</Label><Text>any area shown on Plan 50361, being part of the Townsite of Banff in Banff National Park in the Province of Alberta,</Text></Paragraph><Paragraph><Label>(b)</Label><Text>any area shown on Plan 42713 or 51291, being part of the Townsite of Jasper in Jasper National Park in the Province of Alberta,</Text></Paragraph><Paragraph><Label>(c)</Label><Text>any area shown on Plan 42324 or 51591, being part of Waskesiu Townsite in Prince Albert National Park in the Province of Saskatchewan, or</Text></Paragraph><Paragraph><Label>(d)</Label><Text>in the area contained in Block “S” as shown on Plan 39730 and Lots 3 and 4 in Block LX as shown on Plan 41305, being part of Wasagaming Townsite in Riding Mountain National Park in the Province of Manitoba,</Text></Paragraph><ContinuedSectionSubsection><Text>all plans being Plans of Survey in the Canada Lands Surveys Records at Ottawa.</Text></ContinuedSectionSubsection></Subsection><Subsection><Label>(2)</Label><Text>Notwithstanding section 7 and subject to subsection (3), the Superintendent may permit facia type signs to be erected in respect of business premises in any of the areas described in subsection (1).</Text></Subsection><Subsection><Label>(3)</Label><Text>No sign erected pursuant to subsection (2) shall</Text><Paragraph><Label>(a)</Label><Text>be larger than 14 square feet in area;</Text></Paragraph><Paragraph><Label>(b)</Label><Text>have letters greater than two feet in height;</Text></Paragraph><Paragraph><Label>(c)</Label><Text>be off-centre with respect to the width of the frontage of the building upon which it is erected;</Text></Paragraph><Paragraph><Label>(d)</Label><Text>be longer than 80 per cent of the frontage of the building upon which it is erected;</Text></Paragraph><Paragraph><Label>(e)</Label><Text>be of a neon or xenon type; or</Text></Paragraph><Paragraph><Label>(f)</Label><Text>be on a frontage where a sign is already erected.</Text></Paragraph></Subsection><HistoricalNote>SOR/90-33, s. 3(F).</HistoricalNote></Section><Heading level="1"><TitleText>Service Stations and Garages</TitleText></Heading><Section><Label>15</Label><Text>Where any service station or garage is located in a building that has, in the opinion of the Superintendent, a satisfactory setback from the highway or street line, the Superintendent may issue to the owner or operator thereof a permit to erect</Text><Paragraph><Label>(a)</Label><Text>facia or canopy signs;</Text></Paragraph><Paragraph><Label>(b)</Label><Text>a standard “banjo” type sign not exceeding 30 square feet in area advertising the brand of gasoline sold; and</Text></Paragraph><Paragraph><Label>(c)</Label><Text>a sign not exceeding 12 square feet in area advertising a car or truck agency.</Text></Paragraph><HistoricalNote>SOR/90-33, s. 3(F).</HistoricalNote></Section><Section><Label>16</Label><Text>No person shall erect more than three signs advertising any business.</Text></Section><Section><Label>17</Label><Text>No person shall erect any outside sign advertising any brand of product except a brand of gasoline.</Text></Section><Section><Label>18</Label><Text>No person shall erect any sign with respect to the sale of intoxicating beverages, except a sign the erection of which is authorized by the laws of the province in which a park is situated, and that complies with the requirements of these Regulations.</Text></Section><Heading level="1"><TitleText>Canopies</TitleText></Heading><Section><Label>19</Label><Text>No person shall erect over a public thoroughfare any canopy that</Text><Paragraph><Label>(a)</Label><Text>extends horizontally beyond a line drawn perpendicularly distant to and two feet in from the line of the curb;</Text></Paragraph><Paragraph><Label>(b)</Label><Text>extends more than 10 feet over the public thoroughfare in front of a hotel or theatre, or more than six feet over the public thoroughfare in front of any other premises;</Text></Paragraph><Paragraph><Label>(c)</Label><Text>is less than nine feet above the public thoroughfare measured from the lowest portion of such canopy;</Text></Paragraph><Paragraph><Label>(d)</Label><Text>is supported on posts or by braces, brackets or supports on or extending over a public thoroughfare except where the braces, brackets or supports are above the height of the roof line of the canopy;</Text></Paragraph><Paragraph><Label>(e)</Label><Text>is constructed in such a manner that drainage from the canopy falls on any public thoroughfare; or</Text></Paragraph><Paragraph><Label>(f)</Label><Text>is not, in the opinion of the Superintendent, equipped with adequate flush type lighting.</Text></Paragraph><HistoricalNote>SOR/90-33, s. 3(F).</HistoricalNote></Section><Heading level="1"><TitleText>Awnings</TitleText></Heading><Section><Label>20</Label><Text>No person shall erect over a public thoroughfare any awning that</Text><Paragraph><Label>(a)</Label><Text>extends more than six feet over the public thoroughfare;</Text></Paragraph><Paragraph><Label>(b)</Label><Text>is less than eight feet above the public thoroughfare measured from the lowest portion of the awning including any fringe thereon;</Text></Paragraph><Paragraph><Label>(c)</Label><Text>is supported by pillars or posts or by braces, brackets or supports on or extending over such public thoroughfare except where the braces, brackets or supports are above the height of the roof line of the awning;</Text></Paragraph><Paragraph><Label>(d)</Label><Text>is constructed of aluminum or metal; or</Text></Paragraph><Paragraph><Label>(e)</Label><Text>contains any sign or advertising other than the name of the manufacturer.</Text></Paragraph></Section><Heading level="1"><TitleText>Maintenance</TitleText></Heading><Section><Label>21</Label><Subsection><Label>(1)</Label><Text>Where, in the opinion of the Superintendent, any sign, canopy or awning in a park requires painting, repairs, adjustment, alteration or maintenance or is a hazard to persons or property, the Superintendent may, by notice in writing served upon the owner of the sign, canopy or awning, or upon the owner or tenant of the premises in which the sign, canopy or awning is used, order him to paint, repair, adjust, alter or remove such sign, canopy or awning.</Text></Subsection><Subsection><Label>(2)</Label><Text>Where notice is served pursuant to subsection (1), the person upon whom the notice is served shall comply with the terms of the notice to the satisfaction of the Superintendent within one month from the date of the notice, or within such period as is specified in the notice.</Text></Subsection><HistoricalNote>SOR/90-33, s. 3(F).</HistoricalNote></Section></Body><Schedule id="NifProvs"><ScheduleFormHeading type="amending"><TitleText>AMENDMENTS NOT IN FORCE</TitleText></ScheduleFormHeading><RegulationPiece><Heading level="5" style="nifrp"><TitleText>
                    — 2014, c. 20, s. 366(3)</TitleText></Heading><Section type="amending"><MarginalNote>Replacement of “trade-mark” in regulations</MarginalNote><Label>366</Label><Subsection type="amending"><Label>(3)</Label><Text>Unless the context requires otherwise, “trade-mark”, “trade-marks”, “Trade-mark”, “Trade-marks”, “trade mark” and “trade marks”, are replaced by “trademark”, “trademarks”, “Trademark” or “Trademarks”, as the case may be, in the English version of any regulation, as defined in subsection 2(1) of the <XRefExternal reference-type="act">Statutory Instruments Act</XRefExternal>.</Text></Subsection></Section></RegulationPiece></Schedule></Regulation>