﻿<?xml version="1.0" encoding="utf-8"?><!DOCTYPE Regulation PUBLIC "-//Justice Canada//DTD Regulation v1.2.2//EN" "Dtd/Regulations/Version_1.2.2/regulation.dtd"><Regulation regulation-type="SOR" xml:lang="en"><Identification><InstrumentNumber>C.R.C., c. 646</InstrumentNumber><ConsolidationDate><Date><YYYY>2018</YYYY><MM>07</MM><DD>06</DD></Date></ConsolidationDate><LastModifiedDate><Date><YYYY>2012</YYYY><MM>6</MM><DD>25</DD></Date></LastModifiedDate><EnablingAuthority><XRefExternal reference-type="act">FARM PRODUCTS AGENCIES ACT</XRefExternal></EnablingAuthority><LongTitle>Canadian Egg Marketing Agency Proclamation</LongTitle></Identification><Order><Provision format-ref="indent-0-0" language-align="yes" list-item="no"><Text>Know You that We, by and with the advice of Our Privy Council for Canada, do by this Our Proclamation establish an agency to be known as the Canadian Egg Marketing Agency, consisting of fifteen members appointed in the manner and for the terms set out in the schedule hereto.</Text></Provision><Provision format-ref="indent-0-0" language-align="yes" list-item="no"><Text>And Know You Further that We are pleased to specify that the farm product in relation to which the Canadian Egg Marketing Agency may exercise its powers is eggs from domestic hens, and such powers may be exercised in relation to eggs produced anywhere in Canada.</Text></Provision><Provision format-ref="indent-0-0" language-align="yes" list-item="no"><Text>And Know You Further that We are pleased to specify that the manner of designation of the chairman and vice-chairman of the Canadian Egg Marketing Agency, the place within Canada where the head office of the Agency is situated and the terms of the marketing plan that the Agency is empowered to implement shall be as set forth in the schedule hereto.</Text></Provision><Provision format-ref="indent-0-0" language-align="yes" list-item="no"><Text>And Know You Further that We are pleased to specify that this Proclamation and the Schedule hereto may be cited as the <XRefExternal reference-type="regulation">Canadian Egg Marketing Agency Proclamation</XRefExternal>.</Text></Provision><HistoricalNote>SOR/96-140, s. 1; SOR/99-186, s. 1.</HistoricalNote></Order><Schedule spanlanguages="no" bilingual="no"><ScheduleFormHeading><Label>SCHEDULE</Label></ScheduleFormHeading><RegulationPiece><Section><Label>1</Label><Text>In this Schedule,</Text><Definition generate-in-text="no"><Text><DefinedTermEn>Act</DefinedTermEn> means the <XRefExternal reference-type="act">Farm Products Agencies Act</XRefExternal>; (<DefinedTermFr>Loi</DefinedTermFr>)</Text></Definition><Definition generate-in-text="no"><Text><DefinedTermEn>Agency</DefinedTermEn> means the Canadian Egg Marketing Agency established by the proclamation of which this schedule is a part; (<DefinedTermFr>Office</DefinedTermFr>)</Text></Definition><Definition generate-in-text="no"><Text><DefinedTermEn>Canadian Hatchery Federation</DefinedTermEn> means the Canadian Hatchery Federation, a body corporate established in Canada by letters patent dated August 5, 1987; (<DefinedTermFr>Fédération canadienne des couvoirs</DefinedTermFr>)</Text></Definition><Definition generate-in-text="no"><Text><DefinedTermEn>Canadian Poultry and Egg Processors Council</DefinedTermEn> means the Canadian Poultry and Egg Processors Council, a body corporate established in Canada by letters patent dated November 12, 1974; (<DefinedTermFr>Conseil canadien des transformateurs d’oeufs et de volailles</DefinedTermFr>)</Text></Definition><Definition generate-in-text="no"><Text><DefinedTermEn>Commodity Board</DefinedTermEn> means any of the following:</Text><Paragraph><Label>(a)</Label><Text>Newfoundland Egg Marketing Board,</Text></Paragraph><Paragraph><Label>(b)</Label><Text>Prince Edward Island Egg Commodity Marketing Board,</Text></Paragraph><Paragraph><Label>(c)</Label><Text>Nova Scotia Egg and Pullet Producers’ Marketing Board,</Text></Paragraph><Paragraph><Label>(d)</Label><Text>New Brunswick Egg Marketing Board,</Text></Paragraph><Paragraph><Label>(e)</Label><Text>Eggs for Consumption Producers’ Federation, Quebec,</Text></Paragraph><Paragraph><Label>(f)</Label><Text>Ontario Egg Producers,</Text></Paragraph><Paragraph><Label>(g)</Label><Text>Manitoba Egg Producers,</Text></Paragraph><Paragraph><Label>(h)</Label><Text>Saskatchewan Egg Producers,</Text></Paragraph><Paragraph><Label>(i)</Label><Text>Alberta Egg and Fowl Marketing Board,</Text></Paragraph><Paragraph><Label>(j)</Label><Text>British Columbia Egg Producers, and</Text></Paragraph><Paragraph><Label>(k)</Label><Text>Northwest Territories Egg Producers; (<DefinedTermFr>Office de commercialisation</DefinedTermFr>)</Text></Paragraph></Definition><Definition generate-in-text="no"><Text><DefinedTermEn>Consumers Association of Canada</DefinedTermEn> means the Consumers Association of Canada, a body corporate established in Canada by letters patent dated May 1, 1962; (<DefinedTermFr>Association des consommateurs du Canada</DefinedTermFr>)</Text></Definition><Definition generate-in-text="no"><Text><DefinedTermEn>Plan</DefinedTermEn> means the marketing plan the terms of which are set out in Part II of this schedule. (<DefinedTermFr>Plan</DefinedTermFr>)</Text></Definition></Section><Heading level="1"><Label>PART I</Label><TitleText>The Agency</TitleText></Heading><Section><Label>2</Label><Subsection><Label>(1)</Label><Text>The Commodity Board for a province may, at any time, appoint a person who is a resident of that province to be a member of the Agency to hold office until the end of the Agency’s annual meeting next following the appointment.</Text></Subsection><Subsection><Label>(2)</Label><Text>The Canadian Hatchery Federation may, at any time, appoint a person who is a resident of Canada and who is experienced in the business or trade of the hatching of chicks for egg production, to be a member of the Agency to hold office until the end of the Agency’s second annual meeting next following the appointment.</Text></Subsection><Subsection><Label>(3)</Label><Text>The Canadian Poultry and Egg Processors Council may, at any time, appoint a person who is a resident of Canada and who is experienced in the business or trade of the grading of table eggs, and may, at any time, appoint a person who is a resident of Canada and who is experienced in the business or trade of the processing of table eggs, to be members of the Agency, and each person so appointed shall hold office until the end of the Agency’s second annual meeting next following the appointments.</Text></Subsection><Subsection><Label>(4)</Label><Text>The Consumers Association of Canada may, at any time, appoint a person who is a resident of Canada to be a member of the Agency to hold office until the end of the Agency’s second annual meeting next following the appointment.</Text></Subsection><Subsection><Label>(5)</Label><Text>A Commodity Board or an organization referred to in subsections (2) to (5) may, at any time, appoint a person with the same qualifications for membership as are required for a member to be appointed by the Board or organization, to be a temporary substitute member to act in the place of each member appointed by it when that member is absent, is unable to act or is elected Chairperson of the Agency, to hold office as a temporary substitute member until the member in whose place the temporary substitute member is appointed to act, ceases to be a member.</Text></Subsection><Subsection><Label>(6)</Label><Text>A Commodity Board or an organization referred to in subsections (2) to (5) may, at any time, revoke the membership of a member or temporary substitute member appointed by it.</Text></Subsection></Section><Section><Label>3</Label><Text>The members of the Agency shall, at each of their annual meetings, elect from among themselves a chairperson and a vice-chairperson, and the persons so elected shall hold office until the end of the Agency’s annual meeting next following the appointments.</Text></Section><Section><Label>4</Label><Text>The head office of the Agency shall be in the National Capital Region described in the schedule to the <XRefExternal reference-type="act">National Capital Act</XRefExternal>.</Text></Section><Heading level="1"><Label>PART II</Label><TitleText>The Marketing Plan</TitleText></Heading><Section><Label>1</Label><Text>In this Part,</Text><Definition generate-in-text="no"><Text><DefinedTermEn>Board</DefinedTermEn> means any of the following:</Text><Paragraph><Label>(a)</Label><Text>The Agricultural Products Board (Newfoundland),</Text></Paragraph><Paragraph><Label>(b)</Label><Text>Prince Edward Island Marketing Board,</Text></Paragraph><Paragraph><Label>(c)</Label><Text>Nova Scotia Marketing Board,</Text></Paragraph><Paragraph><Label>(d)</Label><Text>Farm Products Marketing Commission (New Brunswick),</Text></Paragraph><Paragraph><Label>(e)</Label><Text>Quebec Agricultural Marketing Board,</Text></Paragraph><Paragraph><Label>(f)</Label><Text>The Farm Products Marketing Board (Ontario),</Text></Paragraph><Paragraph><Label>(g)</Label><Text>The Manitoba Marketing Board,</Text></Paragraph><Paragraph><Label>(h)</Label><Text>Natural Products Marketing Council of Saskatchewan,</Text></Paragraph><Paragraph><Label>(i)</Label><Text>Alberta Agricultural Products Marketing Council,</Text></Paragraph><Paragraph><Label>(j)</Label><Text>The British Columbia Marketing Board,</Text></Paragraph><Paragraph><Label>(k)</Label><Text>Northwest Territories Agricultural Products Marketing Council; (<DefinedTermFr>Régie</DefinedTermFr>)</Text></Paragraph></Definition><Definition generate-in-text="no"><Text><DefinedTermEn>marketing</DefinedTermEn>, in relation to eggs, means selling and offering for sale and buying, pricing, assembling, packing, processing, transporting, storing and reselling, whether in whole or in processed form; (<DefinedTermFr>commercialisation</DefinedTermFr>)</Text></Definition><Definition generate-in-text="no"><Text><DefinedTermEn>quota</DefinedTermEn> means the number of dozens of eggs that an egg producer is entitled to market in interprovincial or export trade through normal marketing channels, or to have marketed on his behalf by the Agency in interprovincial or export trade, during a specified period of time; (<DefinedTermFr>contingent</DefinedTermFr>)</Text></Definition><Definition generate-in-text="no"><Text><DefinedTermEn>quota system</DefinedTermEn> means a system whereby egg producers are assigned quotas by the Agency thus enabling the Agency to fix and determine the quantity, if any, in which eggs or any variety, class or grade thereof may be marketed in interprovincial or export trade by each egg producer and by all egg producers. (<DefinedTermFr>système de contingentement</DefinedTermFr>)</Text></Definition></Section><Heading level="2"><TitleText>Quota System</TitleText></Heading><Section><Label>2</Label><Subsection><Label>(1)</Label><Text>The Agency shall, by order or regulation, establish a quota system by which quotas are assigned to all members of classes of egg producers in each province to whom quotas are assigned by the appropriate Board or Commodity Board.</Text></Subsection><Subsection><Label>(2)</Label><Text>The Agency, in establishing a quota system, shall assign quotas in such manner that the number of dozens of eggs produced in a province and authorized to be marketed in interprovincial and export trade in the year 1973, when taken together with the number of dozens of eggs produced in the province and authorized to be marketed in intraprovincial trade in the same year, pursuant to quotas assigned by the appropriate Board or Commodity Board, and the number of dozens of eggs produced in the province and anticipated to be marketed in the same year, other than as authorized by a quota assigned by the Agency or by the appropriate Board or Commodity Board, will equal the number of dozens of eggs set out in section 3 of this Plan for the province.</Text></Subsection></Section><Section><Label>3</Label><Text>For the purposes of subsection 2(2) of this Plan, the number of dozens of eggs set out in this section for a province is the number of dozens set out in Column II of an item of the following table in respect of the province set out in Column I of that item, such number of dozens representing the percentage set out in Column III of that item.</Text><TableGroup pointsize="8" topmarginspacing="4"><Caption position="over">TABLE</Caption><table frame="topbot"><tgroup cols="5"><colspec colname="1" colwidth="9.45*" /><colspec colname="2" colwidth="53.84*" /><colspec colname="3" colwidth="25.82*" /><colspec colname="4" colwidth="20.26*" /><colspec colname="COLSPEC0" colwidth="19.82*" /><thead><row rowsep="1" topdouble="yes" topmarginspacing="4"><entry colname="1" colsep="0" valign="top" /><entry colname="2" colsep="0" valign="top">Column I</entry><entry colname="3" colsep="0" align="center" valign="top">Column II</entry><entry namest="4" nameend="COLSPEC0" colsep="0" align="center" valign="top">Column III</entry></row></thead><tbody><row topmarginspacing="6" height="10pt"><entry colsep="0" rowsep="0">1</entry><entry rowheader="yes" colsep="0" rowsep="0">British Columbia</entry><entry colsep="0" rowsep="0" align="right">57,250,000</entry><entry colsep="0" rowsep="0" align="right">12.055</entry><entry colsep="0" rowsep="0" align="center">per cent</entry></row><row rowsep="0"><entry colname="1" colsep="0" rowsep="0" valign="top">2</entry><entry rowheader="yes" colname="2" colsep="0" rowsep="0" valign="top">Alberta</entry><entry colname="3" colsep="0" rowsep="0" align="right" valign="top">41,344,000</entry><entry colname="4" colsep="0" rowsep="0" align="right" valign="top">8.704</entry><entry colsep="0" align="center">per cent</entry></row><row rowsep="0"><entry colname="1" colsep="0" rowsep="0" valign="top">3</entry><entry rowheader="yes" colname="2" colsep="0" rowsep="0" valign="top">Saskatchewan</entry><entry colname="3" colsep="0" rowsep="0" align="right" valign="top">22,611,000</entry><entry colname="4" colsep="0" rowsep="0" align="right" valign="top">4.760</entry><entry colsep="0" align="center">per cent</entry></row><row rowsep="0"><entry colname="1" colsep="0" rowsep="0" valign="top">4</entry><entry rowheader="yes" colname="2" colsep="0" rowsep="0" valign="top">Manitoba</entry><entry colname="3" colsep="0" rowsep="0" align="right" valign="top">54,189,000</entry><entry colname="4" colsep="0" rowsep="0" align="right" valign="top">11.408</entry><entry colsep="0" align="center">per cent</entry></row><row rowsep="0"><entry colname="1" colsep="0" rowsep="0" valign="top">5</entry><entry rowheader="yes" colname="2" colsep="0" rowsep="0" valign="top">Ontario</entry><entry colname="3" colsep="0" rowsep="0" align="right" valign="top">181,267,000</entry><entry colname="4" colsep="0" rowsep="0" align="right" valign="top">38.161</entry><entry colsep="0" align="center">per cent</entry></row><row rowsep="0"><entry colname="1" colsep="0" rowsep="0" valign="top">6</entry><entry rowheader="yes" colname="2" colsep="0" rowsep="0" valign="top">Quebec</entry><entry colname="3" colsep="0" rowsep="0" align="right" valign="top">78,647,000</entry><entry colname="4" colsep="0" rowsep="0" align="right" valign="top">16.556</entry><entry colsep="0" align="center">per cent</entry></row><row rowsep="0"><entry colname="1" colsep="0" rowsep="0" valign="top">7</entry><entry rowheader="yes" colname="2" colsep="0" rowsep="0" valign="top">New Brunswick</entry><entry colname="3" colsep="0" rowsep="0" align="right" valign="top">8,683,000</entry><entry colname="4" colsep="0" rowsep="0" align="right" valign="top">1.828</entry><entry colsep="0" align="center">per cent</entry></row><row rowsep="0"><entry colname="1" colsep="0" rowsep="0" valign="top">8</entry><entry rowheader="yes" colname="2" colsep="0" rowsep="0" valign="top">Nova Scotia</entry><entry colname="3" colsep="0" rowsep="0" align="right" valign="top">19,504,000</entry><entry colname="4" colsep="0" rowsep="0" align="right" valign="top">4.106</entry><entry colsep="0" align="center">per cent</entry></row><row rowsep="0"><entry colname="1" colsep="0" rowsep="0" valign="top">9</entry><entry rowheader="yes" colname="2" colsep="0" rowsep="0" valign="top">Prince Edward Island</entry><entry colname="3" colsep="0" rowsep="0" align="right" valign="top">3,028,000</entry><entry colname="4" colsep="0" rowsep="0" align="right" valign="top">0.637</entry><entry colsep="0" align="center">per cent</entry></row><row rowsep="0"><entry colname="1" colsep="0" rowsep="0" valign="top">10</entry><entry rowheader="yes" colname="2" colsep="0" rowsep="0" valign="top">Newfoundland</entry><entry colname="3" colsep="0" rowsep="0" align="right" valign="top">8,477,000</entry><entry colname="4" colsep="0" rowsep="0" align="right" valign="top">1.785</entry><entry colsep="0" align="center">per cent</entry></row></tbody></tgroup></table></TableGroup></Section><Section><Label>4</Label><Subsection><Label>(1)</Label><Text>No order or regulation shall be made where the effect thereof would be to increase the aggregate of</Text><Paragraph><Label>(a)</Label><Text>the number of dozens of eggs produced in a province and authorized by quotas assigned by the Agency and by the appropriate Board or Commodity Board to be marketed in intraprovincial, interprovincial and export trade, and</Text></Paragraph><Paragraph><Label>(b)</Label><Text>the number of dozens of eggs produced in a province and anticipated to be marketed in intraprovincial, interprovincial and export trade other than as authorized by quotas assigned by the Agency and by the appropriate Board or Commodity Board</Text></Paragraph><ContinuedSectionSubsection><Text>to a number that exceeds, on a yearly basis, the number of dozens of eggs set out in section 3 of this Plan for the province unless the Agency has taken into account</Text></ContinuedSectionSubsection><Paragraph><Label>(c)</Label><Text>the principle of comparative advantage of production;</Text></Paragraph><Paragraph><Label>(d)</Label><Text>any variation in the size of the market for eggs;</Text></Paragraph><Paragraph><Label>(e)</Label><Text>any failures by egg producers in any province or provinces to market the number of dozens of eggs authorized to be marketed;</Text></Paragraph><Paragraph><Label>(f)</Label><Text>the feasibility of increased production in each province to be marketed; and</Text></Paragraph><Paragraph><Label>(g)</Label><Text>comparative transportation costs to market areas from alternative sources of production.</Text></Paragraph></Subsection><Subsection><Label>(2)</Label><Text>No order or regulation shall be made where the effect thereof would be to decrease the aggregate of</Text><Paragraph><Label>(a)</Label><Text>the number of dozens of eggs produced in the Province of New Brunswick, Prince Edward Island or Newfoundland and authorized by quotas assigned by the Agency and by the appropriate Board or Commodity Board to be marketed in intraprovincial, interprovincial and export trade; and</Text></Paragraph><Paragraph><Label>(b)</Label><Text>the number of dozens of eggs produced in the Province of New Brunswick, Prince Edward Island or Newfoundland and anticipated to be marketed in intraprovincial, interprovincial and export trade other than as authorized by quotas assigned by the Agency and by the appropriate Board or Commodity Board.</Text></Paragraph></Subsection><Subsection><Label>(3)</Label><Text>No order or regulation shall be made where the effect thereof would be to decrease the aggregate of</Text><Paragraph><Label>(a)</Label><Text>the number of dozens of eggs produced in a province and authorized by quotas assigned by the Agency and by the appropriate Board or Commodity Board to be marketed in intraprovincial, interprovincial and export trade, and</Text></Paragraph><Paragraph><Label>(b)</Label><Text>the number of dozens of eggs produced in a province and anticipated to be marketed in intraprovincial, interprovincial and export trade other than as authorized by quotas assigned by the Agency and by the appropriate Board or Commodity Board,</Text></Paragraph><ContinuedSectionSubsection><Text>to a number that, on a yearly basis, is less than the number of dozens of eggs set out in section 3 of this Plan for the province unless at the same time the number of dozens of eggs produced in each of the provinces, other than the Provinces of New Brunswick, Prince Edward Island and Newfoundland, and so authorized to be marketed in intraprovincial, interprovincial and export trade is decreased proportionately.</Text></ContinuedSectionSubsection></Subsection><Subsection><Label>(4)</Label><Text>Subsection 4(3) does not apply to the Northwest Territories.</Text></Subsection><Subsection><Label>(5)</Label><Text>Pursuant to section 23 of the Act, the Agency has determined that the number of dozens of eggs produced in the Northwest Territories and authorized to be marketed in interprovincial and export trade in a twelve month period, when taken together with the number of dozens of eggs produced in the Northwest Territories and authorized to be marketed in intraprovincial trade in the same twelve month period, pursuant to quotas assigned by the appropriate Board or Commodity Board, and the number of dozens of eggs produced in the Northwest Territories and authorized to be marketed under quota exemptions in the same twelve month period, will equal 2,725,500 dozens of eggs, except for the period commencing on the day this subsection comes into force and terminating on December 31, 1999, when the number of dozens of eggs produced in the Northwest Territories and authorized to be marketed, either by quotas or by quota exemptions, shall be the product of the number of days in this period multiplied by 7,467.</Text></Subsection><Subsection><Label>(6)</Label><Text>No order or regulation shall be made where its effect would be to increase the number of dozens of eggs produced in the Northwest Territories and authorized to be marketed in a twelve month period to more than 2,725,500 dozens of eggs, unless the Agency has taken into account the criteria set out in paragraphs (1)(c) to (g).</Text></Subsection><Subsection><Label>(7)</Label><Text>No order or regulation shall be made where its effect would be to decrease the number of dozens of eggs produced in the Northwest Territories and authorized to be marketed in a twelve month period to less than 2,725,500 dozens of eggs, unless the unanimous consent of the members of the Agency has been obtained.</Text></Subsection><Subsection><Label>(8)</Label><Text>No order or regulation shall be made pursuant to subsection (1), (3) or (6) unless the Agency is satisfied that the size of the market for eggs has changed significantly.</Text></Subsection></Section><Section><Label>5</Label><Subsection><Label>(1)</Label><Text>The Agency may require each egg producer to whom a quota is assigned, as a condition of the assignment thereof, to make available to the Agency or its agent all eggs produced by him and available to be marketed in excess of the quotas assigned to him at a price not exceeding the difference, if any, between the price realized by the Agency or its agent on the marketing of such eggs and its expenses related to such marketing.</Text></Subsection><Subsection><Label>(2)</Label><Text>The Agency shall, in any province where an equivalent requirement is enforced by the appropriate Board or Commodity Board, require each egg producer to whom a quota is assigned, as a condition of the assignment thereof, to make available to the Agency or its agent all eggs to be marketed in accordance with the quota assigned to him.</Text></Subsection></Section><Section><Label>6</Label><Text>The Agency may market eggs made available to it or its agent on an individual or collective basis and may pool the receipts from the marketing thereof and deduct from the pool the expenses incurred by it or by its agent in marketing such eggs before any payment is made to the producers.</Text></Section><Section><Label>7</Label><Text>The Agency may, with the concurrence of a Commodity Board, appoint that Commodity Board to administer on its behalf any orders or regulations made by it for the purpose of establishing and implementing a quota system.</Text></Section><Section><Label>8</Label><Text>In making orders and regulations establishing and implementing a quota system, the Agency shall have regard to equivalent orders and regulations made by the appropriate Board or Commodity Board and shall, in so far as possible, make orders and regulations in such a manner as to complement those made by the Board or the Commodity Board.</Text></Section><Heading level="2"><TitleText>Licensing</TitleText></Heading><Section><Label>9</Label><Subsection><Label>(1)</Label><Text>The Agency shall, by order or regulation, establish a system for the licensing of persons who are engaged in the marketing of eggs in interprovincial or export trade and such system may provide for the payment to the Agency of fees in respect of each licence issued pursuant to the system.</Text></Subsection><Subsection><Label>(2)</Label><Text>The Agency, in establishing a licensing system pursuant to subsection (1), shall prescribe the terms and conditions to which each licence issued pursuant to the system is subject, including a condition that the person to whom the licence is issued shall at all times during the term of such licence comply with orders and regulations of the Agency.</Text></Subsection></Section><Heading level="2"><TitleText>Levies</TitleText></Heading><Section><Label>10</Label><Subsection><Label>(1)</Label><Text>The Agency may, by order or regulation, impose levies or charges on persons engaged in the production of eggs or the marketing thereof and any such order or regulation may classify such persons into groups and specify the levies or charges, if any, payable by the members of each such group and provide for the manner of collection thereof.</Text></Subsection><Subsection><Label>(2)</Label><Text>Levies imposed by any order or regulation referred to in subsection (1) shall be established at such levels as to produce in each year a return to the Agency that is an amount sufficient to defray its administrative and marketing expenses and costs as estimated by it for the year.</Text></Subsection><Subsection><Label>(3)</Label><Text>The Agency, in estimating its administrative and marketing expenses and costs for a year, shall allow for the creation of reserves, the payment of expenses and losses resulting from the sale or disposal of eggs, equalization or adjustment payments among egg producers based on moneys realized from the sale of eggs during such period or periods of time as the Agency considers appropriate and any other expenses and costs deemed essential by the Agency for the realization of its objects.</Text></Subsection><Subsection><Label>(4)</Label><Text>The Agency may, with the concurrence of a Commodity Board, appoint that Commodity Board to collect on its behalf the levies or charges imposed by any order or regulation referred to in subsection (1).</Text></Subsection></Section><Heading level="2"><TitleText>Pricing</TitleText></Heading><Section><Label>11</Label><Text>The Agency shall exercise its powers in such a manner as to preclude any person from marketing eggs in a province other than the province in which the eggs are produced at a price that is less than the aggregate of</Text><Paragraph><Label>(a)</Label><Text>the price charged at or about the same time for eggs of an equivalent variety, class or grade in the province or other geographical area in which the eggs are produced; and</Text></Paragraph><Paragraph><Label>(b)</Label><Text>any reasonable transportation charges therefor to the place where such eggs are marketed and that are incurred by the person marketing the eggs.</Text></Paragraph></Section><Heading level="2"><TitleText>General</TitleText></Heading><Section><Label>12</Label><Text>The Agency shall take all reasonable steps to promote a high degree of cooperation between itself and each Board and Commodity Board and, without limiting the generality of the foregoing, shall</Text><Paragraph><Label>(a)</Label><Text>make available to each Board or Commodity Board the records, minutes and decisions of the Agency in relation to any matter that is of concern to the particular Board or Commodity Board;</Text></Paragraph><Paragraph><Label>(b)</Label><Text>allow an officer or employee of a Board or Commodity Board who is designated by the Board or Commodity Board for such purpose to attend meetings of the Agency at which any matter that is of concern to the particular Board or Commodity Board is likely to be discussed and for such purpose shall give notice of such meetings to the officer or employee so designated; and</Text></Paragraph><Paragraph><Label>(c)</Label><Text>give notice of each order or regulation that it proposes to make to each Board or Commodity Board that is likely to be affected in its operation by the enactment of the order or regulation.</Text></Paragraph></Section><Heading level="2"><TitleText>Review of Marketing Plan</TitleText></Heading><Section><Label>13</Label><Subsection><Label>(1)</Label><Text>The Agency shall, at least once in each year and as often as a meeting is requested as provided in subsection (2), hold a meeting for the purpose of reviewing the terms of this marketing plan and of any orders and regulations made under the Act to implement the Plan with a view to determining whether or not any modifications are required in order to facilitate the carrying out by the Agency of its objects.</Text></Subsection><Subsection><Label>(2)</Label><Text>A meeting referred to in subsection (1) shall be held as soon as is reasonably convenient after receipt by the Agency of a written request for such a meeting from the Board and Commodity Board for each of at least two provinces.</Text></Subsection><HistoricalNote>SOR/81-713, s. 1; SOR/96-140, ss. 2, 3; SOR/99-186, ss. 2 to 4.</HistoricalNote></Section></RegulationPiece></Schedule></Regulation>