﻿<?xml version="1.0" encoding="utf-8"?><!DOCTYPE Regulation PUBLIC "-//Justice Canada//DTD Regulation v1.2.2//EN" "Dtd/Regulations/Version_1.2.2/regulation.dtd"><Regulation regulation-type="SOR" xml:lang="en"><Identification><InstrumentNumber>C.R.C., c. 165</InstrumentNumber><ConsolidationDate><Date><YYYY>2018</YYYY><MM>07</MM><DD>06</DD></Date></ConsolidationDate><LastModifiedDate><Date><YYYY>2005</YYYY><MM>6</MM><DD>10</DD></Date></LastModifiedDate><EnablingAuthority><XRefExternal reference-type="act">AGRICULTURAL PRODUCTS MARKETING ACT</XRefExternal></EnablingAuthority><ShortTitle>Nova Scotia Chicken Order</ShortTitle><LongTitle>Order Granting Authority to Regulate the Marketing in Interprovincial and Export Trade of Chickens Produced in Nova Scotia</LongTitle></Identification><Body><Heading level="1"><TitleText>Short Title</TitleText></Heading><Section><Label>1</Label><Text>This Order may be cited as the <XRefExternal reference-type="regulation">Nova Scotia Chicken Order</XRefExternal>.</Text></Section><Heading level="1"><TitleText>Interpretation</TitleText></Heading><Section><Label>2</Label><Text>In this Order,</Text><Definition generate-in-text="no"><Text><DefinedTermEn>Act</DefinedTermEn> means the <XRefExternal reference-type="act">Natural Products Marketing Act</XRefExternal> of Nova Scotia; (<DefinedTermFr>Loi</DefinedTermFr>)</Text></Definition><Definition generate-in-text="no"><Text><DefinedTermEn>Board</DefinedTermEn> means the Nova Scotia Marketing Board; (<DefinedTermFr>Régie</DefinedTermFr>)</Text></Definition><Definition generate-in-text="no"><Text><DefinedTermEn>chicken</DefinedTermEn> means a chicken six months of age or less raised or produced for a purpose other than for egg production; (<DefinedTermFr>poulet</DefinedTermFr>)</Text></Definition><Definition generate-in-text="no"><Text><DefinedTermEn>Commodity Board</DefinedTermEn> means the Nova Scotia Chicken Marketing Board; (<DefinedTermFr>Office de commercialisation</DefinedTermFr>)</Text></Definition><Definition generate-in-text="no"><Text><DefinedTermEn>Plan</DefinedTermEn> means any plan for the marketing of chickens established and amended from time to time pursuant to the Act. (<DefinedTermFr>Plan</DefinedTermFr>)</Text></Definition></Section><Heading level="1"><TitleText>Interprovincial and Export Trade</TitleText></Heading><Section><Label>3</Label><Text>The Commodity Board and the Board are each authorized to regulate the marketing of chickens in interprovincial and export trade and for such purposes may, by order or regulation, with respect to persons and property situated within the Province of Nova Scotia, exercise all or any powers like the powers exercisable by each of them in relation to the marketing of chickens locally within that Province under the Act and the Plan.</Text></Section><Heading level="1"><TitleText>Levies</TitleText></Heading><Section><Label>4</Label><Text>The Commodity Board is authorized,</Text><Paragraph><Label>(a)</Label><Text><Repealed>[Repealed, SOR/80-90]</Repealed></Text></Paragraph><Paragraph><Label>(b)</Label><Text>in relation to the powers granted to it by section 3 with respect to the marketing of chickens in interprovincial and export trade,</Text></Paragraph><ContinuedSectionSubsection><Text>to make orders fixing, imposing and collecting levies or charges from persons situated within the Province of Nova Scotia engaged in the production or marketing of chickens and for such purpose classifying such persons into groups and fixing the levies or charges payable by the members of the different groups in different amounts, to use such levies or charges for its purposes, including the creation of reserves, and the payment of expenses and losses resulting from the sale or disposal of chickens, and the equalization or adjustment among producers of chickens of moneys realized from the sale thereof during such period or periods of time as the Commodity Board may determine.</Text></ContinuedSectionSubsection><HistoricalNote>SOR/80-90.</HistoricalNote></Section></Body></Regulation>