﻿<?xml version="1.0" encoding="utf-8"?><!DOCTYPE Regulation PUBLIC "-//Justice Canada//DTD Regulation v1.2.2//EN" "Dtd/Regulations/Version_1.2.2/regulation.dtd"><Regulation regulation-type="SOR" xml:lang="en"><Identification><InstrumentNumber>C.R.C., c. 755</InstrumentNumber><ConsolidationDate><Date><YYYY>2018</YYYY><MM>07</MM><DD>06</DD></Date></ConsolidationDate><LastModifiedDate><Date><YYYY>2005</YYYY><MM>7</MM><DD>11</DD></Date></LastModifiedDate><EnablingAuthority><XRefExternal reference-type="act">FINANCIAL ADMINISTRATION ACT</XRefExternal></EnablingAuthority><ShortTitle>Defence Production and Development Sharing Remission Order</ShortTitle><LongTitle>Order Respecting the Remission and Refund of Taxes Imposed under the Excise Tax Act, Other than the Tax under Part IX, in Respect of the Canada-United States Defence Production and Development Sharing Program</LongTitle></Identification><Body><Heading level="1"><TitleText>Short Title</TitleText></Heading><Section><Label>1</Label><Text>This Order may be cited as the <XRefExternal reference-type="regulation">Defence Production and Development Sharing Remission Order</XRefExternal>.</Text></Section><Heading level="1"><TitleText>Remission</TitleText></Heading><Section><Label>2</Label><Text>Subject to sections 3 and 4, remission is hereby granted of the taxes paid or payable under the <XRefExternal reference-type="act">Excise Tax Act</XRefExternal>, other than the tax under Part IX, on articles and materials that</Text><Paragraph><Label>(a)</Label><Text>are imported into or purchased in Canada by persons carrying on business in Canada who have been awarded contracts under defence production and development sharing arrangements between the Government of Canada and the Government of the United States; and</Text></Paragraph><Paragraph><Label>(b)</Label><Text>have been or are to be used solely and exclusively in the development and production of goods or incorporated into goods that have been or are to be delivered to an agency of the Government of the United States in connection with a defence production and development sharing contract.</Text></Paragraph><HistoricalNote>SI/88-18, s. 2(E); SI/98-11, s. 2.</HistoricalNote></Section><Section><Label>3</Label><Text>A person claiming a remission under this Order shall produce, together with the customs accounting document or refund claim for the articles or materials referred to in section 2,</Text><Paragraph><Label>(a)</Label><Text>verification by the Canadian Commercial Corporation that he has been awarded a contract referred to in paragraph 2(a); and</Text></Paragraph><Paragraph><Label>(b)</Label><Text>a certificate by the importer of the articles and materials, in such form as the Deputy Minister of National Revenue may prescribe, certifying that the articles and materials have been or are to be used for the purposes described in paragraph 2(b).</Text></Paragraph><HistoricalNote>SI/88-18, s. 2; SI/98-11, s. 3.</HistoricalNote></Section><Section><Label>4</Label><Text>The Minister of National Revenue may give such instructions and directions as he deems necessary for the purpose of carrying out the provisions of this Order.</Text></Section></Body></Regulation>